hot_inlet_temperature_k,cold_inlet_mass_flow_kg_s,hot_outlet_temperature_k,cold_outlet_temperature_k,hx_1_heat_load_kw,hot_outlet_pressure_pa,cold_outlet_pressure_pa,hot_outlet_mass_flow_kg_s,cold_outlet_mass_flow_kg_s,hx_1_logarithmic_mean_temperature_difference_lmtd_k,hot_inlet_temperature_k_noisy,cold_inlet_mass_flow_kg_s_noisy,hot_outlet_temperature_k_noisy,cold_outlet_temperature_k_noisy,hx_1_heat_load_kw_noisy,hot_outlet_pressure_pa_noisy,cold_outlet_pressure_pa_noisy,hot_outlet_mass_flow_kg_s_noisy,cold_outlet_mass_flow_kg_s_noisy,hx_1_logarithmic_mean_temperature_difference_lmtd_k_noisy
373.15,0.5,378.649,2011.51,61.3959,500000,100000,1,0.5,61.3959,382.417444309807,0.4830376317378194,391.8368239392793,1613.1159681532563,57.050382172536295,502455.1536419764,100394.18879834068,1.0160076203919732,0.5166000269288452,67.29539866538349
373.15,1.63636,376.342,2011.51,71.136,500000,100000,1,1.63636,71.136,375.2195382175118,1.7572641191210252,428.09576368980254,2058.179815810692,73.03589489659336,477750.7468583226,97659.12448089127,1.078335299852023,1.5997627936411665,72.57310027512047
373.15,2.77273,375.879,2011.51,73.088,500000,100000,1,2.77273,73.088,379.19659665898337,2.527080445611741,298.0252851173378,1857.0663392923464,101.7976478089472,459110.9677164134,107175.60295651946,0.8950961653255233,2.8312068805667536,88.79677838328696
373.15,3.86364,375.687,2011.51,73.8998,500000,100000,1,3.86364,73.8998,324.27210572044555,4.0409362959864605,359.7109724737919,2149.6752750996707,53.01289347787257,468888.29730506334,95766.77934439424,1.0364984224178508,3.581544153795263,74.92915326587813
373.15,5.0,375.574,2011.51,74.3736,500000,100000,1,5.0,74.3736,368.7731905590532,4.854208570686011,402.224769401184,1976.7317091749912,69.9105631394951,544312.3737891999,98776.70984648264,1.138195694143281,5.441208716556111,83.74009019177001
375.17,0.5,378.441,2011.51,62.2757,500000,100000,1,0.5,62.2757,348.6197679352473,0.5351411899376991,306.1745587999237,2114.5646969784234,63.9868348922524,493173.0837766418,100460.54961341084,0.9420176642306088,0.4675007038411576,48.749683260023374
375.17,1.63636,376.128,2011.51,72.0379,500000,100000,1,1.63636,72.0379,416.2596618567565,1.6259528008013244,429.428235039729,2097.7667446069863,82.31063116373726,508335.24355477776,98299.9687654826,0.9508756826516056,1.7310687015421091,66.91723141838251
375.17,2.77273,375.665,2011.51,73.9927,500000,100000,1,2.77273,73.9927,379.86887013321314,2.777472017747963,358.9490268694841,2009.094531192263,72.85506570386988,511356.76919131074,90129.9036587593,0.9650894876481624,2.7409584288404023,78.99421880461448
375.17,3.86364,375.472,2011.51,74.8055,500000,100000,1,3.86364,74.8055,380.3603043592322,3.735920210392724,384.09236391172607,2025.0485293375327,72.19785842314916,539959.4190131503,92924.4186568171,0.9429522432337754,3.805112881178709,69.87956761069248
375.17,5.0,375.36,2011.51,75.2798,500000,100000,1,5.0,75.2798,353.7295916681443,5.07675076500134,356.153058823922,2062.8845487269564,78.72251750572141,520530.48337539606,99679.39850691496,1.0083080440845895,4.905433685139878,83.64802713438782
377.19,0.5,378.234,2011.51,63.1484,500000,100000,1,0.5,63.1484,383.93769072248847,0.5072933181344578,363.5919085144816,1477.0972541088242,65.5272514737243,504516.1132749079,98529.27601431785,1.0180509643975302,0.4909827086610093,77.45956534818552
377.19,1.63636,375.915,2011.51,72.935,500000,100000,1,1.63636,72.935,397.727063783506,1.712018888683497,383.5932496768916,1957.4580216094507,75.79820381778342,506151.0580829287,100080.05722119332,1.0106465616293157,1.7443784551829495,74.3836537827897
377.19,2.77273,375.451,2011.51,74.8932,500000,100000,1,2.77273,74.8932,353.4103590632182,2.6953523583475,375.2478308993306,1703.2701503668009,56.81104597801139,516044.27712164895,93754.72429564358,1.0708608999802371,2.4325787275594903,73.45004537410125
377.19,3.86364,375.258,2011.51,75.7073,500000,100000,1,3.86364,75.7073,358.6792375955612,3.716705642445023,360.8244465899213,2074.266109053553,67.62292064110528,501646.6182208924,95975.08061898033,1.0692154335004949,3.5411523017983253,69.58473955773631
377.19,5.0,375.146,2011.51,76.1824,500000,100000,1,5.0,76.1824,389.0644851442584,5.111439962804282,410.3858296034194,1746.1107229940694,81.48951129438039,493271.5665107501,93757.0698651118,1.0394316684075589,4.923023303581171,77.08186578213
379.211,0.5,378.029,2011.51,64.0117,500000,100000,1,0.5,64.0117,363.4927986456616,0.5476872668138317,391.0093949962833,1988.5121850931148,64.31408288031233,480662.223774981,91057.45370899235,1.0645965523201528,0.5112793668853755,69.77813865431072
379.211,1.63636,375.707,2011.51,73.8148,500000,100000,1,1.63636,73.8148,356.1893160978076,1.5288348228852964,396.1803710503165,1961.444859858031,68.95011070610241,460934.3028119503,100545.71808565402,0.8577820252637266,1.8207267875512068,73.67409064168976
379.211,2.77273,375.242,2011.51,75.7754,500000,100000,1,2.77273,75.7754,385.1059784428992,2.792293619922525,346.50281304352336,2022.823485675776,77.85943610024462,504930.0089926779,107532.17377003928,1.0683246792856405,2.6911242622568645,78.6468581914425
379.211,3.86364,375.049,2011.51,76.5905,500000,100000,1,3.86364,76.5905,420.03652364477074,3.891343450371677,363.23257082834425,2138.282641609809,74.61772137707244,443568.2500294022,101043.684301501,1.0382461871044597,3.873174445960805,71.69369262564544
379.211,5.0,374.936,2011.51,77.0661,500000,100000,1,5.0,77.0661,402.6806780739884,4.5325670845112525,401.95865878177744,2232.969395724091,65.44862048618891,551125.0227770355,104822.44116010625,0.9403808590420478,4.9628301730377045,77.72629934135217
381.231,0.5,377.827,2011.51,64.866,500000,100000,1,0.5,64.866,350.83873746050824,0.4984174194304666,357.6411382759835,2191.102262718549,52.24876524345423,484326.5470613847,102356.568809885,1.003776204409866,0.51990765845388,59.704779582793606
381.231,1.63636,375.5,2011.51,74.6863,500000,100000,1,1.63636,74.6863,407.3192388654807,1.6778348303901127,463.3228014543856,1760.3350942024151,96.72104524915092,531207.9610838938,98932.2523607156,0.9403161559449392,1.5198629315507364,69.2935708447568
381.231,2.77273,375.035,2011.51,76.6495,500000,100000,1,2.77273,76.6495,380.03623925337257,2.8358992928504976,391.93401451712697,1931.275340460914,83.07712908060707,487187.9337110951,99664.28061347172,0.936286886196292,2.6382858567673155,83.40957700092409
381.231,3.86364,374.841,2011.51,77.4656,500000,100000,1,3.86364,77.4656,412.5866343192904,3.933764235980534,402.4093751487658,1929.7991937725023,76.48105973909685,470050.6342546986,99958.44318873472,0.9981421456661056,3.875555909119756,72.25990280292838
381.231,5.0,374.728,2011.51,77.9417,500000,100000,1,5.0,77.9417,354.87269378823675,5.03387284307919,332.1255224618652,2059.573936110792,82.41676443633965,491129.7222299052,92830.06607400764,1.091030671262085,5.069464179427594,65.00379417579215
383.251,0.5,377.627,2011.51,65.7115,500000,100000,1,0.5,65.7115,400.9989235634524,0.538533028620033,336.11640649518296,1951.0222090862896,56.66626639611001,522202.68930765474,86344.1428333099,0.9974136728257712,0.4653987677982189,60.22806329619995
383.251,1.63636,375.296,2011.51,75.5497,500000,100000,1,1.63636,75.5497,348.6648565019111,1.6293103889667877,325.1132123880144,1586.154010973563,81.1964364699361,469640.346214526,94046.58820840734,1.0028263759588008,1.5559924673837118,68.73251486716588
383.251,2.77273,374.83,2011.51,77.5156,500000,100000,1,2.77273,77.5156,384.9102811319388,2.677163830653117,372.5484706091586,2416.123448788374,76.38800606245006,473081.5245079167,92329.31168375725,0.9909607748584816,2.8420333381337253,86.18891444682136
383.251,3.86364,374.636,2011.51,78.3327,500000,100000,1,3.86364,78.3327,399.1445259197076,3.648616050804459,333.7131498680825,2098.856993406126,76.30945312489875,525632.901575444,103504.0004660057,0.9954232115246628,4.125374486045213,71.83524209616469
383.251,5.0,374.523,2011.51,78.8094,500000,100000,1,5.0,78.8094,390.4810395629966,5.089712018169729,378.6179185145989,1847.368940409242,77.58085894148772,532559.6691571828,103954.06791605472,1.05545140261753,4.827711933359481,78.45416451050056
385.271,0.5,377.429,2011.51,66.5485,500000,100000,1,0.5,66.5485,399.8532880661786,0.5297201560298289,320.4806750186403,1821.7821461958235,88.17751170836783,503448.9705317925,94805.78454782622,1.002258899175711,0.4847824327649929,75.04033640509289
385.271,1.63636,375.093,2011.51,76.405,500000,100000,1,1.63636,76.405,375.423171256284,1.6129975553006135,390.5927973599085,2050.644129683158,73.17864464554177,462766.6595512429,101361.63767264754,1.007849531212753,1.5229439647188503,73.1558543430506
385.271,2.77273,374.626,2011.51,78.3737,500000,100000,1,2.77273,78.3737,420.8884581827844,2.742311443763556,428.6687290358244,1894.735520142325,69.55219770694491,502673.29757220624,98854.57857887386,0.930300094879195,2.9072064787522938,80.70858357680012
385.271,3.86364,374.432,2011.51,79.1918,500000,100000,1,3.86364,79.1918,358.1573280932185,3.5782784237279417,421.0795456468095,2149.4355890452543,87.62730095275364,469948.0387863646,102107.9236162778,0.9474412806288274,3.532754736098647,86.2216706571707
385.271,5.0,374.319,2011.51,79.6691,500000,100000,1,5.0,79.6691,381.7091284495237,4.4789170946643,387.888475925534,2425.283289308817,80.73014081698291,459564.04864744464,100710.81400652592,0.9324501554055328,4.846366353300371,77.84807052122899
387.291,0.5,377.232,2011.51,67.3773,500000,100000,1,0.5,67.3773,377.168703933008,0.4860442434400553,424.9593506900267,2191.324768889071,58.260166954278205,538180.5089829676,89511.52817361621,0.937369554561292,0.4907076015942562,64.44080191973597
387.291,1.63636,374.892,2011.51,77.2503,500000,100000,1,1.63636,77.2503,383.7282454840317,1.578392920509093,412.0455609516726,1969.851405494732,66.5098989435694,524039.43283384864,101855.89077073763,1.0061241836594104,1.547940204116452,81.91517442954824
387.291,2.77273,374.425,2011.51,79.2215,500000,100000,1,2.77273,79.2215,369.4130036440231,2.817854116774792,414.12918467331247,2137.6464630194528,94.87340873313964,480707.36058664497,108644.59969550183,0.9281143047453017,2.847787431738324,92.97929411838685
387.291,3.86364,374.231,2011.51,80.0407,500000,100000,1,3.86364,80.0407,399.332070103853,4.248868812482561,321.0955294974731,2004.6787869439413,89.19194465057733,520733.42348714767,93602.962012585,1.0012581832803338,3.767817688435021,79.08812719820594
387.291,5.0,374.117,2011.51,80.5186,500000,100000,1,5.0,80.5186,387.8672142510723,5.305701980533352,340.7955909994518,2053.854711068046,70.13550938850338,491028.6733362413,92535.45275452518,1.0093097455976594,4.746555489810612,87.75850994391314
389.312,0.5,377.038,2011.51,68.1982,500000,100000,1,0.5,68.1982,407.5762572536064,0.4858048039453974,329.64232228425857,2170.021008012905,66.21527759428626,489633.19420215633,99108.5638681458,1.017094007412627,0.5067428406082185,63.55748302221813
389.312,1.63636,374.693,2011.51,78.0914,500000,100000,1,1.63636,78.0914,417.6030008777824,1.6135892114846904,371.51158202225673,1988.813732719157,90.88707077185894,484803.7933531336,95811.24631246086,0.9221408827444066,1.7601726152054966,78.52187504103858
389.312,2.77273,374.225,2011.51,80.0657,500000,100000,1,2.77273,80.0657,377.1821957688261,2.652888406818399,324.03357581540547,1862.1664740239703,87.7076271389687,490404.8376457525,110430.1655899124,0.9423948018414298,2.532308437238846,84.82669411574906
389.312,3.86364,374.03,2011.51,80.886,500000,100000,1,3.86364,80.886,388.66716359682783,4.137777701501233,439.27247377438766,2332.353139615413,100.42935370430668,518046.0132000744,111549.22500072728,0.9443550000318977,3.774765156772765,75.62067509267155
389.312,5.0,373.917,2011.51,81.3645,500000,100000,1,5.0,81.3645,373.4098570028309,4.906402491698271,322.9883947395232,1835.03167300988,74.42583352336335,487227.82636647485,101277.1164988617,1.0097584763366103,4.940422504083755,62.09743417207053
391.332,0.5,376.845,2011.51,69.0117,500000,100000,1,0.5,69.0117,398.5456831653925,0.4768371686305063,379.6549093967189,1999.8590920624565,82.6102109682997,504662.280307343,102609.33857841372,1.0343958871994596,0.5199199776919596,71.1457675954089
391.332,1.63636,374.496,2011.51,78.924,500000,100000,1,1.63636,78.924,361.52841110885777,1.5474474948341244,367.9307735331852,2256.8138945704945,83.51241302635148,565247.8401917715,97062.63657476036,1.0236303681805698,1.6225913546861157,77.02608776365126
391.332,2.77273,374.027,2011.51,80.9012,500000,100000,1,2.77273,80.9012,386.6118305503483,2.6766608662413085,445.5370038664486,1828.2580214470045,74.1270381799017,507659.6584714886,105684.70683893043,0.9638061932647848,2.770719862455883,90.21146897120056
391.332,3.86364,373.832,2011.51,81.7226,500000,100000,1,3.86364,81.7226,382.60170723565966,3.6765749412649513,371.33589316735566,2359.86851698604,89.64845463159075,464400.6783095224,102053.03733484956,0.9586075917476172,3.684272546652737,75.85109376264826
391.332,5.0,373.718,2011.51,82.2018,500000,100000,1,5.0,82.2018,402.5354982496834,4.928801110838141,290.1305446628661,2184.2128902441004,74.2512486549383,453485.1763351373,92612.93169986836,1.096325102268113,4.993702175675351,88.48887794712873
393.352,0.5,376.654,2011.51,69.8174,500000,100000,1,0.5,69.8174,420.8739629845989,0.470545507816643,471.2368118617633,1746.0946669927807,63.82924959106274,497928.2811215992,93869.5669553586,0.9621650324663812,0.4781285278155497,63.70292228702776
393.352,1.63636,374.3,2011.51,79.7488,500000,100000,1,1.63636,79.7488,401.933439405681,1.7671142372686175,373.97100818694446,1974.9563385063416,80.0862142668353,474443.9863227043,107474.0339644478,0.887109914941614,1.7226685756774385,65.33735552904444
393.352,2.77273,373.83,2011.51,81.7289,500000,100000,1,2.77273,81.7289,381.0486830117911,2.9729687154349578,446.2002749581559,2030.497428886744,58.54194778570261,507052.46685346856,98536.94094613892,0.9733109164561152,2.8931847932731167,83.97617849472968
393.352,3.86364,373.635,2011.51,82.5514,500000,100000,1,3.86364,82.5514,412.94617729815855,3.737042518413024,432.73942741944944,1704.3442497496292,80.18845913749527,490199.3329528879,97714.9278106408,0.9974584786996484,3.721687687515019,88.75286715832954
393.352,5.0,373.522,2011.51,83.0312,500000,100000,1,5.0,83.0312,400.16659674857135,4.950332716544274,453.52976397133375,2008.012609968638,71.78073477008725,551152.5620908627,92409.35773426574,0.9405152917854148,5.197191862856094,86.7222247719891
395.372,0.5,376.465,2011.51,70.6161,500000,100000,1,0.5,70.6161,415.10126265777154,0.5092716948117756,350.69108434055534,1835.297036285197,77.62975690674222,494051.30464190623,104519.93222579088,0.9613509883674888,0.5502844873990113,74.44123902205759
395.372,1.63636,374.106,2011.51,80.5664,500000,100000,1,1.63636,80.5664,372.7103564635708,1.709960312721975,423.694594633077,2324.084204043315,69.41591255470432,513859.4316514355,104596.70514509584,0.9878521205193104,1.562103644352576,86.75104270487068
395.372,2.77273,373.636,2011.51,82.5494,500000,100000,1,2.77273,82.5494,375.7735612005381,2.762473008834548,354.4004840620495,1985.620020374468,103.8405969672635,528774.5315772204,93297.72733603012,0.9723233710118224,2.9171457001465626,63.459071332119
395.372,3.86364,373.441,2011.51,83.3731,500000,100000,1,3.86364,83.3731,380.46717562853024,3.991362845064657,355.8279323791908,1996.4438753112363,95.96305326035854,528269.9783057781,102853.38273449524,0.9186324782162592,3.904654714461024,74.55018926722906
395.372,5.0,373.327,2011.51,83.8535,500000,100000,1,5.0,83.8535,422.33914650398094,4.989417026084947,370.3565472303152,1864.5121009980487,99.0435783576702,560163.2534907025,109188.21517050295,0.9777374914436952,5.163036516993212,95.14256521981429
397.392,0.5,376.277,2011.51,71.4081,500000,100000,1,0.5,71.4081,399.8801607778129,0.5226708536593232,448.33045224197593,2031.904655260608,63.45235832442568,563996.4935634289,110781.36124561664,1.0379261380097788,0.4871566330742878,68.86085068104367
397.392,1.63636,373.914,2011.51,81.3776,500000,100000,1,1.63636,81.3776,394.8125146245767,1.409942968573517,334.9043901675685,2047.4037493707708,64.61703084504467,494494.2180559907,97274.03625997632,0.9325709682322608,1.7813935648194816,56.14765326950904
397.392,2.77273,373.443,2011.51,83.3635,500000,100000,1,2.77273,83.3635,403.9664578620084,2.9506497868542163,398.7082398731159,2145.4412386726394,87.7811445013072,520398.7737730402,90981.2987357024,0.9589029265877884,3.0162043008081065,73.21667039781158
397.392,3.86364,373.247,2011.51,84.1883,500000,100000,1,3.86364,84.1883,421.4957660595064,4.000464284845856,365.0688908980461,2476.431027779606,65.71123710934938,492575.80364700354,99465.08187465456,1.0716497780587355,3.675302099269664,68.76364073908474
397.392,5.0,373.133,2011.51,84.6694,500000,100000,1,5.0,84.6694,403.7840067299923,4.88825561179849,361.8918204450761,2002.5548685293163,76.09135125258372,546229.681553648,104207.7723725798,0.940691849855464,4.901837722459587,76.01214638019452
399.413,0.5,376.091,2011.51,72.1935,500000,100000,1,0.5,72.1935,386.0707993819535,0.5054827228283013,369.1538333677053,2142.8099381505654,77.45249110562563,513589.5191072303,97448.4030330754,1.0499743623461455,0.504603197121962,70.76007175818906
399.413,1.63636,373.723,2011.51,82.1828,500000,100000,1,1.63636,82.1828,359.96164861664505,1.7111095153269815,367.31522277871136,2061.5878969338123,81.58482053033721,527901.7178785767,96816.75872920254,1.0184699922848075,1.863070003435259,84.01838252309314
399.413,2.77273,373.251,2011.51,84.1717,500000,100000,1,2.77273,84.1717,376.0450822961277,2.586782445824944,375.477886148429,1726.196551121609,70.54761780441584,503196.9506044216,99160.7793472286,1.0360324400606054,2.6403747284834185,80.85756869611598
399.413,3.86364,373.055,2011.51,84.9977,500000,100000,1,3.86364,84.9977,428.7932277007602,3.649283443089757,367.4605917548432,1888.629309737153,100.24146570540356,510507.3873517064,106520.83708753972,0.9048154263792813,3.9162178062022432,92.67453358555235
399.413,5.0,372.941,2011.51,85.4794,500000,100000,1,5.0,85.4794,386.2943942676599,4.947366264911752,395.9771698148318,2329.518955734013,99.0849938265903,467466.4003034624,97620.8379461406,0.9824032726249392,5.085629149783498,90.46579704433024
401.433,0.5,375.906,2011.51,72.9726,500000,100000,1,0.5,72.9726,380.419769174452,0.4960212632115568,380.4548100573893,1890.3810214738369,81.72419108650598,527649.2813261772,99192.4318355694,1.0288059242364027,0.5434607332937103,82.76990516182533
401.433,1.63636,373.534,2011.51,82.9784,500000,100000,1,1.63636,82.9784,361.9649787628512,1.6060843444328954,376.6709974567926,1721.5835016664564,104.70664320829796,446100.6305427134,103069.31312471352,0.9628447642465868,1.7988166705888144,72.36941189961072
401.433,2.77273,373.062,2011.51,84.9701,500000,100000,1,2.77273,84.9701,407.631788137332,2.69210167851885,324.92325904580747,2100.0358537669995,75.18267525541759,506057.4609541512,100092.1604379971,1.033768236300315,2.930540695620064,81.72714561636322
401.433,3.86364,372.865,2011.51,85.7972,500000,100000,1,3.86364,85.7972,385.67879577422286,3.773925935063671,306.8390194920586,1874.0664860185195,97.76435030674824,479976.1298630844,97070.45953830928,1.0163299681848443,3.822495386732864,79.15803912532459
401.433,5.0,372.751,2011.51,86.2796,500000,100000,1,5.0,86.2796,413.3259935399339,4.8914916614191,332.9289605886636,2178.507448613578,77.20366216915966,512942.1503126087,101792.51856438372,1.01965726841927,5.346350549516049,93.14937306991168
403.453,0.5,375.723,2011.51,73.7456,500000,100000,1,0.5,73.7456,419.1546055631329,0.5138406852339558,414.75146294028303,1900.749236181739,72.06351868368561,497183.8007595209,98180.86889607317,0.9971323692906598,0.4850094805483493,69.73905440098422
403.453,1.63636,373.346,2011.51,83.7697,500000,100000,1,1.63636,83.7697,425.4159448432756,1.6638723621401277,382.8795522210148,1736.1664464789428,92.14877218527604,468736.4279687048,100243.87307221764,0.9677860662070604,1.565415940540788,86.4521414766417
403.453,2.77273,372.873,2011.51,85.7644,500000,100000,1,2.77273,85.7644,401.4326268690967,2.946449604564481,362.2402083385411,1881.784779880605,84.62492571053086,497129.4319304982,98475.37406398078,0.9352769933300148,2.9092819042591107,86.81513643378452
403.453,3.86364,372.677,2011.51,86.5926,500000,100000,1,3.86364,86.5926,412.86212878513766,3.749441073101311,404.1783071440798,1667.5602065098076,72.40124128368191,506003.3538417424,102599.63219719392,0.9391107963744464,3.6876984536428936,95.73024745664708
403.453,5.0,372.562,2011.51,87.0756,500000,100000,1,5.0,87.0756,388.7672514676141,4.969875646525161,323.03012157566616,1997.659488107554,65.23340960158787,518144.63823285874,111267.21128588132,0.9839606429551764,5.202215729619863,97.7097993650526
405.473,0.5,375.541,2011.51,74.5128,500000,100000,1,0.5,74.5128,401.76502156679487,0.4536016678202891,390.740928289369,1991.718385585394,100.41890708355264,500348.4525136379,100505.1031444878,0.9852335178083188,0.4543057373198056,67.93045865299825
405.473,1.63636,373.16,2011.51,84.555,500000,100000,1,1.63636,84.555,427.3695164674758,1.4870439706991354,362.7175250458449,2142.401993571228,90.9599042850894,525146.5530178968,103952.83988209904,1.068803614224336,1.7390977106019334,80.86571932226262
405.473,2.77273,372.686,2011.51,86.5526,500000,100000,1,2.77273,86.5526,417.2242800821214,2.979460091206989,343.5801442011034,2113.6832581924104,83.62959340026694,483891.5384178276,91157.93131596952,1.0895956089494194,2.781240933030685,94.65925871204026
405.473,3.86364,372.49,2011.51,87.382,500000,100000,1,3.86364,87.382,438.22256134681214,3.4653908421559314,406.82207916452006,2174.612897506136,106.1643265581731,491232.4021187754,102856.66321739188,0.8979656640885585,4.097553927346635,91.44125072665084
405.473,5.0,372.375,2011.51,87.8656,500000,100000,1,5.0,87.8656,409.11377819341976,4.635988376663391,401.42853439797096,2134.9696434203,84.54101913534419,486917.4127700902,91533.98882474827,0.9547758791640092,4.818985992607318,79.49762744307552
407.493,0.5,375.361,2011.51,75.2744,500000,100000,1,0.5,75.2744,414.636965552164,0.5150933254047555,354.6018472858363,1854.5180837650785,90.19691942105618,542019.253279171,104709.39620788574,1.0113614862569749,0.5131663340181692,62.57292140848171
407.493,1.63636,372.975,2011.51,85.3346,500000,100000,1,1.63636,85.3346,429.6195055233256,1.579440792873784,331.99639283748144,1968.3768511074709,82.30000788011775,541117.9602915995,105632.00886576212,1.0228558615382088,1.6099901034579889,88.70717587060159
407.493,2.77273,372.501,2011.51,87.3351,500000,100000,1,2.77273,87.3351,352.4155881614431,2.86233356529658,365.2077395533628,1886.440038762113,76.87609256860112,505235.6165022552,95297.2594561962,0.8744924868976434,2.862955201268269,93.9769760801761
407.493,3.86364,372.304,2011.51,88.1656,500000,100000,1,3.86364,88.1656,392.3654216811073,4.115342318408336,437.6464646759443,2133.8374770786627,87.39764055136955,464080.0154400482,92138.55603657528,1.0219778986966863,3.771743120438255,83.26283060684183
407.493,5.0,372.189,2011.51,88.6499,500000,100000,1,5.0,88.6499,407.9272173826138,4.627230019097132,372.8185285576743,2426.7639422839707,90.10534521181164,494079.78584687895,99248.05071957332,0.9739257932140232,5.38637934124891,102.13734369577357
409.514,0.5,375.182,2011.51,76.0305,500000,100000,1,0.5,76.0305,448.4422101242729,0.4999880320482873,356.78575935946526,1974.0247978479429,80.50443894474694,484744.7236342386,98772.42308875456,1.0015550226133088,0.4832764761087814,68.09841607984704
409.514,1.63636,372.792,2011.51,86.1086,500000,100000,1,1.63636,86.1086,418.5630441583884,1.703607971848304,425.3968658556931,2415.7309102974905,97.3927893078901,482118.9378061543,107284.70916622752,1.0760797526495376,1.647420687041231,87.91342774705655
409.514,2.77273,372.316,2011.51,88.1121,500000,100000,1,2.77273,88.1121,396.2820434718312,2.837685533597927,375.5508727738747,1716.5197282167796,109.4963607420074,515264.3560100657,93257.75428165644,1.0304477787586226,3.0200780926379696,92.94227669674348
409.514,3.86364,372.119,2011.51,88.9438,500000,100000,1,3.86364,88.9438,436.3434887929213,3.794784696002724,337.05567067893736,1893.528644397852,75.23375230927113,518810.6029584404,112819.50984551664,0.970431233743428,3.752868124442489,93.21563372048364
409.514,5.0,372.004,2011.51,89.4287,500000,100000,1,5.0,89.4287,403.4638336521304,5.259292868133001,366.1426322286173,2322.955654755579,103.26505275620671,538122.945966051,113168.64913464476,0.9947853290581082,5.008461308994857,88.57861516550945
411.534,0.5,375.004,2011.51,76.7815,500000,100000,1,0.5,76.7815,425.875021695296,0.5158145699910549,384.0703550774176,1738.8573967544462,57.81720493574369,507469.63279097824,102711.44115648986,0.9261938023242456,0.4939202553645866,82.1937630191254
411.534,1.63636,372.609,2011.51,86.8772,500000,100000,1,1.63636,86.8772,392.6160990743036,1.6424052813398389,336.97017340383275,1889.074857174241,75.5244389081028,526356.4598401899,100481.3140728184,1.0277207545224911,1.602183445778355,89.6632460194956
411.534,2.77273,372.133,2011.51,88.8837,500000,100000,1,2.77273,88.8837,375.05084281144747,2.9493617159961367,365.2298015229175,1727.012537723095,84.50786385389904,514701.61502450285,102934.69930009918,1.0336512490778749,2.7512563713308222,97.95378297002202
411.534,3.86364,371.936,2011.51,89.7166,500000,100000,1,3.86364,89.7166,411.1490355312397,3.735494975987247,432.7205515216167,2047.3312852153613,83.30575051839851,524812.3663886361,95407.83139907336,0.9682290510320284,4.063578775919193,87.92688122631716
411.534,5.0,371.82,2011.51,90.2022,500000,100000,1,5.0,90.2022,396.20636174861113,4.763421544313051,384.9705147200931,2145.3596369833244,77.83826130177833,473448.5738155778,96608.7570202375,1.022493027283248,5.452137322490683,97.16639985174908
413.554,0.5,374.828,2011.51,77.5203,500000,100000,1,0.5,77.5203,399.5928661835622,0.5293703514396423,323.94013459246906,2158.7554028753866,72.14382166125942,540476.8945202577,107851.81729784654,0.9664935845071796,0.5082961087844898,77.81613186829348
413.554,1.63636,372.428,2011.51,87.6408,500000,100000,1,1.63636,87.6408,417.3555857315535,1.676555057827783,359.31462412407785,1944.9093082322088,92.47892893477234,482332.6389669876,101559.66223413523,1.0289361805121622,1.5674247399670966,81.77389153515111
413.554,2.77273,371.951,2011.51,89.6503,500000,100000,1,2.77273,89.6503,430.61513438731794,2.921818382597351,418.529511614299,1775.8122608285453,89.51327354788761,482614.9872719389,84178.20784860996,1.084911946389325,2.6930384666065605,89.85960752428016
413.554,3.86364,371.753,2011.51,90.4843,500000,100000,1,3.86364,90.4843,400.7823794017771,3.6618292302795954,389.1625340964712,1910.3284214702344,92.49916739700872,477592.3088525444,100175.02152542266,1.020557148553046,3.950533140998859,81.49345560072929
413.554,5.0,371.638,2011.51,90.9706,500000,100000,1,5.0,90.9706,430.4660769817441,5.040555804224708,346.3306847034972,2279.0926825350543,74.57453725380589,493831.8057912832,90332.35200924176,1.0044291926603317,5.099721403243859,82.123933202895
415.574,0.5,374.653,2011.51,78.2592,500000,100000,1,0.5,78.2592,423.39530061992247,0.4591177432482112,342.0128942378345,2461.712473925836,84.69080159470765,544251.069415171,104853.1041909782,1.0163582596909726,0.5013709748588717,75.10133337660353
415.574,1.63636,372.248,2011.51,88.3994,500000,100000,1,1.63636,88.3994,426.94242395849113,1.5866302030539334,395.6018221731928,1574.1387861961164,96.83298218535369,491176.2776519937,106628.76106750467,1.010455644969839,1.4754019791769193,91.0004197394841
415.574,2.77273,371.771,2011.51,90.4119,500000,100000,1,2.77273,90.4119,411.91997408662735,2.466683331911804,296.7379404536714,1972.89963773754,104.09886820279723,488716.4094827119,92047.1982064888,1.06369113429948,2.90021828554109,90.69158597189572
415.574,3.86364,371.572,2011.51,91.2472,500000,100000,1,3.86364,91.2472,398.2208161899002,3.4903404953933848,325.6485926144842,1431.0384527326887,90.84605055624498,526183.4944141301,97310.44704315683,0.9564159551464508,3.499260678443916,82.14296551402657
415.574,5.0,371.457,2011.51,91.7341,500000,100000,1,5.0,91.7341,425.7113518456506,5.004357238239526,335.87946675948945,1886.1908335457204,78.49810263576427,489952.335094881,111194.01978097224,1.050565036472879,5.2559799220096775,100.47792937207537
417.594,0.5,374.479,2011.51,78.993,500000,100000,1,0.5,78.993,455.26824722791423,0.5082715882766728,365.08391433141736,1621.602695492532,105.04176446001355,496986.5419634908,95270.69536634369,0.98998738286239,0.4531949638264757,77.31991789287251
417.594,1.63636,372.069,2011.51,89.1532,500000,100000,1,1.63636,89.1532,445.1824318026508,1.7455962482543956,381.20711945399216,2005.1958025579888,64.69338930801948,520361.7994621848,96747.99621301884,1.0626114224608196,1.6908618010560394,91.92682533513695
417.594,2.77273,371.591,2011.51,91.1688,500000,100000,1,2.77273,91.1688,414.9308126312532,2.901102703361259,379.0949050620335,2088.685787853747,81.68141630752984,534091.8777443315,106287.48679353944,1.015014702802046,2.725082288052626,75.59211630387827
417.594,3.86364,371.392,2011.51,92.0053,500000,100000,1,3.86364,92.0053,394.8926309703263,3.9010784231229545,365.8331763494467,2212.553200101636,85.13192864936897,503890.153689798,100665.52387392316,0.9911736912637052,3.766303715773167,84.31386248374602
417.594,5.0,371.277,2011.51,92.493,500000,100000,1,5.0,92.493,386.2101342233455,5.161016230739306,407.2397733285506,1663.0035533536045,94.92679357919388,506380.91711841966,100403.29257728292,0.9125691358849312,5.218631883656731,81.09525427009187
419.615,0.5,374.306,2011.51,79.7219,500000,100000,1,0.5,79.7219,441.6856499805401,0.5056765763286037,315.9757832602441,2068.319170132447,66.4873420276003,468025.8663052986,97581.81804819626,0.8844396714611734,0.5383221850549649,92.33599350235882
419.615,1.63636,371.894,2011.51,89.8908,500000,100000,1,1.63636,89.8908,433.6457014905726,1.6588164502851126,447.2131045481064,1433.66106494958,96.58829176744555,490006.747853755,106432.01104869811,0.956988600729625,1.5494244128000665,95.14702161292878
419.615,2.77273,371.415,2011.51,91.9087,500000,100000,1,2.77273,91.9087,441.85326028958616,2.6829416886403954,318.345122075077,2594.3528654020174,102.67377772551416,515069.6362678703,110873.42872761638,1.006698088465602,2.7744946859814537,102.51634264689264
419.615,3.86364,371.217,2011.51,92.7461,500000,100000,1,3.86364,92.7461,443.0588652067456,3.700463556922484,333.92122599638907,1715.5164583386631,81.4480546784063,510499.6152128717,104133.3340757876,1.0316226861590898,3.6495180414835664,82.72259472908053
419.615,5.0,371.101,2011.51,93.2342,500000,100000,1,5.0,93.2342,421.0698961992733,4.874705715761741,292.5923043659144,1901.944420677081,82.44735266378933,533447.4918726259,96657.46191133896,1.0208419775922657,5.125587104897913,92.21470561459272
421.635,0.5,374.135,2011.51,80.4461,500000,100000,1,0.5,80.4461,406.41950933493234,0.5189264000454854,421.9934429458165,2157.107119986219,67.84668965226483,491230.1210495584,94873.84155118345,1.00487639065138,0.5142623295305048,73.06369475443415
421.635,1.63636,371.718,2011.51,90.6325,500000,100000,1,1.63636,90.6325,432.476390202679,1.5866538541921074,357.42662820835966,2169.9775609524613,67.84396270399108,500970.6671942239,110063.74922040627,0.9455317391151282,1.6872126121761863,108.06458813883717
421.635,2.77273,371.239,2011.51,92.6533,500000,100000,1,2.77273,92.6533,402.3200710858033,2.7456136382195524,353.2976355984358,1819.0213305957816,95.80310257838214,504184.7817910314,97227.35069100995,0.9626475400481416,2.7123121519555875,102.27051588978496
421.635,3.86364,371.04,2011.51,93.4918,500000,100000,1,3.86364,93.4918,428.0400276778931,3.931464517908695,351.62927443203364,2354.541398027146,106.13045746964012,514252.9105622217,97971.87408054412,0.9670079862721004,4.081161307165212,112.96692520728354
421.635,5.0,370.924,2011.51,93.9806,500000,100000,1,5.0,93.9806,428.8038763792777,4.710571769014683,384.0565088999327,2351.726663691874,87.89144606502728,479809.2331308019,96944.68218617234,1.008144204339661,4.538327587820209,99.51392752120384
423.655,0.5,373.964,2011.51,81.1656,500000,100000,1,0.5,81.1656,435.742152466852,0.5127683887401818,383.738137838376,2203.860472812009,85.53206811313706,509597.8503914216,99983.04981827857,1.043436761992917,0.5147198455733255,80.65155687591772
423.655,1.63636,371.543,2011.51,91.3695,500000,100000,1,1.63636,91.3695,433.87965684278095,1.6898172944254115,458.6811493426014,2049.064836252061,76.0056478728164,490286.1564117204,95949.5497508756,0.9965462935414712,1.6360526100144357,84.8676405040532
423.655,2.77273,371.063,2011.51,93.3932,500000,100000,1,2.77273,93.3932,390.05951199269134,2.843169502420297,361.14775048517936,1912.0070254852783,130.44678486258115,519454.6509819542,99663.1649863122,0.9682967526827418,2.689372716738476,88.77567857934993
423.655,3.86364,370.864,2011.51,94.2328,500000,100000,1,3.86364,94.2328,479.1706048490152,4.010267643683009,323.59700457363374,1659.7093408709366,63.003001907717135,521126.1830351162,96203.01313376,0.9982190002139806,3.9050608451935527,98.990053365086
423.655,5.0,370.748,2011.51,94.7223,500000,100000,1,5.0,94.7223,413.2351534300879,5.1105840649940495,336.896884113158,1951.646032159681,98.34377802941928,444847.59626742016,90768.83982206056,0.964277384740938,5.232226425682146,94.4548679760169
425.675,0.5,373.794,2011.51,81.8806,500000,100000,1,0.5,81.8806,385.73492134278126,0.5313039759241528,387.84051068785664,2198.423094368024,106.39763079574362,521502.2924640658,101626.72207782423,1.025467524959797,0.5029702640067282,77.00256362800295
425.675,1.63636,371.37,2011.51,92.1018,500000,100000,1,1.63636,92.1018,407.34782019184325,1.6714631593392415,346.53105522173223,2103.4558794424543,118.71872588956224,538389.4376684094,105334.85496813484,0.9631682035920034,1.7800631494127548,77.29689549790824
425.675,2.77273,370.889,2011.51,94.1284,500000,100000,1,2.77273,94.1284,406.354544400798,2.9611904095004293,417.5371362473965,1918.4332710065744,87.09275756850431,512931.7400322464,99858.67554512613,0.9727292392326824,2.75715421074599,104.04094090073578
425.675,3.86364,370.689,2011.51,94.9692,500000,100000,1,3.86364,94.9692,404.209174242793,3.557399005155185,347.83139167778427,1919.7214133248008,94.47625956923753,486533.9901311107,99623.94644981198,0.9739290231894756,3.993406559977291,78.03917460688226
425.675,5.0,370.573,2011.51,95.4593,500000,100000,1,5.0,95.4593,453.9596845396618,4.869039207421651,375.8568630020733,1810.5307471090348,112.5896126540357,503089.0368309292,102024.39586275356,0.977101239865798,4.858606716137721,100.90756114847592
427.695,0.5,373.626,2011.51,82.5913,500000,100000,1,0.5,82.5913,435.9668035128085,0.4954002834974259,401.9439751505483,1818.1203467289592,64.68765449563108,488573.5328868821,98176.94668516373,1.0327197848998284,0.5062820479733324,88.04373895131627
427.695,1.63636,371.197,2011.51,92.8297,500000,100000,1,1.63636,92.8297,427.7740310185482,1.7177936927155,300.72074523447185,1964.1788323163591,119.95049526969864,465144.4245421018,98024.055839198,1.0025578214343824,1.6994846735051783,123.62771440039091
427.695,2.77273,370.715,2011.51,94.8592,500000,100000,1,2.77273,94.8592,465.23540893955214,2.574058293945197,358.68779754571096,2304.1757904648607,98.6171691453254,489311.9481490948,102628.25406344226,1.027824131046296,2.6049777011940147,100.6848367173428
427.695,3.86364,370.515,2011.51,95.7011,500000,100000,1,3.86364,95.7011,417.1917999058029,3.833926912671386,381.2397400376543,1792.859650073341,124.39978625748026,501567.8323199507,101307.37537658932,0.966507256887036,3.934294384529183,96.72679454169518
427.695,5.0,370.399,2011.51,96.1919,500000,100000,1,5.0,96.1919,434.1341051717806,5.40175475206232,333.95366203451675,2100.2824425580025,107.21925807576066,507815.5588475201,105824.44107105747,0.988294274894659,5.131020534733891,90.20891972319308
429.716,0.5,373.458,2011.51,83.2977,500000,100000,1,0.5,83.2977,433.6658316508021,0.5398690497260966,373.7355466075513,2395.1579621399524,92.30464473099252,532484.4563805009,92487.74897690938,1.0371572152402884,0.492013631491839,71.39273575061112
429.716,1.63636,371.025,2011.51,93.5532,500000,100000,1,1.63636,93.5532,466.3300703011623,1.6757646816265086,370.5963667282722,1988.389324770624,95.31346754563644,525081.1813331067,98069.00747983529,1.0172426383265782,1.5681395637378486,86.86349013479827
429.716,2.77273,370.543,2011.51,95.5856,500000,100000,1,2.77273,95.5856,417.9360063259988,2.9375867909464737,406.4770661764748,2146.174593050783,99.56989442984276,524741.7608953256,98694.03760649989,0.910183855124132,2.762649193092725,79.09289411381968
429.716,3.86364,370.342,2011.51,96.4287,500000,100000,1,3.86364,96.4287,429.0486739801224,3.617678209909862,408.3324057602091,2041.7121510748204,88.7006669868329,551765.5067810474,99964.32239945658,1.014615242727702,3.483452429409485,84.99272221106872
429.716,5.0,370.226,2011.51,96.9201,500000,100000,1,5.0,96.9201,435.8894913742222,5.196370647457394,405.4905729015925,2065.7482525578234,110.19645166742242,414465.509469582,100932.8458510856,0.9969937564292278,5.102987799954792,99.30643039654
431.736,0.5,373.292,2011.51,83.9999,500000,100000,1,0.5,83.9999,430.7535362631312,0.4837011961494153,387.5964057676889,1769.0177868777105,66.20972403077067,455666.5484899136,94709.77193876552,1.0259601630015769,0.519993070626882,84.68241471258543
431.736,1.63636,370.854,2011.51,94.2725,500000,100000,1,1.63636,94.2725,437.1810629895834,1.6332295383913478,338.6219943902672,2129.600938123541,115.452104115231,533568.4082986632,105405.81451864628,0.9896900200477248,1.6390240745165516,102.53240714322013
431.736,2.77273,370.371,2011.51,96.3078,500000,100000,1,2.77273,96.3078,457.7695624297928,2.863383382863839,364.9747908367728,2301.269086337437,106.03608530204286,561481.178077186,94632.49023272171,0.9760797482350564,2.6977948990356104,87.56921561555745
431.736,3.86364,370.171,2011.51,97.152,500000,100000,1,3.86364,97.152,451.40940481104127,4.085117730236869,422.261871103168,2364.9030877981245,142.8003443212244,511667.8396472556,103416.9623774917,0.9561904366046974,3.792844037306012,99.45033455333552
431.736,5.0,370.054,2011.51,97.6441,500000,100000,1,5.0,97.6441,428.3844539648299,4.692255375798685,415.8771655309976,1819.6000092932763,91.7240756957973,524299.0894510802,92656.53487207348,1.0087580090055528,5.007863651589622,106.24751631438389
433.756,0.5,373.126,2011.51,84.6982,500000,100000,1,0.5,84.6982,392.3798512462667,0.5002934092430484,455.170326873828,1907.0432191888765,75.51641367655314,533568.3656393663,97790.52057921812,1.0276024640753387,0.4864630385767378,95.38494926031515
433.756,1.63636,370.685,2011.51,94.9877,500000,100000,1,1.63636,94.9877,425.3298391319859,1.723233106062996,321.670379695843,1728.2714398311637,61.642964340240894,487689.7782224179,105354.10442070971,0.98428545207393,1.5894902952783316,98.23782001890643
433.756,2.77273,370.201,2011.51,97.0259,500000,100000,1,2.77273,97.0259,404.00741518920506,2.811818405043829,408.0977674040846,1777.820712985624,117.562702456632,527975.7955487777,107686.85964303029,0.9875365887536868,2.822921805958992,108.11974414454274
433.756,3.86364,370.0,2011.51,97.8713,500000,100000,1,3.86364,97.8713,417.8581269996748,3.8649893600921534,279.02654883895264,2061.207236064929,98.33111570717604,518176.0692236708,90669.1698341646,1.011893922899667,3.974327409427262,90.72070916695102
433.756,5.0,369.883,2011.51,98.364,500000,100000,1,5.0,98.364,446.33182883202375,5.0098389387485485,352.242912525052,2334.9993296817447,93.19387232942624,504393.4941324,97664.42947564894,1.0139703339798094,4.821150688698433,93.87262384241085
435.776,0.5,372.961,2011.51,85.3926,500000,100000,1,0.5,85.3926,420.37365921463726,0.5065972123587505,404.24761150693377,1859.1109878441616,95.29908791279124,521107.7134090701,99931.94393984252,1.1016231969003574,0.4563879292436482,83.61320506282954
435.776,1.63636,370.516,2011.51,95.6989,500000,100000,1,1.63636,95.6989,451.89215459229854,1.4342152715213732,294.4433403629342,2210.9739953546623,105.40814863677328,514645.3595672203,102966.49126121028,1.0290553630612376,1.6165396534578025,98.4118579218144
435.776,2.77273,370.031,2011.51,97.74,500000,100000,1,2.77273,97.74,454.1218143434673,2.882549156536631,314.0590462080818,1852.439362305846,103.1463022740214,488279.6757385165,111175.94112253028,0.9709090032307754,2.7061427356609107,85.74653316011417
435.776,3.86364,369.83,2011.51,98.5865,500000,100000,1,3.86364,98.5865,413.9388938180094,3.99004974102076,366.5384931546089,2183.691770579157,91.03162889554586,506294.6839668045,106349.8235457537,0.9755115989898576,4.040217766868008,98.1635140004976
435.776,5.0,369.713,2011.51,99.0799,500000,100000,1,5.0,99.0799,445.3045295697545,5.147207987885487,335.6614740997585,2085.426325015192,112.30713432307356,500831.9440831191,99195.51730756772,1.0217395968048348,5.053995303183359,86.22273650206309
437.796,0.5,372.798,2011.51,86.0832,500000,100000,1,0.5,86.0832,441.8494554660994,0.5041741905833541,344.906821729096,2306.9070629698667,87.36548616746167,507274.53145486815,97706.06119291736,0.9413306991395805,0.5046894186235321,72.97239966479516
437.796,1.63636,370.348,2011.51,96.4062,500000,100000,1,1.63636,96.4062,416.1716501423508,1.916906597489676,382.0976081059508,2026.4907153806369,96.01649158138731,531447.7042577794,107436.143346393,0.9580300366958396,1.6298832587780705,90.85845629183189
437.796,2.77273,369.863,2011.51,98.4502,500000,100000,1,2.77273,98.4502,451.0009671380077,2.699240235109836,337.177344976272,2205.141899268713,128.68987151681458,541494.3487471904,93693.21657096596,1.0970639321661786,2.769107109663184,95.9153064048216
437.796,3.86364,369.661,2011.51,99.2979,500000,100000,1,3.86364,99.2979,417.73894319348017,3.889774145567154,322.27843726497383,2278.117996565027,110.65440764567576,517961.26996940747,104396.16173140408,0.9885615492993604,3.9936621032259096,96.25295274507926
437.796,5.0,369.544,2011.51,99.792,500000,100000,1,5.0,99.792,462.6915878694554,4.62443368691493,418.5685067147366,2012.1882796050056,81.13740955987112,490714.15273203305,89495.37871767851,0.9940126670627178,5.54927530336554,87.32247087582222
439.817,0.5,372.635,2011.51,86.7701,500000,100000,1,0.5,86.7701,447.2620655194721,0.5039274662660957,410.1001333754296,1922.6757754679968,79.95908864235778,502404.0184076264,105807.83437623034,0.990343630617848,0.494143347511125,98.84297507180426
439.817,1.63636,370.181,2011.51,97.1097,500000,100000,1,1.63636,97.1097,450.266342638018,1.7602527101352363,402.8404967164227,2064.2971539636246,112.14251598583895,534723.098314582,101110.69101451732,1.014767434359384,1.6422308148266218,84.80813847163307
439.817,2.77273,369.695,2011.51,99.1567,500000,100000,1,2.77273,99.1567,428.39503229662745,2.6379128471683058,435.2210927873778,1991.6287407232053,108.2470079073902,469928.012770967,104344.72949434232,1.022898590274128,2.869531287608116,87.7002979287875
439.817,3.86364,369.493,2011.51,100.005,500000,100000,1,3.86364,100.005,402.81390505635216,3.858843230256386,380.1524978027469,1861.698908089757,82.68704153255666,548897.6321311474,100643.90184131142,1.0504925835518093,4.000036424881038,102.12170020354488
439.817,5.0,369.376,2011.51,100.5,500000,100000,1,5.0,100.5,430.923956926375,5.293460505091676,321.2288568146375,1819.6562233979407,104.21859110187596,505493.8951807304,101365.46197944914,0.970574629562439,4.992608217432189,106.24156877007496
441.837,0.5,372.473,2011.51,87.4534,500000,100000,1,0.5,87.4534,452.6935857550768,0.473711311041496,385.0536599647265,1889.247814876746,83.2284292690394,482675.2304589008,89901.89082502373,0.8912781471392242,0.5352169049610161,90.32853406543826
441.837,1.63636,370.015,2011.51,97.8095,500000,100000,1,1.63636,97.8095,465.3414247060463,1.7107274481204315,377.55074113150266,1844.088910985204,80.1057131997294,493133.2651578709,105888.1746042436,0.918559114724606,1.572115419766885,83.69698180368385
441.837,2.77273,369.528,2011.51,99.8594,500000,100000,1,2.77273,99.8594,431.2849254359497,2.886704570479324,386.0848054562881,2061.9950527945334,78.81984819281442,508729.9765167821,87629.58235229696,0.9409126449791716,2.9709261109591005,98.51214530228891
441.837,3.86364,369.326,2011.51,100.709,500000,100000,1,3.86364,100.709,425.996786785888,3.572847158190781,349.79893542309105,2083.2096840800923,108.3420306395336,507306.4216147046,96660.8096715535,0.9775930538134924,3.5744901035330896,89.31051666054684
441.837,5.0,369.208,2011.51,101.205,500000,100000,1,5.0,101.205,433.9574306206684,4.949336684294463,372.67238740999153,2066.5164808420395,87.64399640859992,468618.0018837413,104016.94934414982,0.9361989609613148,4.965871665734726,95.26450695499786
443.857,0.5,372.316,2011.51,88.1142,500000,100000,1,0.5,88.1142,470.0587866739136,0.5107711501292437,373.0870174275015,1905.790797083772,100.53257606204396,442077.84672232496,99509.2765653756,1.0474790505267713,0.4901428673399081,86.7028874585799
443.857,1.63636,369.849,2011.51,98.5057,500000,100000,1,1.63636,98.5057,417.8052580318664,1.694201645001679,391.9363959877662,2162.854681007056,118.01046043553032,478275.1717359036,105992.23478923648,1.0734567990960038,1.5874064642166652,98.0298319118152
443.857,2.77273,369.362,2011.51,100.559,500000,100000,1,2.77273,100.559,432.0625088598677,2.8823012203435687,352.421862046784,2322.862796093582,115.31481274132815,477706.34942712507,99976.74831547277,0.988151075015687,2.993959447082546,93.92986454049772
443.857,3.86364,369.16,2011.51,101.41,500000,100000,1,3.86364,101.41,415.6707247673772,3.883835680079689,370.0696680740065,1907.5926058525035,116.40039646403542,504005.1694359106,95508.42378517032,0.9705816305628158,3.9795586598155306,83.10704999116231
443.857,5.0,369.042,2011.51,101.906,500000,100000,1,5.0,101.906,438.808653484293,5.078285755783383,357.90261875300786,2106.29151301029,151.1713618789899,488381.2891121957,99250.30127098916,0.9316951467614916,5.2430183416659695,87.71071541996369
445.877,0.5,372.156,2011.51,88.7879,500000,100000,1,0.5,88.7879,427.5083058437693,0.4777325978684431,341.914389060444,2200.2213408840853,107.69411452444896,472277.595408887,97623.48200146457,1.0615672421162474,0.4802402512120757,79.68105638816793
445.877,1.63636,369.69,2011.51,99.1769,500000,100000,1,1.63636,99.1769,424.7448219451128,1.7499205681495331,381.2958656882345,1860.5146620980868,94.74677888473155,529413.5109607466,106485.28272850756,0.9648223526868436,1.6916719599432937,84.49335326353062
445.877,2.77273,369.202,2011.51,101.231,500000,100000,1,2.77273,101.231,454.9740689594517,2.8250946364310217,402.0414452371879,2012.610412236359,36.00699129377176,484072.2746882995,99105.59696787436,1.0013479665748044,2.6992262386741275,112.52639586086948
445.877,3.86364,369.0,2011.51,102.083,500000,100000,1,3.86364,102.083,444.4348419426958,3.8221984137722087,381.49526831679054,2053.161477476698,99.43109176000615,524025.9918719134,102777.011987457,1.0198807155281238,3.816004567792304,94.97172928642414
445.877,5.0,368.882,2011.51,102.579,500000,100000,1,5.0,102.579,440.9116981049914,5.108635024313573,391.08060325060194,2089.5137080157324,105.27621595307656,531844.5466611056,96049.51804408224,1.0246695662075271,5.07549658195171,102.62579621626752
447.897,0.5,371.997,2011.51,89.458,500000,100000,1,0.5,89.458,471.7513663963789,0.4828611357129124,439.73343494003245,2203.202129397297,92.45422516401166,519033.4885386963,95190.02235124088,1.028987965413505,0.4864065720559345,97.43881222676886
447.897,1.63636,369.527,2011.51,99.8631,500000,100000,1,1.63636,99.8631,460.9473207645412,1.6970861347058117,382.3647551591238,1648.0317287312032,78.17471903235702,508452.5431712462,100810.19522211653,0.9712695401409132,1.712632073699231,102.11363468395211
447.897,2.77273,369.039,2011.51,101.92,500000,100000,1,2.77273,101.92,434.7752376451999,2.7445973328999425,400.9353012691514,2008.4535554525369,103.20146754561794,468514.29120875394,103038.84143953616,1.0125632882048694,2.5474811628032032,95.92500028493612
447.897,3.86364,368.836,2011.51,102.773,500000,100000,1,3.86364,102.773,408.2341854138752,3.832168296659192,340.8589314513476,1771.697666489931,98.86900073417272,503677.4818307482,89752.46465193092,0.955105078829033,3.7998295541001057,109.49576371343151
447.897,5.0,368.718,2011.51,103.27,500000,100000,1,5.0,103.27,425.1465460513835,4.348605811077867,368.4722678745104,1796.7520255749173,94.11054815295512,532132.1221101104,101565.4337228152,0.9365310962306008,5.044721020838294,98.9997387812212
449.918,0.5,371.839,2011.51,90.1247,500000,100000,1,0.5,90.1247,418.6814855632685,0.5027766868298909,364.52188398567966,1751.2212337419585,105.48284371346529,503656.80199434765,94731.98114210017,0.9434324135020462,0.584593435656056,109.56607654333315
449.918,1.63636,369.365,2011.51,100.546,500000,100000,1,1.63636,100.546,476.2768490376633,1.7432647953755822,380.0025019209599,1555.620051388748,112.675855482241,484304.2974169617,94180.07410017084,0.9806030964061736,1.5604418491261232,112.50470868084624
449.918,2.77273,368.876,2011.51,102.606,500000,100000,1,2.77273,102.606,438.1152469568659,2.646393322391173,293.92690538381135,1818.58657050084,105.99621467156136,495285.2672858748,105061.16990135756,0.9956735781496874,2.9596097291415653,102.79269205278646
449.918,3.86364,368.673,2011.51,103.459,500000,100000,1,3.86364,103.459,433.2851747549423,3.8886467613006,309.211540732769,2242.821008834384,94.7299230397944,517314.4848026926,101515.46821972798,1.0597340910779265,4.031892363612414,92.72087663713684
449.918,5.0,368.555,2011.51,103.957,500000,100000,1,5.0,103.957,458.45833556612587,4.732993906027206,300.3584052348373,2026.5297532907448,106.82573199842204,483298.5828040343,104443.58727382204,0.968706912916782,5.1882245374466205,104.59204117275809
451.938,0.5,371.681,2011.51,90.7879,500000,100000,1,0.5,90.7879,439.3714402913213,0.4987264430234149,350.6666316727026,1817.937176990749,88.58203750673634,555642.8701592672,103549.77720540256,1.0520815059574466,0.4412427433412161,83.78705237081161
451.938,1.63636,369.204,2011.51,101.225,500000,100000,1,1.63636,101.225,444.3366978332391,1.58834570564669,349.3471356610768,1769.3178856359425,102.38288604588716,524802.1860500438,103126.92226926849,0.9668091570466264,1.700368570587132,101.24290814440124
451.938,2.77273,368.714,2011.51,103.287,500000,100000,1,2.77273,103.287,463.5820542563159,2.6854047766247504,299.6817034119302,2029.3528144457048,132.54422110445793,524111.7806813375,110307.95812351767,0.9565701799035028,2.9675459304730234,112.12968143128931
451.938,3.86364,368.511,2011.51,104.142,500000,100000,1,3.86364,104.142,459.9750156637885,3.9141606855526896,358.5261696403189,1701.5859479843216,84.54870510769435,493913.7805293494,102193.37129661316,0.8965504795928978,3.823096333229687,100.81180087872302
451.938,5.0,368.392,2011.51,104.641,500000,100000,1,5.0,104.641,460.0875243379855,5.026786332434392,388.2199372643831,2147.9601543288086,119.2513383694141,525897.1928107362,106389.6106408988,1.0489732645050176,4.865524164909802,102.77352824184976
453.958,0.5,371.525,2011.51,91.4479,500000,100000,1,0.5,91.4479,434.35850850386646,0.4943939761112953,346.5817953182666,2448.0589359425508,99.85050822305584,517268.5523444798,99053.46673095528,1.071661644537274,0.492671206978841,93.2151987443062
453.958,1.63636,369.043,2011.51,101.901,500000,100000,1,1.63636,101.901,446.7346764190508,1.7686890539075597,431.70685881394775,2280.357975641737,94.66516819530077,484372.2275795626,102823.10297415072,1.0424637831228796,1.629616207900996,114.20880056568022
453.958,2.77273,368.553,2011.51,103.966,500000,100000,1,2.77273,103.966,437.2056541207621,2.812417933454146,422.283257143022,1667.8553108109784,68.65573674537188,486908.969549824,90117.079895524,0.9232514508477162,2.877519293367281,89.12113625334125
453.958,3.86364,368.349,2011.51,104.822,500000,100000,1,3.86364,104.822,443.8360141771508,4.300727567531833,348.76616116718986,2047.873880276767,116.89050869607917,474210.0469594616,87948.4346099512,0.9660273821097664,4.285652794128094,123.26710496484942
453.958,5.0,368.231,2011.51,105.321,500000,100000,1,5.0,105.321,455.5985807283961,5.057635396712683,303.4878291011495,2150.096870973739,116.43028611601196,520213.1878812884,98585.07394781148,0.9647648248023998,5.006863926255227,124.43077469676146
455.978,0.5,371.369,2011.51,92.1046,500000,100000,1,0.5,92.1046,421.77459180305743,0.4459736000662682,362.5241215217378,2030.08962620126,80.96782837838578,500751.1420387022,107264.16475824444,1.0965472672305854,0.472450335555132,90.18230904516436
455.978,1.63636,368.883,2011.51,102.573,500000,100000,1,1.63636,102.573,431.0013630056489,1.6153659237253728,359.65440944735104,2318.7048189377306,98.167274614526,518762.3600396544,98655.63906264218,0.959197074291794,1.6002025967228908,96.32890152796524
455.978,2.77273,368.392,2011.51,104.641,500000,100000,1,2.77273,104.641,454.6008614184126,2.747545164868205,367.6293916059773,2186.995288366148,112.07813480951545,492580.7637424272,90715.28449149548,1.0263954697532696,2.791655827289528,96.62422882387588
455.978,3.86364,368.189,2011.51,105.498,500000,100000,1,3.86364,105.498,451.97956412181134,3.556823112617426,363.3296084877249,1961.1300013476152,111.13287666192208,479194.88320473226,100594.33433144982,1.054738124847769,4.05762504748825,124.30553099666471
455.978,5.0,368.07,2011.51,105.998,500000,100000,1,5.0,105.998,469.0002621644511,4.953076517144559,339.2964784388316,2082.676521379097,102.0971151758408,488744.0487876272,107235.33574450338,0.9081519617348248,4.932269145309256,114.18887569764928
457.998,0.5,371.214,2011.51,92.7581,500000,100000,1,0.5,92.7581,463.57772605706975,0.4650164238053531,333.06159328355267,1626.6534018831503,101.47856864649432,476892.6474677173,106636.12744997891,0.9913173898242752,0.5050728402072467,82.78471216439563
457.998,1.63636,368.725,2011.51,103.242,500000,100000,1,1.63636,103.242,469.9037070049945,1.7755300877756193,389.3903494418918,2249.633401968817,89.81395808080364,516974.093870412,105333.05477451868,1.025278999614194,1.6487701790164282,94.71394219579018
457.998,2.77273,368.233,2011.51,105.313,500000,100000,1,2.77273,105.313,482.6232563704728,3.0975354956294376,347.76953870613534,1907.3085159636032,94.77058419274891,484674.0345008089,101740.91388571687,0.9668017097105568,2.883106284633624,100.79678467485454
457.998,3.86364,368.029,2011.51,106.171,500000,100000,1,3.86364,106.171,411.6990133247354,4.154974461156522,400.1550604244939,1926.4082914616188,113.07770181228116,489071.8475299125,104455.57246803003,1.000090452175599,3.90335065891149,80.47445583442413
457.998,5.0,367.91,2011.51,106.671,500000,100000,1,5.0,106.671,439.8492923134064,5.602910047947142,351.5074875654291,1991.2208823176463,102.93789960618304,480122.8382150974,103557.9598086841,1.0525142934570828,4.919945323500882,93.1467805598204
460.019,0.5,371.059,2011.51,93.4086,500000,100000,1,0.5,93.4086,450.27583020159926,0.5035821667970506,340.37102681557565,2016.782226349268,82.53148247772236,496317.2752961354,105909.16877229536,1.0292476929164025,0.4600560082049713,103.71037244772808
460.019,1.63636,368.566,2011.51,103.908,500000,100000,1,1.63636,103.908,483.8549510054145,1.6197535361003264,329.8832859614628,2291.85349512978,108.8903147853311,515818.9081801648,106507.75093165797,0.9884821825749528,1.7421697691444011,99.53140777402116
460.019,2.77273,368.074,2011.51,105.982,500000,100000,1,2.77273,105.982,413.1839940248357,2.938531200250155,361.9951061320454,2251.1780688819986,117.95706501458436,473087.16188208514,101532.12676557916,0.9794324307374548,2.6076608869134983,81.29691046831967
460.019,3.86364,367.87,2011.51,106.841,500000,100000,1,3.86364,106.841,482.8922343617116,4.008828487009643,295.67810551525474,2073.1019181890865,106.99873874835156,495144.5659067744,102730.6501274747,0.9971090573417892,4.051466450543724,115.8399592751728
460.019,5.0,367.751,2011.51,107.342,500000,100000,1,5.0,107.342,481.70403147431017,5.061529426594146,370.7149194882765,2036.3278125152583,139.32859002285545,510456.8778146196,93179.4673565717,1.0753634114750832,5.0220716055941885,89.44940750366628
462.039,0.5,370.906,2011.51,94.056,500000,100000,1,0.5,94.056,473.2967012209516,0.4986436349283963,339.2385508929319,1896.8023578961167,106.5873646166116,513975.6465804693,98865.82680514907,0.9861077655065316,0.4594125290605608,93.414178799797
462.039,1.63636,368.409,2011.51,104.571,500000,100000,1,1.63636,104.571,435.8694586950601,1.8002371245249535,368.784691783056,1761.698194103589,113.06040139402252,470330.48374074936,102947.63708615284,1.000415135186898,1.6468567585970637,99.73654967004488
462.039,2.77273,367.916,2011.51,106.647,500000,100000,1,2.77273,106.647,450.6043322208108,2.749419707960505,412.6653981029452,2273.370157508897,107.36269461039647,475463.7779521757,108891.58047502705,1.0034778809104827,2.45678488951102,102.47019768883692
462.039,3.86364,367.711,2011.51,107.507,500000,100000,1,3.86364,107.507,481.5786956718051,3.6980497264668526,317.2225314303672,1630.9071052233771,136.20893450812335,461299.7894916468,98750.21772395135,0.9067167760042408,3.788790334075738,110.13107372015878
462.039,5.0,367.592,2011.51,108.009,500000,100000,1,5.0,108.009,434.450896165436,5.169025909574287,394.9945667072808,1812.2190817448725,104.33223033576238,524535.0436273629,103001.102558864,1.0917625576106222,5.582242001934309,99.32152508377428
464.059,0.5,370.753,2011.51,94.7004,500000,100000,1,0.5,94.7004,441.8125114200211,0.529322356965787,372.8597691514041,1726.521949146007,124.19700044767902,493470.05157935416,95383.57158752043,1.0320052539981666,0.4452396924331974,92.23944601232334
464.059,1.63636,368.252,2011.51,105.231,500000,100000,1,1.63636,105.231,490.60997485514287,1.745582671422893,375.7189574833013,1478.7029181150074,113.58193285640594,502057.3709305016,105574.6095540947,1.0019526889899906,1.61171322014651,92.31225694729746
464.059,2.77273,367.758,2011.51,107.31,500000,100000,1,2.77273,107.31,496.3849150688008,2.659334036835789,408.3985352396429,2550.0034029129392,108.00788820715542,449372.8153779357,101456.89119253184,0.9813326429210713,2.8485137599187897,99.2453797354322
464.059,3.86364,367.554,2011.51,108.171,500000,100000,1,3.86364,108.171,446.6716910002078,3.7693647106576105,386.6495488592969,2115.700068320957,113.9543663044337,515219.6111647735,102266.58973344664,1.0416091866335688,3.6088005157037073,109.12000450471244
464.059,5.0,367.434,2011.51,108.673,500000,100000,1,5.0,108.673,494.45931733360567,5.112428151874127,322.0771323628978,2267.651356622004,95.17702194621288,519609.4464626367,100827.87160815706,1.0893569130017662,5.0891324687633,111.10203004113336
466.079,0.5,370.6,2011.51,95.3419,500000,100000,1,0.5,95.3419,461.0462668317842,0.533258587687243,357.7992183650863,1965.4213521523648,103.33431009530618,493536.7632866079,101775.77138650478,1.042760110614481,0.5021430395580424,92.73162111072998
466.079,1.63636,368.096,2011.51,105.887,500000,100000,1,1.63636,105.887,495.477381585125,1.8200154127747927,388.8461134467199,1782.9753824631714,102.34046803151382,537432.3465161304,101987.3987375577,1.0057235589200464,1.609333329006302,93.1973622572655
466.079,2.77273,367.602,2011.51,107.969,500000,100000,1,2.77273,107.969,460.28526857461407,2.945516802853092,361.5827838610255,2400.596815060997,122.65616788244344,522083.25762624585,103141.3087145203,1.0206319184622352,2.802335681022254,97.3067778811524
466.079,3.86364,367.397,2011.51,108.831,500000,100000,1,3.86364,108.831,485.2530887854165,3.786320395298653,337.5585453706244,2344.5982056277726,120.104078545966,478873.041092129,105912.29364990602,0.944102463884744,3.65220835309985,84.61582154793032
466.079,5.0,367.277,2011.51,109.334,500000,100000,1,5.0,109.334,455.14639803002336,4.63865004080481,339.84176148632014,2164.3220511794066,115.65101628635892,493245.0449326552,100051.2632854508,0.946878920493954,5.129179250870648,101.38565906472598
468.099,0.5,370.449,2011.51,95.9806,500000,100000,1,0.5,95.9806,444.8610208878928,0.4910880757842614,392.6919832841923,1686.4554575712957,109.53186035410305,494657.3229129858,101247.18344458178,0.9957771749344426,0.4839268756289587,93.88958894598206
468.099,1.63636,367.941,2011.51,106.541,500000,100000,1,1.63636,106.541,393.8953441730609,1.824876017910428,362.5562323949643,1890.38820818231,100.14851391283575,516778.6282219544,111677.93185643572,1.0351297570906084,1.5469435882601303,111.14993679621432
468.099,2.77273,367.446,2011.51,108.625,500000,100000,1,2.77273,108.625,493.9365094638808,2.933950742498516,403.091421527691,2057.1447893380227,108.58160870456416,517473.25808460056,104996.22051381636,1.0853652719123172,3.060004694079772,124.79691644567542
468.099,3.86364,367.241,2011.51,109.489,500000,100000,1,3.86364,109.489,413.79212943919686,4.056426811860142,392.03756881574856,2043.4917399897,138.1219596604684,467173.9581434539,95106.4766957281,1.0607649673052015,4.136400674998949,99.13387057682658
468.099,5.0,367.121,2011.51,109.992,500000,100000,1,5.0,109.992,485.39948251946544,4.910388452673331,412.2968912857168,1612.0545816292688,113.038128997506,530641.7523695373,101009.17226070608,0.9767287923321922,4.981957318162931,113.80856013831011
470.12,0.5,370.298,2011.51,96.6165,500000,100000,1,0.5,96.6165,482.0380185168137,0.4950017519220396,379.22229798700965,2012.786365411708,114.57095286988708,517751.3871315713,105993.28758753934,1.100275535819504,0.5007089250012821,91.3430402141711
470.12,1.63636,367.786,2011.51,107.192,500000,100000,1,1.63636,107.192,475.7905932790486,1.6733654626121677,411.5895534906608,1952.778220760817,107.83161904720389,465035.5867247261,99215.3380440498,1.0867254378555438,1.5201473399741534,116.16254292024996
470.12,2.77273,367.29,2011.51,109.279,500000,100000,1,2.77273,109.279,408.42105027287016,2.520929169354173,347.56261846828187,1799.7007917166738,100.51747168938248,496016.5371550985,94369.59727112434,0.9645459411857676,2.9148861189258435,100.66168238424343
470.12,3.86364,367.085,2011.51,110.144,500000,100000,1,3.86364,110.144,455.8282076041153,3.982274187677472,350.88283670160627,1766.6612283360685,103.89910371913368,545279.1026142046,108430.48423012314,0.9966079751971464,3.983595887421653,99.2916372992514
470.12,5.0,366.965,2011.51,110.647,500000,100000,1,5.0,110.647,484.31269996965216,4.781851368398462,348.75021041845,2261.832484511988,97.18286130044623,476609.6861008165,103052.8013340768,0.9752733733598205,5.049919980546041,100.69114739048445
472.14,0.5,370.148,2011.51,97.2497,500000,100000,1,0.5,97.2497,462.88896519951226,0.4862900803047204,389.97451820952034,2341.8067853553544,74.37885059466022,481814.88042848784,101321.2149671537,0.9571637047084732,0.5382837819352392,96.04678031702056
472.14,1.63636,367.632,2011.51,107.84,500000,100000,1,1.63636,107.84,460.30736641739645,1.613112269914458,373.2580414989165,1536.6847186020973,82.10342731045799,488494.40657706617,96701.57796822923,0.9833142990489852,1.4833862607462784,110.87268436833249
472.14,2.77273,367.136,2011.51,109.93,500000,100000,1,2.77273,109.93,477.81053935803845,3.0317075466010937,346.0879124071653,1816.914903563317,104.1637717025,512057.1298171245,98806.19024400025,1.0149396992034043,2.58455619390935,119.7309789974613
472.14,3.86364,366.93,2011.51,110.796,500000,100000,1,3.86364,110.796,437.3896208170565,4.06745754787382,353.93622949929096,2089.4209358686267,131.76275739887993,491719.7979921306,103641.63314112206,0.9176953371119853,4.048220974133924,110.45800359651024
472.14,5.0,366.81,2011.51,111.3,500000,100000,1,5.0,111.3,452.1197154272938,4.961553708713452,367.3816577064276,1877.648085598633,93.73640474025876,502201.3768191483,104557.79652692142,0.9914389491396824,5.050643682839428,123.8712372214648
474.16,0.5,369.998,2011.51,97.8802,500000,100000,1,0.5,97.8802,464.1135054586058,0.4964144195885268,376.3202863889326,2195.3816832309394,113.29313775290235,512493.3733641061,107087.7820070164,0.9560778974525118,0.5394230780045887,92.8998703695508
474.16,1.63636,367.479,2011.51,108.486,500000,100000,1,1.63636,108.486,444.8921895414019,1.5342263613566562,363.7772273792734,1906.1604812574235,135.37620850715268,505659.5941312206,98134.5456950891,0.979991043511207,1.5572925054150617,106.3353209276312
474.16,2.77273,366.982,2011.51,110.578,500000,100000,1,2.77273,110.578,491.4446408957161,2.7559121903788983,378.1346491136458,2142.5330297596515,101.46154837034236,462232.5827169249,92460.19764227424,0.941410847642098,2.638804240009532,122.84944943391058
474.16,3.86364,366.776,2011.51,111.445,500000,100000,1,3.86364,111.445,478.9216354675873,3.922593859893532,341.3701717952546,2009.2425013925229,117.1522207067206,491159.3883549253,105001.01218980638,1.03103362563109,3.8812157544874255,117.53375259986912
474.16,5.0,366.656,2011.51,111.95,500000,100000,1,5.0,111.95,475.7738573593463,4.678382626607647,346.2730981095493,1928.131916317957,102.15159032161662,492456.5273579264,94529.36078468572,0.9516474363225648,5.276982130540889,123.400230219238
476.18,0.5,369.849,2011.51,98.5081,500000,100000,1,0.5,98.5081,500.67396091680166,0.5368245894407457,380.37991610465366,2018.819614175766,84.12801305691245,496306.46204615344,113821.68305693,0.990731855575,0.4677357290857029,101.808289540743
476.18,1.63636,367.326,2011.51,109.128,500000,100000,1,1.63636,109.128,459.9033513730434,1.6166661969765967,335.26975619484506,2291.2245777665253,127.35860815000652,475882.7862119743,103614.96511804876,1.0252907678178222,1.6814836003869449,105.2031205916003
476.18,2.77273,366.828,2011.51,111.223,500000,100000,1,2.77273,111.223,530.3651276068626,2.854563009981394,392.5363737030606,1640.778442975483,135.02753939366073,492698.4282054476,97376.7632858252,1.0224602297550736,2.8885767329740784,99.17267805928252
476.18,3.86364,366.622,2011.51,112.091,500000,100000,1,3.86364,112.091,489.2674069823848,4.289279796731124,354.06474159544246,1878.5103231292287,105.50130210583558,478190.2579511775,97619.59556798024,1.0489678727455205,3.923121743669282,103.12737665585138
476.18,5.0,366.502,2011.51,112.597,500000,100000,1,5.0,112.597,498.2193296360503,5.308182085517071,358.5293801660617,2136.8340638001227,127.90438008120248,496619.63942711457,105198.3931454876,1.016965911572134,5.078027580698163,109.46172749629103
478.201,0.5,369.707,2011.51,99.104,500000,100000,1,0.5,99.104,470.292155697344,0.5239877014255833,358.22820528886854,1724.4828500017052,97.98134053211022,515140.4477401018,99161.85737671242,1.0108275795642945,0.5200162743861751,85.56475180840626
478.201,1.63636,367.174,2011.51,109.768,500000,100000,1,1.63636,109.768,452.537673083149,1.6300452641689296,371.48181376266274,2284.9600839196382,100.01183420916848,529153.2296600383,102091.30068149597,0.9918527373344468,1.666579051381467,115.5944729609393
478.201,2.77273,366.684,2011.51,111.831,500000,100000,1,2.77273,111.831,455.1090889590911,2.8222884154204166,405.4492655334069,2107.170736124928,112.451253871026,493055.9442516041,99769.01469052937,1.0243687771238996,2.708595275030298,110.429964371384
478.201,3.86364,366.478,2011.51,112.699,500000,100000,1,3.86364,112.699,468.4026317708344,3.942590539745888,371.369913091052,2385.4207428947416,141.4248467101351,496597.53884758987,101562.3238968758,1.0250269308500304,3.965231445479728,120.71810091254468
478.201,5.0,366.358,2011.51,113.205,500000,100000,1,5.0,113.205,484.867117454127,5.042456668145922,411.68127318440514,2099.855249607557,97.257485020706,522929.0408570469,93643.18716143802,1.0879316108061563,4.965027576344204,116.52264892014162
480.221,0.5,369.56,2011.51,99.7242,500000,100000,1,0.5,99.7242,475.2106533052069,0.4392219709007093,339.0678640774311,2106.280901966464,99.91689896932417,526952.0883812879,99809.95167496726,0.9913298010256676,0.4945693386095189,95.12258086681386
480.221,1.63636,367.031,2011.51,110.37,500000,100000,1,1.63636,110.37,480.00052205375175,1.5904309144492657,339.5564092765724,2362.2843353805697,104.11146356033952,506310.43806967785,96085.06302566185,1.0277586336324798,1.5147271271234135,109.2736279633605
480.221,2.77273,366.533,2011.51,112.468,500000,100000,1,2.77273,112.468,494.9582827069143,2.718486013442221,372.0105113990964,1684.978177753887,123.62803589467138,532524.5035094602,94385.8720650191,1.0438681795790856,2.606333155064985,119.4620983912004
480.221,3.86364,366.326,2011.51,113.337,500000,100000,1,3.86364,113.337,490.5849286408098,3.535942237067778,363.4499121241445,2158.192363261711,91.76008874230482,546707.0450995518,98335.42417463896,0.9094482886688076,3.755430165529238,111.7967725284766
480.221,5.0,366.206,2011.51,113.843,500000,100000,1,5.0,113.843,487.7002225851367,4.821043521531313,336.9362631240305,1723.3044600659114,111.4196835259684,449637.7250014135,103302.29546081046,0.9566368966449385,5.031692557237449,112.58255998994936
482.241,0.5,369.413,2011.51,100.342,500000,100000,1,0.5,100.342,453.6015451468466,0.5031692650285529,407.7983510053692,2033.8232333756253,116.54930187486517,492420.5544293447,101524.45834528437,1.0536583571729297,0.4704547983792751,89.91542376031123
482.241,1.63636,366.881,2011.51,111.002,500000,100000,1,1.63636,111.002,498.05590402094106,1.5728867419264216,313.889239805536,1951.315109476802,114.02232673855784,497808.6007670589,81369.29362490514,0.9665577460392092,1.594542964767327,115.8161800040189
482.241,2.77273,366.382,2011.51,113.102,500000,100000,1,2.77273,113.102,471.58711657392286,3.027535850241024,323.35582129602574,2230.786106878715,143.3042149170515,477332.89546049153,97271.63229496084,1.0578990926841023,3.047148285930955,115.07178511040422
482.241,3.86364,366.175,2011.51,113.972,500000,100000,1,3.86364,113.972,478.1455114590567,3.693829879131614,342.7114114011346,2236.560641758713,112.40968492210928,504905.69012305705,85984.19031353065,0.9701852814311382,3.784387280726064,118.22419383246996
482.241,5.0,366.055,2011.51,114.479,500000,100000,1,5.0,114.479,520.8075232815706,4.961061172854198,365.59994413770914,1929.6901281207536,127.8696350612796,495027.6089577085,92077.20293061614,0.9956368523801772,4.71242623813858,117.3079930480536
484.261,0.5,369.267,2011.51,100.957,500000,100000,1,0.5,100.957,501.2862255319001,0.4978363459829849,374.1839573154348,2198.6010000873225,75.17199191452465,508173.2983394111,101788.95534494249,0.8682100614030995,0.5238440604300478,96.35805482202689
484.261,1.63636,366.732,2011.51,111.631,500000,100000,1,1.63636,111.631,469.45148175172784,1.7261489294395511,378.0489908175925,1889.472711109124,101.10859715109385,540338.5656419178,105775.39958627411,1.029389257597938,1.5690502288509618,101.37309490760406
484.261,2.77273,366.232,2011.51,113.734,500000,100000,1,2.77273,113.734,460.7074041174643,2.5290869749091587,373.3731684656183,1996.30890670686,108.78851743842048,494979.2192674811,97808.47396982588,1.0436537308952931,2.918189573410827,117.96054601950432
484.261,3.86364,366.025,2011.51,114.605,500000,100000,1,3.86364,114.605,460.5340130615188,3.921788020370839,357.3658390114302,1950.446201678688,103.07720024236168,497489.36388253374,98677.77847843934,0.9924013651206124,3.874494853605921,127.19205295753132
484.261,5.0,365.904,2011.51,115.112,500000,100000,1,5.0,115.112,495.3746447122397,4.622612094382511,397.34147498216544,2148.1825844560085,137.05212566481856,488769.8893820393,98593.84268111024,1.0000100014729416,4.897837854714779,131.15643929834735
486.281,0.5,369.122,2011.51,101.569,500000,100000,1,0.5,101.569,481.70503649355567,0.5057633416802835,402.3990126545668,1860.444115096116,86.30813654499023,539582.570853749,102434.187411293,1.0808727709752268,0.4788206570147627,111.902599032217
486.281,1.63636,366.583,2011.51,112.257,500000,100000,1,1.63636,112.257,483.9097629433397,1.837878853988195,386.0257811989972,1850.277114106571,115.20267984568063,528650.6302989959,89030.19418502263,0.9543305200181924,1.5188004149609475,114.40168108802328
486.281,2.77273,366.082,2011.51,114.363,500000,100000,1,2.77273,114.363,481.9989934750782,2.776381864077434,287.1780522653775,2183.4047020226208,149.456240382353,500394.6853239968,96751.90467691902,0.9437018256685958,2.832395869448945,123.26564019138743
486.281,3.86364,365.875,2011.51,115.235,500000,100000,1,3.86364,115.235,454.2115339838479,3.720933507571991,324.0817387119713,1807.8764378737767,132.52997949253634,509397.67857968266,106797.9364664506,1.0112503754391022,3.7275836753786975,129.42888649729005
486.281,5.0,365.754,2011.51,115.742,500000,100000,1,5.0,115.742,501.1804247303932,4.745490582019296,369.33088329954273,2018.0641172140624,113.8620101304943,488830.61495431286,98248.15914706384,1.006301185141292,5.112561698306768,94.60432217440491
488.302,0.5,368.977,2011.51,102.179,500000,100000,1,0.5,102.179,487.6795583011795,0.5079539831852471,384.8345105781633,2217.3141100416133,100.59971246051612,460479.53839747095,99388.20668556423,0.9981104979957046,0.5315228305629729,99.08495462216784
488.302,1.63636,366.434,2011.51,112.881,500000,100000,1,1.63636,112.881,458.6423867116652,1.5668735302584402,366.6916689813202,2126.528729348715,93.9921813818321,507009.83025756927,92228.112995201,1.067743188341712,1.5846244896991306,118.87588413862954
488.302,2.77273,365.934,2011.51,114.989,500000,100000,1,2.77273,114.989,487.1971116921105,2.921893741001809,375.8259734776448,2158.447929608836,127.67686893087291,502408.4056421254,104083.2265927831,1.039961072396623,2.9263087714467595,111.84305951059272
488.302,3.86364,365.726,2011.51,115.862,500000,100000,1,3.86364,115.862,495.8220925636266,4.115989874862126,322.2858633026268,2121.776078977156,128.52597367600652,473704.47866393614,100174.85689486646,0.9540753576421488,3.867230277042901,110.78937495968992
488.302,5.0,365.605,2011.51,116.37,500000,100000,1,5.0,116.37,472.4476929926452,5.369028718641442,323.9936433404415,2298.257926994964,75.67009328599653,495695.4058262731,98447.27563194543,1.0059602240200451,4.928057334574385,118.73219875250024
490.322,0.5,368.833,2011.51,102.787,500000,100000,1,0.5,102.787,497.55995133295295,0.463094237992265,369.0991921643038,2180.331403763611,90.0753421769424,513498.94961406896,100756.9347620922,0.9341950243758362,0.5116172722862539,108.61752015529127
490.322,1.63636,366.287,2011.51,113.503,500000,100000,1,1.63636,113.503,449.2705392605822,1.5088251899727436,323.0229966694538,1868.7475950239027,80.98397232440767,488093.3808378396,97341.5680031836,1.0685087550362111,1.617099338282483,106.39441591207694
490.322,2.77273,365.785,2011.51,115.613,500000,100000,1,2.77273,115.613,496.2827135188407,3.0268665296344417,310.6616692671541,1972.9551691844435,100.0576595258662,486508.0204025108,100410.34958652352,0.9808503204532546,2.7033779974977974,116.62611822455
490.322,3.86364,365.578,2011.51,116.487,500000,100000,1,3.86364,116.487,521.483564638921,4.048594348721645,325.02580418516106,2085.215304814099,87.29072139631566,508606.5111450852,101506.3889337538,1.0726606638431295,3.871784725001804,115.59360341961988
490.322,5.0,365.457,2011.51,116.996,500000,100000,1,5.0,116.996,517.0888088732879,4.739019754937754,451.9988837972351,2285.940576205672,96.68792406842807,467245.7623956416,107739.96804347094,0.9496263178581424,4.782066538678661,80.87147746675214
492.342,0.5,368.689,2011.51,103.392,500000,100000,1,0.5,103.392,490.6133783384847,0.513995294048269,350.12411287119613,2453.490645480772,112.1235769908106,505001.4782148216,100254.6233368788,1.0019662184816225,0.4774740946430612,96.96319953036736
492.342,1.63636,366.14,2011.51,114.121,500000,100000,1,1.63636,114.121,471.1533441117806,1.5958674376253743,310.50825357089815,1961.1971287012552,105.22899086102149,491225.21054328507,96376.43723004052,0.9343393374098096,1.6864931655452418,131.4822925835198
492.342,2.77273,365.638,2011.51,116.234,500000,100000,1,2.77273,116.234,495.7046317469479,2.808703235856828,324.72587652150423,1839.478966384299,127.2590571271214,485724.9243783245,98995.56030844808,1.033636263614486,3.058958802873204,117.95491617656764
492.342,3.86364,365.43,2011.51,117.109,500000,100000,1,3.86364,117.109,503.3453936258032,3.87650376275876,362.7715479667765,1754.006666040963,126.01434442122655,478910.1486057086,99841.059807514,1.0429124418721127,3.760434845927211,132.63085430737092
492.342,5.0,365.308,2011.51,117.619,500000,100000,1,5.0,117.619,463.53308282256,5.1413000542711496,354.2318217555493,2028.169907380497,112.89817615859464,521664.1981997957,100844.71921332076,1.0675830768871557,5.048226307807825,125.01994738555314
494.362,0.5,368.546,2011.51,103.995,500000,100000,1,0.5,103.995,466.82402557905874,0.5219826823177244,363.336852699512,2125.4812985883973,111.98228797992913,514291.8489468956,95153.49892459654,0.9867871892501748,0.4611087238593589,109.35134572978755
494.362,1.63636,365.993,2011.51,114.738,500000,100000,1,1.63636,114.738,497.2435993177753,1.5565969159630428,378.54638107842993,2136.8512308971035,124.22096216851112,485185.1596917454,99670.9819043534,1.0376246215712854,1.703444750458727,107.0165442326384
494.362,2.77273,365.49,2011.51,116.853,500000,100000,1,2.77273,116.853,528.4032961066134,2.9508750902256256,393.5127865114886,1652.8667268192903,153.61401723419985,466379.5569781362,92735.0574091908,1.015267357339488,2.6896242836088966,115.51865335054364
494.362,3.86364,365.282,2011.51,117.729,500000,100000,1,3.86364,117.729,536.5639489656659,3.8905797062924528,443.5753012908116,2189.371168159249,146.9942337873846,510609.87709842,107764.68271387326,1.0601164761220467,4.309987378613945,123.20562612826588
494.362,5.0,365.161,2011.51,118.239,500000,100000,1,5.0,118.239,476.6128028720454,5.132067484728776,315.78990262554845,1986.3827264599176,105.5748518903381,457772.80339761183,101602.44452045656,1.000895121107094,5.085229774345109,133.87957193148208
496.382,0.5,368.403,2011.51,104.595,500000,100000,1,0.5,104.595,481.7919355828578,0.4919313861819164,354.5287682517708,1858.143590358804,106.90321565223644,494790.5437106551,95439.40286816012,1.0578439219454925,0.523696674366784,105.70443382991289
496.382,1.63636,365.847,2011.51,115.352,500000,100000,1,1.63636,115.352,477.0703877009393,1.637768871819849,307.0041250965008,2172.5621276887287,114.93331200127368,492233.41684942687,99045.12079559689,1.009931187733652,1.52844727220154,112.809219688325
496.382,2.77273,365.344,2011.51,117.469,500000,100000,1,2.77273,117.469,543.344496531292,2.7654440749309512,348.7366884922902,2060.272998433384,119.09030111215156,518218.3194753573,107162.79976338473,1.0198245104300876,2.858256068134702,111.6725137355993
496.382,3.86364,365.135,2011.51,118.346,500000,100000,1,3.86364,118.346,504.758001360842,3.9620664961367846,394.9740701766467,2065.908647229394,74.75042719229967,462339.6867239327,95564.3277915263,1.1099001674096869,3.9355111804143,117.2614541735917
496.382,5.0,365.014,2011.51,118.857,500000,100000,1,5.0,118.857,487.4906969602758,5.044559935976264,278.7058786787441,1720.1537789803492,78.3424809391397,521386.8995301485,102327.63752169942,1.0149368991969452,5.157845900140734,125.89450394058962
498.403,0.5,368.261,2011.51,105.194,500000,100000,1,0.5,105.194,484.640566758166,0.5350194319048913,423.2634009894728,1837.310004419703,100.81536879338265,533194.9925581673,105036.2804816759,1.0223982517586885,0.4823471275223773,107.54057844504608
498.403,1.63636,365.702,2011.51,115.964,500000,100000,1,1.63636,115.964,490.2340138489081,1.7258825421563588,374.480670237916,2101.1806715803427,120.13504385891038,485496.14420133416,108378.53290356176,0.9354292508435852,1.5663501383323473,118.75921197708166
498.403,2.77273,365.198,2011.51,118.084,500000,100000,1,2.77273,118.084,484.2060163890464,2.774283859130543,332.9679231073576,2191.478806285139,131.48163280691736,508170.436293147,99638.98505933252,0.9490690457887592,2.98092488633792,128.7682070081448
498.403,3.86364,364.989,2011.51,118.961,500000,100000,1,3.86364,118.961,488.3530077324106,3.95006697952533,319.33501862819634,2244.3064570862416,121.30354073269096,513996.13724429614,113356.63669147814,1.006026387475382,3.955208475517848,112.61323333275072
498.403,5.0,364.868,2011.51,119.473,500000,100000,1,5.0,119.473,483.80495746275017,5.176630193355157,350.73833877890235,2133.634459716276,132.7284294279326,486943.62893663626,102300.9963266342,1.058103924294305,5.039200940386073,114.84601664208196
500.423,0.5,368.119,2011.51,105.79,500000,100000,1,0.5,105.79,494.8783208068378,0.4957207201189616,390.2816972791588,2090.2474099299407,112.87591950573328,519919.1339676908,111633.45698519774,0.9664938463016044,0.5093517713718363,106.62251060562237
500.423,1.63636,365.557,2011.51,116.573,500000,100000,1,1.63636,116.573,465.0749768776853,1.6995112630477405,363.8282573426725,1834.038679577552,145.87066544036998,538965.9165016399,100166.37038904145,1.0563112102642465,1.5410669985311296,132.41300101446595
500.423,2.77273,365.052,2011.51,118.695,500000,100000,1,2.77273,118.695,569.9808868362412,2.4167689857975767,391.68584423612174,2223.317468437964,119.27376323148222,497765.6230358125,101472.56633615804,0.905804160169588,2.855822262665716,112.44854989621486
500.423,3.86364,364.843,2011.51,119.574,500000,100000,1,3.86364,119.574,496.1275277540999,3.720852121214695,336.0847078494769,1969.130517915476,130.3409866657408,494577.5477552399,99306.93948561224,0.9686574195279508,3.716408358664321,124.04681955583486
500.423,5.0,364.722,2011.51,120.086,500000,100000,1,5.0,120.086,464.5475294086136,5.177693506293799,359.8078428820502,2157.507928109758,117.13451680226552,513857.2191251656,103748.58492302604,0.9923572174114812,5.045768488222664,89.0584031839524
502.443,0.5,367.978,2011.51,106.384,500000,100000,1,0.5,106.384,510.7361681612796,0.4954513640414395,356.85445032873383,1925.27172236656,101.41248430392166,446029.6891438583,101045.27481665056,1.0410765955382633,0.4968039555308248,101.0611483297532
502.443,1.63636,365.413,2011.51,117.18,500000,100000,1,1.63636,117.18,515.2474893202104,1.7205383800500298,401.2336686978251,2042.066779008681,101.07710241893774,471667.4029407846,102799.23993885129,1.0191299472784463,1.6461086590721867,161.31209813454245
502.443,2.77273,364.907,2011.51,119.305,500000,100000,1,2.77273,119.305,495.58855838016126,2.878379868248752,350.7539169280293,2120.553928867027,149.06188477573724,466094.36557063344,104747.9438747456,0.9541587775297168,2.580197558438764,108.26361439527436
502.443,3.86364,364.698,2011.51,120.185,500000,100000,1,3.86364,120.185,456.4774589860703,3.6772855176620753,426.97699303724,2085.5539617840504,138.8681647290145,463718.2561250678,100529.10783730364,0.9889891594100024,3.8776918540386296,122.3091935537239
502.443,5.0,364.577,2011.51,120.697,500000,100000,1,5.0,120.697,493.4472744411662,5.256283651139396,399.7551353078343,1991.4375815413505,132.57158321446155,464203.8858896142,105106.11129007798,0.9900154632143766,5.11262660056974,113.53676125776056
504.463,0.5,367.838,2011.51,106.975,500000,100000,1,0.5,106.975,535.418711705429,0.4773852196571732,292.08712404360585,2272.126019492275,113.21961957379624,464803.3027606768,91249.63507672276,1.0132668602919288,0.5258686334678027,107.49826577927811
504.463,1.63636,365.269,2011.51,117.785,500000,100000,1,1.63636,117.785,511.6024923696244,1.5183057426477478,362.9666209505053,2167.470386631628,127.28551438254657,513721.1461781459,104478.7484259704,1.0274566852592608,1.6285245489136329,118.1229159674403
504.463,2.77273,364.763,2011.51,119.912,500000,100000,1,2.77273,119.912,504.05380187141,2.9493611697337574,364.16713183166064,2221.5285143019114,118.98821118548555,527074.154904177,99372.64422209909,1.0339098487703329,2.66112906879005,97.08528963742164
504.463,3.86364,364.554,2011.51,120.793,500000,100000,1,3.86364,120.793,508.4673276862053,3.576135301930421,338.34239324435055,1717.278473791313,146.53606682931263,479050.4953831015,101463.5110320234,1.0604628768066828,4.077192182236587,108.03410114724316
504.463,5.0,364.432,2011.51,121.306,500000,100000,1,5.0,121.306,548.3750282576589,4.828516374012596,363.746150697542,1786.304708910326,98.07286878046511,512925.8169464113,101670.4720032832,0.9789030972612256,5.113486288262226,118.86572942282618
506.483,0.5,367.698,2011.51,107.565,500000,100000,1,0.5,107.565,473.8280001874138,0.5118335295846286,368.9372824359461,2313.044497557013,94.6122053273294,470857.8977227566,108666.5641718255,1.0224805462924589,0.5217673293539278,96.14372726091216
506.483,1.63636,365.126,2011.51,118.388,500000,100000,1,1.63636,118.388,454.5807869648694,1.5189209933086776,386.541086046248,2007.855562472762,92.0908756000088,488392.9934915163,104766.0083177768,0.9816314155330728,1.754765914530575,100.0974060964474
506.483,2.77273,364.619,2011.51,120.517,500000,100000,1,2.77273,120.517,512.9977242242409,2.9291123360873854,329.0993724198233,2270.679196056993,109.1540917803005,486989.4906434374,102414.04190304418,1.030917023295698,2.9844902145607515,137.31799603887114
506.483,3.86364,364.41,2011.51,121.399,500000,100000,1,3.86364,121.399,530.1878268052369,3.833540489885935,378.43122215835785,2257.702991424449,102.04086788075428,538825.5479331333,100200.84936692244,1.017406851403191,3.494039713139082,117.2082608618541
506.483,5.0,364.288,2011.51,121.912,500000,100000,1,5.0,121.912,485.620031537677,5.240340089954703,393.076344372647,2040.6059660371784,91.39401100134764,530779.9049911725,97135.95231332265,0.8979422297838701,5.363305126010155,98.15052994026244
508.504,0.5,367.558,2011.51,108.153,500000,100000,1,0.5,108.153,538.7877188371285,0.5395984110240871,405.9851781326309,1998.514092962133,122.14862782223317,469837.0814742083,100139.6859065671,1.0237589302697527,0.5127291146270159,96.21330978757176
508.504,1.63636,364.983,2011.51,118.988,500000,100000,1,1.63636,118.988,538.9422365263822,1.63623139786434,373.1930790895455,2087.189831496554,99.5371723481784,471254.96265322994,100838.81988965967,1.0403536900183925,1.752490736533034,110.2752629929476
508.504,2.77273,364.476,2011.51,121.12,500000,100000,1,2.77273,121.12,531.2400471382412,3.0793014714197167,415.3518088040551,2266.583669420562,107.8776782644854,551847.0987902018,104934.1129892072,0.9900371142359452,2.8061195099407468,126.26947490382015
508.504,3.86364,364.266,2011.51,122.003,500000,100000,1,3.86364,122.003,480.6157317316463,4.126664673102604,366.57467670460966,1873.065521569241,136.8506739490066,454331.7940025089,107355.14410067452,1.0296692227534143,3.98885611779496,133.74959570772074
508.504,5.0,364.144,2011.51,122.517,500000,100000,1,5.0,122.517,539.7948674998112,4.707239740084546,371.60550678600487,2310.397766335142,74.26915843046237,467636.6012059421,95702.62312938436,1.063040415672903,5.184950371217659,132.65714987282178
510.524,0.5,367.419,2011.51,108.738,500000,100000,1,0.5,108.738,486.3008403278112,0.5535242574082588,316.8093603536676,1858.5421297837736,101.31409583126816,488898.5109827636,92969.6771054352,0.9708778168242014,0.4934111498976166,99.66849854279567
510.524,1.63636,364.841,2011.51,119.587,500000,100000,1,1.63636,119.587,495.2726351742975,1.658027389869983,322.7895503415066,1910.4368749154007,100.39816735000566,487566.71421941294,99280.37415017368,1.0495795875286176,1.726551724875565,110.16480687075766
510.524,2.77273,364.333,2011.51,121.721,500000,100000,1,2.77273,121.721,481.92398811764593,3.0130482402475467,392.2054653092231,2140.363680903245,133.2646949235573,506422.34571704303,100331.90082722588,1.036518473509552,2.7304042976736214,114.29606366706147
510.524,3.86364,364.123,2011.51,122.605,500000,100000,1,3.86364,122.605,476.133727049035,3.4328189774814493,339.684917332018,1845.478038636246,113.78536774993584,495266.6222394576,102049.00070721036,1.036787170673562,3.79821471065496,137.989322695111
510.524,5.0,364.001,2011.51,123.119,500000,100000,1,5.0,123.119,472.88554950986935,5.370248101029373,387.00875276848177,1615.9919995359191,144.2189053887505,523108.4029931749,111591.20419793933,1.0299981736517794,4.697050769424495,124.10798233738296
512.544,0.5,367.28,2011.51,109.322,500000,100000,1,0.5,109.322,536.808026868513,0.5094409892946661,391.8287517150584,2006.1279362594885,60.908779589426224,494394.71085540496,101532.1825314578,1.0338902203692482,0.5412073695657619,103.39498993116372
512.544,1.63636,364.699,2011.51,120.183,500000,100000,1,1.63636,120.183,478.676225547924,1.6233803085312055,318.65755268039453,2117.431377173516,134.50159787478088,470836.1467980802,103422.6976233888,1.0072463973071524,1.6114882992898467,103.18216622741096
512.544,2.77273,364.191,2011.51,122.32,500000,100000,1,2.77273,122.32,478.3970796988364,2.957179163164549,380.5309647594685,2051.7651555878,127.54781640649888,476607.0893773256,98919.34211494932,1.0068657268548866,3.09856620874852,138.08002050153266
512.544,3.86364,363.98,2011.51,123.204,500000,100000,1,3.86364,123.204,547.1196813216806,3.610239223329448,360.0490432429693,1794.0438100117203,110.3980112238642,510146.1889875871,101239.70669891688,0.973198924169121,4.252355225535291,133.4150003932646
512.544,5.0,363.858,2011.51,123.719,500000,100000,1,5.0,123.719,522.7631987436675,5.073733683777534,341.7664812855917,1810.123429665856,84.32902115248262,553992.9241954882,104753.13533664552,0.991644248652074,5.227193958385324,103.03137145231096
514.564,0.5,367.142,2011.51,109.903,500000,100000,1,0.5,109.903,534.7653988346977,0.4915044707922926,338.3668723897097,1771.5495838867212,92.49175238598788,481485.3337910676,87806.42774082281,1.0657094948576145,0.5394258763466504,129.05157105666314
514.564,1.63636,364.557,2011.51,120.777,500000,100000,1,1.63636,120.777,524.8416279121835,1.6608385923968634,359.8034117789226,1842.9069334493863,137.60856909567752,502161.6514728153,97694.06230391128,0.968693238768301,1.5875533235051564,118.27685340672592
514.564,2.77273,364.049,2011.51,122.916,500000,100000,1,2.77273,122.916,539.4636096574139,2.691376338953293,364.49830747879065,1807.248677310146,144.92561170919515,520064.5377466734,97834.7891155499,0.9769657693887293,2.737517180564675,134.2393733410342
514.564,3.86364,363.838,2011.51,123.802,500000,100000,1,3.86364,123.802,533.3944199048759,3.817891055446454,362.356230496151,1979.5819316032907,115.45069104717132,499704.7607743093,103119.59427260493,1.0940672165570413,4.083698769469809,138.39768641800543
514.564,5.0,363.727,2011.51,124.269,500000,100000,1,5.0,124.269,478.3621792351578,5.005210370534443,353.45730010143217,2289.30723985108,105.9837140911039,497973.9362850467,100723.25928350116,0.9841272163396788,4.622609278412478,97.43045375714205
516.584,0.5,367.004,2011.51,110.483,500000,100000,1,0.5,110.483,510.9011103599727,0.5123313544048258,349.7852271996219,2130.6405943553827,91.31460324964468,502191.8883587656,100172.87002377168,1.0871372065548806,0.4776265621820559,108.45178136385584
516.584,1.63636,364.417,2011.51,121.369,500000,100000,1,1.63636,121.369,466.62806080497546,1.668605449919083,276.96243313886185,2026.0738699390856,130.6679931777259,518285.3499649448,92262.86466681624,1.0001731150856443,1.4737001140579096,141.14911410285637
516.584,2.77273,363.919,2011.51,123.462,500000,100000,1,2.77273,123.462,534.317495644437,2.6742605286061814,351.1729795803665,1997.3314038017547,140.84949125722972,528381.3089797787,104431.29359827758,0.9935020571188594,2.662273192763184,129.59975541616012
516.584,3.86364,363.709,2011.51,124.347,500000,100000,1,3.86364,124.347,552.0891093524883,3.7085066628776073,359.82267440393406,1933.86492256203,115.40256348562428,474466.5406262433,105092.71035517535,1.040179334671706,3.757515262380786,112.20181598658442
516.584,5.0,363.586,2011.51,124.863,500000,100000,1,5.0,124.863,478.37755020263353,5.007293606692024,354.436703182782,1885.093640304848,118.52557839113442,501726.5188591561,106769.79379424344,1.01878148096001,5.35194340054621,149.05858564325476
518.605,0.5,366.877,2011.51,111.018,500000,100000,1,0.5,111.018,522.2262028253368,0.5067445982349984,407.5777466709577,1763.5873191537848,105.22728062774442,508040.9117050826,94331.47209879557,0.8977985861024482,0.5049177513915923,121.84303283278864
518.605,1.63636,364.288,2011.51,121.911,500000,100000,1,1.63636,121.911,489.5432146255336,1.7056067809893245,369.7095791465476,2017.347147508844,118.16619299878212,515754.2179770359,103355.94498274638,0.9721993129638866,1.5751677170527536,122.99483339499604
518.605,2.77273,363.779,2011.51,124.052,500000,100000,1,2.77273,124.052,527.3247697376617,2.5220277868272696,309.92997847968184,2331.334829892782,96.97889837463454,482323.938890444,96289.69092680776,0.927383420090505,2.557735843571485,98.91592724488244
518.605,3.86364,363.568,2011.51,124.938,500000,100000,1,3.86364,124.938,555.8519765495413,3.838913288334326,342.7950996428106,1872.0260144186527,102.97923902590526,499989.7637653625,94795.698950341,1.0808276812100457,3.871567825617323,149.38089025816572
518.605,5.0,363.445,2011.51,125.453,500000,100000,1,5.0,125.453,547.6857549380716,5.386910193398818,377.6987426563099,2022.206797398664,138.21350131033032,462777.3238750378,101087.80874160943,1.0298410515840266,5.195301727660895,132.919156970075
520.625,0.5,366.741,2011.51,111.592,500000,100000,1,0.5,111.592,503.41769154672807,0.4553215353103887,394.64372658629793,2111.0732726430124,117.74234738474073,519553.44427559496,97945.99640809224,1.015595779170039,0.4944962153183151,122.79315815291255
520.625,1.63636,364.149,2011.51,122.496,500000,100000,1,1.63636,122.496,539.0444996157768,1.630998538828925,328.5952486203885,2451.710753396586,112.8979901080278,449892.8187397619,100585.03166589234,0.91960194083891,1.7028943477970846,127.14015808868812
520.625,2.77273,363.639,2011.51,124.639,500000,100000,1,2.77273,124.639,496.7939885864933,2.584188766745224,352.9622986309262,1958.276641334491,144.46331590866558,466797.0831061578,100698.8251410867,0.982185021840391,2.924092712999287,130.24505027055304
520.625,3.86364,363.428,2011.51,125.526,500000,100000,1,3.86364,125.526,532.8722604929858,3.474128232523832,350.7629084302004,2260.822542541201,113.54967287200073,516770.17315443,101059.1239546775,1.035644242429007,4.031872304511692,136.17100003513994
520.625,5.0,363.305,2011.51,126.042,500000,100000,1,5.0,126.042,556.1713607276369,5.119779781945693,363.9312482654291,1963.393431080213,139.82270633578133,519407.2730496222,101065.01966148164,0.9469126414594232,5.054778704999632,114.46689105885228
522.645,0.5,366.605,2011.51,112.163,500000,100000,1,0.5,112.163,506.1779500270126,0.5157182637064909,340.0134115697271,1799.0356442968498,105.31720225495806,482016.4673790347,96357.044555782,1.047216533314988,0.5093238002582147,112.94285087899156
522.645,1.63636,364.01,2011.51,123.08,500000,100000,1,1.63636,123.08,536.7502611903584,1.507506469185774,402.7436952104823,1889.917497542539,115.59359084868566,489748.21390873793,100047.10044450677,0.9997372660683812,1.7569183035162057,114.6206286383634
522.645,2.77273,363.5,2011.51,125.224,500000,100000,1,2.77273,125.224,510.67577141116783,2.767438302056529,379.77832521070246,2038.569987065372,126.78148708213058,523971.6570633048,106182.67843388396,0.9646060266426908,2.7658721949233054,130.42498735982252
522.645,3.86364,363.289,2011.51,126.112,500000,100000,1,3.86364,126.112,520.1535227695755,4.009702568968423,300.3921964995153,1760.234114478275,96.51003345888248,501059.0594527047,98865.72001573331,0.9967500583482974,3.6314327059486975,129.5462368527455
522.645,5.0,363.166,2011.51,126.629,500000,100000,1,5.0,126.629,517.9511325352976,5.108920777981126,332.6835906714698,2145.7425920162186,118.19988559993216,467036.8577182964,96494.69886084652,1.1078330230141962,5.177192407861701,141.49857775012663
524.665,0.5,366.47,2011.51,112.732,500000,100000,1,0.5,112.732,569.935556690358,0.5310241399684633,340.88269511259494,2230.675846944612,132.19760419287218,526683.1187270847,104295.01312050372,0.9893075158224384,0.4917094269940436,124.3847655045385
524.665,1.63636,363.872,2011.51,123.661,500000,100000,1,1.63636,123.661,503.9205087869041,1.7554386930123511,386.6258718077862,2094.010464729178,129.03119978166973,442324.5531930422,101191.50246289562,0.9306050056959102,1.731794971086473,138.5465279814516
524.665,2.77273,363.361,2011.51,125.808,500000,100000,1,2.77273,125.808,533.6395532646593,2.7782009011938,322.1850763531171,2047.1848656110592,117.55002553566376,511294.8146155632,103200.751094457,0.9603502957695456,2.7324979546594754,99.1428990387727
524.665,3.86364,363.15,2011.51,126.696,500000,100000,1,3.86364,126.696,505.3885220222612,4.046842078659371,347.46435421838066,2211.6065184849376,121.4763761704696,496433.1504651013,105694.66008334087,1.0237278002724124,3.824540132329564,151.02860932372496
524.665,5.0,363.027,2011.51,127.214,500000,100000,1,5.0,127.214,531.3474256096794,5.187395642843407,377.7951629877079,1981.8489798820656,92.09386159040376,490862.4714210504,97414.13124317024,0.9784585059452208,5.007206249006225,144.08475007891118
526.685,0.5,366.335,2011.51,113.299,500000,100000,1,0.5,113.299,523.2911108902656,0.5000529605254368,423.2103061780552,1834.627444587421,113.7711153814069,514698.33145634766,102858.76472731936,0.9910696642403934,0.4907078429040192,103.67774522716988
526.685,1.63636,363.734,2011.51,124.24,500000,100000,1,1.63636,124.24,548.9231120491032,1.6360852862435689,337.84137135430666,1921.336833013552,129.9264190839346,562017.0423359718,96259.53565032632,1.005019220067203,1.61781135063126,122.01302128559686
526.685,2.77273,363.223,2011.51,126.389,500000,100000,1,2.77273,126.389,555.7506387713743,2.6972561480491484,339.23900735245275,1785.0891727769467,182.42103096300067,468696.0442341885,98189.51027065096,1.003898736317536,2.5546238660155094,119.7971873240695
526.685,3.86364,363.011,2011.51,127.279,500000,100000,1,3.86364,127.279,504.6037151429909,4.189791452360091,345.2567311833785,2018.5004170107504,113.72951072055866,480236.2791239485,102534.861492128,0.8790544310145177,3.846437016481384,129.21733623409796
526.685,5.0,362.888,2011.51,127.796,500000,100000,1,5.0,127.796,549.0880572135752,4.6142944627406965,362.2627416458628,2368.3972787118323,127.12131607891853,498656.3253093794,101225.06039369942,0.979196649875684,4.741750700075507,118.10144558851576
528.706,0.5,366.201,2011.51,113.865,500000,100000,1,0.5,113.865,552.2826665497261,0.4954421324820752,358.53483612090827,2186.6901436646453,135.37167364955764,503843.1510565869,100589.40296552448,0.942918339445758,0.4638385880178352,120.86188103959324
528.706,1.63636,363.597,2011.51,124.817,500000,100000,1,1.63636,124.817,490.8677052116621,1.775324494110964,344.8879860643943,2105.2383441416114,117.00993450564025,508700.3352719194,97539.28287052056,1.017279151997337,1.6035641171192967,143.64708059150033
528.706,2.77273,363.085,2011.51,126.969,500000,100000,1,2.77273,126.969,529.2846375541387,2.7891715157321246,427.7537787108493,1858.523636232953,93.59423265109989,505871.9745447164,106369.23701455424,1.0015300425761944,2.6350974557033378,134.33862875491783
528.706,3.86364,362.873,2011.51,127.859,500000,100000,1,3.86364,127.859,550.2707145809935,3.6291726499779497,368.8242439747467,1986.4754459736896,135.3720400313223,470238.677711039,101879.02138599896,1.1015812222102288,3.973762619797701,132.01476672106838
528.706,5.0,362.75,2011.51,128.377,500000,100000,1,5.0,128.377,480.2314379209856,4.823503708625273,307.5867385478944,2037.2390558691568,123.36121031167713,512633.3871672485,100905.46545959654,1.002236353749086,5.150549962954061,113.40201292171147
530.726,0.5,366.067,2011.51,114.429,500000,100000,1,0.5,114.429,508.60538588371855,0.529219222925278,392.8782430134506,1964.780103894856,130.44261706627597,478503.89825388417,98116.50947074158,0.9909064876572176,0.5346851111229182,100.99296390661011
530.726,1.63636,363.46,2011.51,125.393,500000,100000,1,1.63636,125.393,561.6565758160132,1.6926596223407084,346.27497894119125,2233.3880446279486,139.48614748793588,553564.9036906647,105292.7762447018,0.9879348743412192,1.5192961514868395,105.07667424308956
530.726,2.77273,362.948,2011.51,127.546,500000,100000,1,2.77273,127.546,583.8630160096626,2.65959941738613,384.7512824812443,2127.792277067749,161.1757008948237,520830.64838661416,108398.5038705131,0.9737270036076616,2.94365687548132,123.08784967148458
530.726,3.86364,362.736,2011.51,128.437,500000,100000,1,3.86364,128.437,605.670360500951,3.375275017483844,299.6469364022462,1969.7612447278264,111.66902308456724,474784.4900591588,95564.92269327506,0.9772782959593403,3.916423542733175,126.61636676604108
530.726,5.0,362.612,2011.51,128.956,500000,100000,1,5.0,128.956,517.8378831303331,4.924791178261242,345.29619449444345,1898.8059214208488,136.119034676607,501786.4901437072,103274.32689824003,1.0298646524644204,4.688770430261204,135.86845112527567
532.746,0.5,365.933,2011.51,114.99,500000,100000,1,0.5,114.99,493.1133814456092,0.4845962967776843,394.61050866567246,1765.553977337057,139.4717930652647,522073.0613252648,98936.68956089516,1.0143581381437847,0.4781143410693079,101.91227522087794
532.746,1.63636,363.323,2011.51,125.966,500000,100000,1,1.63636,125.966,548.7479055443376,1.6211577565928563,345.1158486252517,1858.98472095064,111.72492574425348,442073.701145519,95858.36472813746,1.020933924679772,1.6167632231951456,106.06029402385842
532.746,2.77273,362.811,2011.51,128.122,500000,100000,1,2.77273,128.122,495.0402607723995,2.930909107572877,352.3872399320916,1861.41318342112,108.19037781820118,504769.8587511695,106546.0535224333,0.9347800387823244,2.8470325681013646,119.77633984366098
532.746,3.86364,362.599,2011.51,129.014,500000,100000,1,3.86364,129.014,534.8747268548225,3.834941767838676,442.58879125894487,1794.782184573589,103.67851668165396,538491.8271628692,100395.19242309948,0.9899204413506733,3.7142251559156447,145.54797635248607
532.746,5.0,362.475,2011.51,129.533,500000,100000,1,5.0,129.533,588.0923848702065,5.2578539766085015,369.1531698264646,2167.299457466859,92.66390834120028,501517.5997532664,97874.58167934755,0.969618980673596,4.594299617651021,135.8764815875027
534.766,0.5,365.8,2011.51,115.55,500000,100000,1,0.5,115.55,533.8829605910872,0.5080458797505693,430.3853807401368,2091.942014450086,126.08072336133613,503700.6246798539,95869.61464897142,0.9180187079996052,0.4995810784820603,112.07033291233284
534.766,1.63636,363.188,2011.51,126.538,500000,100000,1,1.63636,126.538,531.103131574746,1.6592928729260663,358.16610267940035,1599.5234909052133,142.73469148491782,497412.199594324,100990.5542909385,1.051113816315207,1.6958133963557107,102.69079825857322
534.766,2.77273,362.674,2011.51,128.695,500000,100000,1,2.77273,128.695,505.8777447075526,2.797536468638936,426.2116127945061,1723.3906901096138,142.96550324995812,497480.8404690219,104069.57987351331,0.9517975731940432,3.081599937348805,132.14052215314038
534.766,3.86364,362.462,2011.51,129.588,500000,100000,1,3.86364,129.588,479.3547454452578,3.736275293463157,385.4601468709138,2170.9317933832986,159.84159680429494,486767.8375664789,84618.08140689833,0.9063184031428756,3.78968064155316,122.8484179541484
534.766,5.0,362.338,2011.51,130.108,500000,100000,1,5.0,130.108,539.2175331637495,5.0931918060691,323.22242791777785,1873.9774977678333,144.09051320757197,539902.677470822,103555.69461515166,1.0292442592544515,5.148377159643229,119.81846925059006
536.786,0.5,365.667,2011.51,116.109,500000,100000,1,0.5,116.109,472.4768286388134,0.4773373054766807,364.1992490097768,2351.840472836988,139.79994906320846,474999.4308482757,98646.87301390304,1.053471805219329,0.555608510615963,115.19440823692264
536.786,1.63636,363.052,2011.51,127.107,500000,100000,1,1.63636,127.107,560.5456599726177,1.6997878277720473,341.6303573971011,2142.346742312684,144.8822286061798,472849.41532944987,95982.10976275027,1.01712983964915,1.6063065585214182,150.68615381595367
536.786,2.77273,362.538,2011.51,129.267,500000,100000,1,2.77273,129.267,549.3267223789554,2.753162800103425,307.94632466017976,2331.6052419327,162.7696430036666,512651.1777077818,95210.30622391976,1.0110994664239448,2.809087444381123,133.08592742247842
536.786,3.86364,362.326,2011.51,130.161,500000,100000,1,3.86364,130.161,524.1512626680602,3.808060175594841,348.380710939261,2010.0955880142485,158.8829839767547,481384.70355376526,97033.80522790828,0.9512907496778504,3.816784358105565,126.0587230816572
536.786,5.0,362.202,2011.51,130.681,500000,100000,1,5.0,130.681,538.9237390426499,4.632994587808162,360.1405576184507,1459.048204678464,114.3095572983596,503479.67909779,100995.34207043012,1.069525169203796,5.119980535885286,122.71065651250856
538.807,0.5,365.535,2011.51,116.665,500000,100000,1,0.5,116.665,435.44615669506265,0.5245794620249755,303.2007209285841,1787.823729871317,130.77853373058278,512613.01733547327,107305.0194296866,1.0308820232603784,0.4988205347988189,128.92519596187807
538.807,1.63636,362.917,2011.51,127.675,500000,100000,1,1.63636,127.675,525.8832050195065,1.5471167124788554,376.26875197145125,1841.5182322535336,122.11068642742676,469278.7214961784,101903.38670425696,1.0619156068271367,1.557490658532673,115.86238926037308
538.807,2.77273,362.403,2011.51,129.837,500000,100000,1,2.77273,129.837,527.7792216344089,2.954565914793821,337.8758896067366,1795.2299668646451,121.52171156647611,504248.7993512702,99834.72900701856,0.9878542678652787,2.968194817430122,130.71833027465155
538.807,3.86364,362.19,2011.51,130.732,500000,100000,1,3.86364,130.732,508.52932240847474,3.837348613918962,373.5570807725515,2181.6100924055386,94.49343333230372,469618.7944509582,91819.9121868441,0.974032400835997,3.804897165016933,116.13567946828202
538.807,5.0,362.066,2011.51,131.252,500000,100000,1,5.0,131.252,566.6271549279278,5.225581440282596,352.91399762743026,1683.2358789635884,91.85559197380812,484626.45050221466,107416.9504263318,1.0415300369300002,5.224439963508829,151.53649990703647
540.827,0.5,365.403,2011.51,117.22,500000,100000,1,0.5,117.22,580.1408026960959,0.5095913755966697,406.07072194481935,2048.996215271361,126.30779866449176,496219.33459891146,99237.1156102959,1.0641555377066807,0.4508805319049652,132.34577469382964
540.827,1.63636,362.782,2011.51,128.241,500000,100000,1,1.63636,128.241,585.7949112894669,1.685294713574106,363.89977179935113,2338.490140545988,106.817419102445,510811.5301823952,103072.25767954296,0.8927160464410846,1.6524158319278788,123.62212857856213
540.827,2.77273,362.267,2011.51,130.405,500000,100000,1,2.77273,130.405,500.0695790619608,2.739274047401154,349.1770113469414,1970.8252935841176,95.75798158356332,527867.3544832946,97290.86627445136,1.0101761163769034,2.6900915564035617,124.21255058785462
540.827,3.86364,362.054,2011.51,131.301,500000,100000,1,3.86364,131.301,535.843576600291,4.038115721756735,340.72321064433976,2172.7777858162945,121.3376136818438,498916.4126336427,99247.95005674816,0.9934680543806004,3.59098593734843,131.67543092809623
540.827,5.0,361.93,2011.51,131.822,500000,100000,1,5.0,131.822,539.8078893775169,5.221367645735024,346.7557247248017,1894.2476323193584,137.00049300387712,510704.1931877865,102109.30352940992,1.0970530482130016,5.10140069741427,133.15668602799587
542.847,0.5,365.272,2011.51,117.773,500000,100000,1,0.5,117.773,549.1946484243783,0.4617467267814167,370.9257239951057,1860.4396442442128,124.14994325965569,512216.44490835327,114759.56901761248,0.9995328456624378,0.4602640200723647,117.57080861767034
542.847,1.63636,362.648,2011.51,128.806,500000,100000,1,1.63636,128.806,541.9647679582656,1.644271039928794,312.4861395283657,2320.165774872958,141.22025308513415,522965.91811339447,105330.67649292802,1.0017729179206751,1.6317998036246764,118.6752022258018
542.847,2.77273,362.133,2011.51,130.972,500000,100000,1,2.77273,130.972,495.1984528844229,2.6868275313330185,362.7583865261004,2151.4460977469107,119.2119884839865,497532.1227285753,92935.09558995372,0.9422585129624708,2.64733807256354,111.78420031847436
542.847,3.86364,361.919,2011.51,131.868,500000,100000,1,3.86364,131.868,555.8248588509372,4.01701603823727,342.3961459262682,1995.1687647896115,103.506730172123,534264.5053246927,92966.69910325308,1.0525761526607371,3.73335430607626,131.42112797523507
542.847,5.0,361.795,2011.51,132.39,500000,100000,1,5.0,132.39,571.7310936626864,4.978403753912126,396.3114745039748,2171.026499742646,140.85672767176413,480324.0712319307,104740.01890863232,0.9704949628926712,5.173840930966032,140.48403583757212
544.867,0.5,365.141,2011.51,118.325,500000,100000,1,0.5,118.325,613.1238214357547,0.4986412181399949,347.8159296538435,2266.383001716172,102.80291912240976,536300.8888782273,95942.37227949576,1.0654868471772885,0.5040894669170507,128.16125526335554
544.867,1.63636,362.514,2011.51,129.368,500000,100000,1,1.63636,129.368,516.1164345840101,1.54366979397698,352.322816870948,2231.069988831673,141.76481915233433,480675.00541785074,98080.12593676506,1.0118526201220228,1.5742189896112848,121.66743369312712
544.867,2.77273,361.998,2011.51,131.536,500000,100000,1,2.77273,131.536,508.6603797864485,2.879691183351808,349.7658947667526,2154.768088336632,109.37243573547964,529409.1900091164,95839.04695052326,0.8719929572267617,2.8086571643151124,148.3837440403571
544.867,3.86364,361.785,2011.51,132.433,500000,100000,1,3.86364,132.433,540.9203442861906,4.027519617136975,431.17125043048463,2020.3295606895645,139.88394339260856,494221.8833577022,105044.05899060806,0.993295124627935,3.8184660843265,128.71595608344305
544.867,5.0,361.661,2011.51,132.955,500000,100000,1,5.0,132.955,554.277239445487,4.717527978024313,357.0434915762219,2047.3725056521496,133.17354187535423,504077.81671946606,101254.51246368334,0.9486995972189564,5.26480418914424,139.5497033744297
546.887,0.5,365.01,2011.51,118.875,500000,100000,1,0.5,118.875,536.3818020693254,0.4988828399639952,371.95364123190376,1937.4201266132447,128.58849800449636,489295.0530357001,95330.7311423729,0.9665357184957664,0.4822378450760149,126.56317235128634
546.887,1.63636,362.381,2011.51,129.929,500000,100000,1,1.63636,129.929,552.6623837356832,1.486707153241794,380.6787384263182,1866.4697501974351,139.73366615386877,490199.0044740202,104086.28276057652,0.996944926154778,1.6088862127081582,125.9689507495678
546.887,2.77273,361.864,2011.51,132.099,500000,100000,1,2.77273,132.099,517.1173863412412,3.1800701099722413,341.0202107171034,1852.7986067684049,153.51703779285637,457392.83507482056,100739.35410409754,0.9949946455691862,2.8133177534514946,138.3301323773944
546.887,3.86364,361.651,2011.51,132.997,500000,100000,1,3.86364,132.997,537.5268965540312,3.5162020773392344,407.5461650556841,2094.767429645073,131.2814541599504,534793.5244280025,102266.08981260896,1.0207185854628138,3.783475389443642,133.56293807424765
546.887,5.0,361.526,2011.51,133.52,500000,100000,1,5.0,133.52,514.608075330644,4.737209098412452,348.22286850632275,2142.6297561398246,124.27894249616708,533037.595609092,98362.15078164345,1.043395293516841,4.951193783504494,154.01531641136228
548.908,0.5,364.879,2011.51,119.423,500000,100000,1,0.5,119.423,592.6017601513801,0.4601293536274795,329.3544146992491,1914.552820657044,117.40060104719394,510695.0181991815,91452.09807997086,1.0413099134037993,0.5186660425938636,117.57349759414316
548.908,1.63636,362.248,2011.51,130.488,500000,100000,1,1.63636,130.488,538.5494637866177,1.7426564117276149,375.0558527238176,2148.3489626119112,116.38361360301076,441188.9107481103,111559.52499852292,1.0174321845287724,1.6895308743894883,136.20291277802625
548.908,2.77273,361.731,2011.51,132.66,500000,100000,1,2.77273,132.66,573.0891041575373,2.6732910425174103,331.6585605860665,1782.9922861818825,142.07431481401687,451162.8002383302,94626.26056147438,1.024914887361888,2.6355856838314824,151.2207347897205
548.908,3.86364,361.517,2011.51,133.559,500000,100000,1,3.86364,133.559,588.2601157901549,3.655319454109781,316.3969325847587,1875.2443829192791,130.04211514494824,457094.68765829,92355.09483004305,1.0229187096460357,3.858033542683284,122.37133474579242
548.908,5.0,361.393,2011.51,134.082,500000,100000,1,5.0,134.082,581.5052689130335,5.335698828855426,382.1240851333009,2289.2900949901014,137.11003609632658,521319.69170005136,107398.2518122502,1.0404425323972937,4.891944441741838,135.33770242094388
550.928,0.5,364.749,2011.51,119.97,500000,100000,1,0.5,119.97,528.4526295809839,0.4929176760145572,320.6877284868448,2110.481742443453,114.68292403573436,506528.438173787,107823.86396727532,1.0454462528196955,0.4805058562712094,105.56736464911134
550.928,1.63636,362.115,2011.51,131.046,500000,100000,1,1.63636,131.046,513.2941541112369,1.5577645511322555,380.7116190699661,2297.3500049194367,102.79193939281438,489251.17698143993,99871.05228880708,1.0416029198437826,1.5563406600185243,116.79336413887287
550.928,2.77273,361.598,2011.51,133.22,500000,100000,1,2.77273,133.22,602.4140535369229,2.9338618124556985,355.4203149915092,2163.6205492652884,129.6141008145887,457668.28791346616,97941.58427667046,1.0455429286926987,2.5759488186402573,173.2601901316765
550.928,3.86364,361.384,2011.51,134.119,500000,100000,1,3.86364,134.119,563.6902887215163,4.022685773599552,382.3465504310987,1961.960151339364,129.70105816791846,511864.2622852948,106350.31957477426,0.9338504211104448,3.959383169736169,116.07528556611038
550.928,5.0,361.259,2011.51,134.643,500000,100000,1,5.0,134.643,568.098836351309,4.929577919802718,375.0196744332532,1901.5960552620647,112.56492285885668,467612.2301486372,99004.06650810664,0.899562455860469,4.855803972236815,151.80403148251133
552.948,0.5,364.62,2011.51,120.515,500000,100000,1,0.5,120.515,549.7251053560663,0.4931291905485693,370.7908129616531,2076.559062909141,132.07729773134176,496132.1725119688,109502.93528710055,0.9862119181850052,0.4881020425291381,118.691382631868
552.948,1.63636,361.983,2011.51,131.601,500000,100000,1,1.63636,131.601,570.7212829837912,1.521514748353558,397.7930386716017,2107.119587606226,115.38287932249062,490504.4076360408,105252.66459343435,1.1100529644510446,1.7189280288989053,144.80827066533732
552.948,2.77273,361.465,2011.51,133.778,500000,100000,1,2.77273,133.778,559.5182015757874,2.696565410491023,338.3043518579102,1888.5482288840144,128.83027041565308,529605.5767547605,91417.09293773113,0.9969994507437592,2.526287992149104,151.51657993849443
552.948,3.86364,361.251,2011.51,134.678,500000,100000,1,3.86364,134.678,575.5488406386805,4.128033410043744,349.673264351472,2110.244869946646,115.07427889344656,523731.82902009255,110830.62456557348,1.001188512735651,3.769443231266145,153.33478387202055
552.948,5.0,361.126,2011.51,135.202,500000,100000,1,5.0,135.202,575.0985927016868,4.977313310665219,315.8340597495031,1967.51617231582,100.34981628308952,503506.2079370932,93620.43877552424,1.027641893414453,5.092902177728286,129.06520102659562
554.968,0.5,364.49,2011.51,121.059,500000,100000,1,0.5,121.059,576.2066851859208,0.5066276773628061,386.1697994555198,2086.7365630859163,164.89896532645554,492707.0561486648,102367.59982721784,0.945264344387958,0.5342043430923216,137.4757162205756
554.968,1.63636,361.851,2011.51,132.155,500000,100000,1,1.63636,132.155,574.2439567236921,1.6437304499653764,354.41359904120577,1888.6014931789853,136.3994059024663,469748.23717080447,101304.2770358528,1.028923842701402,1.5826605004496823,115.51591303244304
554.968,2.77273,361.333,2011.51,134.334,500000,100000,1,2.77273,134.334,566.686837409558,2.654565441987136,370.1738080186682,2242.6747691113083,122.32925826287874,485654.6547989936,100255.2656598621,0.9064284205216532,2.979236924874246,124.54548412282504
554.968,3.86364,361.118,2011.51,135.235,500000,100000,1,3.86364,135.235,611.977500957159,3.620423335198839,320.1063165450916,1975.5664487435909,99.37530036939398,485624.9333545371,102687.37612245735,1.012417370345911,3.8458940513549456,135.70621085192826
554.968,5.0,360.993,2011.51,135.759,500000,100000,1,5.0,135.759,541.0973785861405,5.021298982492697,352.21209351932947,2311.0273912688467,133.08885623140293,495670.9340436282,92266.23243326116,1.0548436962391408,4.7326505669174965,125.21677029436724
556.988,0.5,364.362,2011.51,121.601,500000,100000,1,0.5,121.601,547.4887664956156,0.5204421578263638,338.18087651787147,2048.946505591588,129.25614163420397,463916.9324864712,108396.58825472296,0.9554096089853804,0.523611878009401,114.50224373877674
556.988,1.63636,361.72,2011.51,132.708,500000,100000,1,1.63636,132.708,558.7817108552161,1.5268595485358096,349.04656667579155,2160.954659974725,117.4540400709804,493749.2278705973,96121.98433162137,1.0195378553912111,1.479933998893548,103.12867231797568
556.988,2.77273,361.201,2011.51,134.888,500000,100000,1,2.77273,134.888,575.330504706044,2.7826052716338268,369.3724338828272,2036.3556610723488,137.35345600817917,493899.3356712238,98441.02178624172,0.9653993041740128,2.684830855377561,128.75265839419953
556.988,3.86364,360.986,2011.51,135.79,500000,100000,1,3.86364,135.79,587.7615090719319,3.6710632209006784,431.57830740615617,1893.855886932659,136.06065360587857,536607.6724467345,95882.55501995276,0.984484661032923,3.626085401223863,160.9765194058857
556.988,5.0,360.861,2011.51,136.315,500000,100000,1,5.0,136.315,544.2267635690241,5.181023550626524,312.4856236717761,2036.8910641474783,130.4820840354753,468323.3293596586,95393.68478523358,0.9577799123286684,4.961439812798719,150.95980208448074
559.009,0.5,364.233,2011.51,122.142,500000,100000,1,0.5,122.142,605.5239168176347,0.4882292405874054,329.0726972410514,1833.1157588702545,133.185270199045,430863.7902611831,102996.39460645543,1.0517838733380185,0.4968345152319242,136.58746594097934
559.009,1.63636,361.588,2011.51,133.259,500000,100000,1,1.63636,133.259,564.0644289579342,1.6608395874155306,389.69821689365904,2114.7825569447587,135.5510741664338,570585.672572745,96681.57886333436,0.993125593704011,1.585843759232701,149.34295449747952
559.009,2.77273,361.084,2011.51,135.379,500000,100000,1,2.77273,135.379,536.4664077489145,2.788558002143002,373.77278300731336,2042.1632987364185,101.4636690981343,503976.5700492993,104919.49406156348,1.0222948628544228,2.7757276673367337,127.56589228249582
559.009,3.86364,360.869,2011.51,136.28,500000,100000,1,3.86364,136.28,540.8008875821627,3.9393920955379618,382.0274607036415,2077.153146911028,124.20371719108314,508054.22459959175,94712.99839252589,1.0276651381452893,3.841050888370814,134.769122857916
559.009,5.0,360.745,2011.51,136.805,500000,100000,1,5.0,136.805,529.2966578074158,4.832271405578807,387.2791134824917,2254.3572511415523,158.79801064936422,498914.5044313113,101352.30256922964,0.969694955505489,5.3759012695857145,125.80883185724764
561.029,0.5,364.105,2011.51,122.681,500000,100000,1,0.5,122.681,572.845599780981,0.5353977660123169,374.2783684629451,2137.2881998298094,106.11963342449468,500482.152239968,99756.211299343,0.9919730795809254,0.459749643754515,138.22889150466656
561.029,1.63636,361.472,2011.51,133.747,500000,100000,1,1.63636,133.747,571.1812200696838,1.5566091168862897,308.00251035452897,1704.8798153471016,125.90329796996085,513305.2450174716,93855.2400280736,0.9871260596062522,1.6181141941790405,149.37311543659493
561.029,2.77273,360.953,2011.51,135.928,500000,100000,1,2.77273,135.928,570.1395946481001,2.7546497448619696,332.9164735424567,2281.799856128737,117.47943620765984,471948.438325656,95987.27154475923,0.9478760680904816,2.7157705872604385,141.29950996184004
561.029,3.86364,360.739,2011.51,136.83,500000,100000,1,3.86364,136.83,538.3256519388107,4.189044712740064,389.59138862201,2100.4444173719367,140.42775032171477,518024.15075304144,109191.5203668808,1.0128801302812138,3.958216498873185,162.97794435291095
561.029,5.0,360.614,2011.51,137.355,500000,100000,1,5.0,137.355,578.9792058074038,4.980457515966052,246.6928635083396,1923.6228387441136,149.0777021144153,519161.44811862224,110034.36603530942,1.0469860477107096,4.974531038884486,134.29787401777492
563.049,0.5,363.99,2011.51,123.163,500000,100000,1,0.5,123.163,583.1846621661687,0.5181886843447655,408.9106174010842,2025.683017120669,109.17691006482605,491900.0235228685,101361.91058591296,0.99860340711506,0.494095702849955,124.6460634070286
563.049,1.63636,361.343,2011.51,134.292,500000,100000,1,1.63636,134.292,563.6994439455683,1.6410543530613797,372.1817170289648,2055.594217057625,128.34105712664433,454290.947703045,99553.3926179639,1.0547801664050842,1.6970740599571184,145.24071405745997
563.049,2.77273,360.823,2011.51,136.475,500000,100000,1,2.77273,136.475,558.1632994618238,2.844614804455755,386.9219618767473,2206.15265031182,95.21769627066756,519955.8721228523,99488.6660624303,1.0557078625042495,2.594731801557333,121.65083570454686
563.049,3.86364,360.608,2011.51,137.377,500000,100000,1,3.86364,137.377,503.1734265764055,3.8309509670882633,350.14897807652096,2048.146877559336,141.8992348526632,497322.6438901521,97864.93214594576,1.031853033715518,4.150555198941534,174.2148746048914
563.049,5.0,360.483,2011.51,137.903,500000,100000,1,5.0,137.903,609.9268376674447,5.392421420244439,426.02263801395287,1438.4940567912822,151.10200733696735,487578.0851715231,99847.58283169572,0.955056996899022,4.78954252628927,147.50873130282247
565.069,0.5,363.863,2011.51,123.696,500000,100000,1,0.5,123.696,557.5037003049835,0.5083155196195259,371.729769311122,2106.8265961521,112.26215423574448,505185.04519346514,99856.05049963693,1.0148259703637508,0.505041790425406,142.82100456195272
565.069,1.63636,361.213,2011.51,134.835,500000,100000,1,1.63636,134.835,541.9184951538439,1.7975969646330054,368.1082940561286,2015.628600986748,140.0153325858545,487577.2482453252,105738.1185638675,1.0711849062651722,1.7033029763013376,151.41357010602638
565.069,2.77273,360.693,2011.51,137.02,500000,100000,1,2.77273,137.02,575.2615946766069,2.881417292638496,333.24473916424694,1994.3588115815128,107.87827705003257,475794.8177519228,91430.33164432594,0.9872389155852244,2.819950859415279,154.6765053594303
565.069,3.86364,360.478,2011.51,137.923,500000,100000,1,3.86364,137.923,576.512647022505,3.715829754738429,422.2243721578738,2161.5695818012937,156.51391143739568,502077.9506646077,103383.65613506269,1.01426568072915,3.557392985107645,138.3754501962538
565.069,5.0,360.353,2011.51,138.449,500000,100000,1,5.0,138.449,555.9098852654313,5.1367421182818,328.7756617528865,1926.195243447804,149.2624275769204,495597.1101574528,106334.10878968722,1.0617993494319518,4.828457611821543,137.62948579518996
567.089,0.5,363.737,2011.51,124.228,500000,100000,1,0.5,124.228,504.78006762134805,0.4933879912807844,336.737977695429,1953.7588398826908,125.49720318190404,512480.9995725704,99765.05925049758,1.0966503321742709,0.4835456671991121,116.741576454144
567.089,1.63636,361.084,2011.51,135.377,500000,100000,1,1.63636,135.377,547.8106422459869,1.666309962891171,357.6485644680066,1998.9476719275835,127.27323879914806,509761.7554440075,105363.78666702454,1.0045807228900228,1.6256501593913224,142.32117520884535
567.089,2.77273,360.564,2011.51,137.563,500000,100000,1,2.77273,137.563,598.9431628405924,2.861905907104162,371.69772450444447,2295.625373246382,148.17152081628876,459101.1386841044,110005.28634297018,0.9258848332142924,2.8574902831164053,141.09704181074784
567.089,3.86364,360.349,2011.51,138.467,500000,100000,1,3.86364,138.467,584.8272973073572,3.118657701146643,438.0573309823442,2238.798209574214,144.114727760872,473386.62545683526,103750.19874655386,1.057015165711899,3.981123481250891,140.99936360621908
567.089,5.0,360.224,2011.51,138.994,500000,100000,1,5.0,138.994,524.8611637881431,4.97014420981604,341.56437220599054,2076.4613936216087,151.11576261604304,507013.6650554354,100995.6579581646,1.0164636473210855,5.446806508216314,139.9321153834976
569.11,0.5,363.611,2011.51,124.759,500000,100000,1,0.5,124.759,562.1100796494194,0.5008806326586953,373.9887084953668,2178.5050151764744,87.20101295898326,506664.6977732758,100092.2571228092,1.0057124349000903,0.5187667929650331,107.36953039652352
569.11,1.63636,360.956,2011.51,135.917,500000,100000,1,1.63636,135.917,560.5861717296214,1.517156283900585,353.13091364037626,2083.228776367469,135.31451261183363,501187.8956983112,97435.9994872858,0.9276951125224664,1.400908821284737,132.7829846580958
569.11,2.77273,360.435,2011.51,138.105,500000,100000,1,2.77273,138.105,555.3196518800224,2.883294037659509,419.78247612922667,2126.328032340365,152.0027407763814,507329.3516699101,103437.8127415946,0.991634854310395,2.8853001837423435,130.08099776601085
569.11,3.86364,360.22,2011.51,139.01,500000,100000,1,3.86364,139.01,560.5136776491244,4.042539589795908,324.7051909937425,2017.874030943128,156.27994810681716,534993.4786440444,101507.18909063334,1.0045213878799937,3.536301785556901,132.70489985768555
569.11,5.0,360.094,2011.51,139.537,500000,100000,1,5.0,139.537,535.4447101208103,4.992151015733494,352.7462658293301,1903.813009706432,147.48374351756323,521277.2471348384,100921.84166607972,0.9958246701461724,4.864641674119509,130.5109501050165
571.13,0.5,363.485,2011.51,125.288,500000,100000,1,0.5,125.288,597.7963574322107,0.5477194068344434,394.5414048481284,1786.2140293060406,117.66395813244044,499633.8308967387,101156.53767674656,1.0212221559904564,0.4954656691551444,126.5477217831804
571.13,1.63636,360.828,2011.51,136.456,500000,100000,1,1.63636,136.456,527.3207681915278,1.6982596452296757,294.4850850932053,2119.8452351092064,132.84291758976596,537939.5635536436,95876.60568491202,1.027346474593889,1.6267736083757158,139.94580432007294
571.13,2.77273,360.306,2011.51,138.646,500000,100000,1,2.77273,138.646,552.8768698534636,2.849258500113093,386.6300564930881,2316.360857139398,153.8502317928563,515623.6680546348,102487.05517099856,1.0474175986147134,2.6955603695104373,117.49307011779744
571.13,3.86364,360.091,2011.51,139.551,500000,100000,1,3.86364,139.551,580.2340503505943,3.860720326440017,296.1475421665376,2005.7701237944927,140.09243526194786,520094.81795545865,99586.87318372024,1.0160216369883297,3.532249045371576,137.4447085719364
571.13,5.0,359.965,2011.51,140.078,500000,100000,1,5.0,140.078,598.1621057218381,5.148957966127637,351.8560213573376,2078.683566460366,150.3692411775479,477835.1044231153,100731.39126685153,1.0180314614415291,4.823666402051692,162.5739553016548
573.15,0.5,363.359,2011.51,125.816,500000,100000,1,0.5,125.816,599.9348672754993,0.5030310932955094,361.4115375080572,2061.17227549421,127.19911445163255,490465.3784155229,97009.95981804428,0.951787883676954,0.4758571866330225,106.57581556840282
573.15,1.63636,360.7,2011.51,136.993,500000,100000,1,1.63636,136.993,558.2225116063779,1.6974522615559544,454.5481591553224,2052.77500939399,122.32186897724074,534867.0565994629,94629.7366347268,1.0000698260657146,1.6024309920852438,124.0070116947745
573.15,2.77273,360.178,2011.51,139.185,500000,100000,1,2.77273,139.185,598.0191349568377,2.5946631961155404,382.8060412155575,1929.615091820301,101.5817616249534,538277.4559366254,97801.8388021794,1.038278186857152,3.0021499658007995,148.61485412842052
573.15,3.86364,359.962,2011.51,140.091,500000,100000,1,3.86364,140.091,616.5752282880843,3.657998452364967,292.4180878811855,1906.99470371254,110.09582860239333,514741.6101538351,104438.43526598129,0.9546096706727496,3.491646231781349,138.97638423433537
573.15,5.0,359.837,2011.51,140.618,500000,100000,1,5.0,140.618,591.6165621072704,4.595020049202891,351.6008992926473,2083.114604065432,172.59054784559126,499840.0603509827,92569.80944115372,0.9503255983710608,4.950894518495819,142.30630106128095
