hot_inlet_temperature_k,cold_inlet_mass_flow_kg_s,hot_outlet_temperature_k,cold_outlet_temperature_k,hx_1_heat_load_kw,hot_outlet_pressure_pa,cold_outlet_pressure_pa,hot_outlet_mass_flow_kg_s,cold_outlet_mass_flow_kg_s,hx_1_logarithmic_mean_temperature_difference_lmtd_k,hot_inlet_temperature_k_noisy,cold_inlet_mass_flow_kg_s_noisy,hot_outlet_temperature_k_noisy,cold_outlet_temperature_k_noisy,hx_1_heat_load_kw_noisy,hot_outlet_pressure_pa_noisy,cold_outlet_pressure_pa_noisy,hot_outlet_mass_flow_kg_s_noisy,cold_outlet_mass_flow_kg_s_noisy,hx_1_logarithmic_mean_temperature_difference_lmtd_k_noisy
373.15,0.5,378.649,2011.51,61.3959,500000,100000,1,0.5,61.3959,382.417444309807,0.4830376317378194,391.8368239392793,1613.1159681532563,57.050382172536295,502455.1536419764,100394.18879834068,1.0160076203919732,0.5166000269288452,67.29539866538349
373.15,1.0,377.031,2011.51,68.2274,500000,100000,1,1.0,68.2274,364.4606471227629,1.0425704968381326,393.92569174779504,1664.9784575024685,88.94000663210464,500813.7638696844,90198.83130693717,0.9553936580652348,0.9207197139138854,74.09767922113082
373.15,1.5,376.442,2011.51,70.7114,500000,100000,1,1.5,70.7114,374.4099074789649,1.602075502857733,382.0488324102663,1949.3620911801413,73.9239062375629,495636.32671985886,103696.5386027738,0.9924568422925234,1.4969406099518825,77.67753083606722
373.15,2.0,376.138,2011.51,71.9942,500000,100000,1,2.0,71.9942,353.4157583430053,1.945870090503776,393.68369766094,1822.796824408132,56.02385589600917,493851.8240230854,105842.31656126,1.00397896661968,2.0280559149737827,64.22768166736977
373.15,2.5,375.953,2011.51,72.7772,500000,100000,1,2.5,72.7772,345.5644759647197,2.3964632799564503,345.3654919526051,1839.2882633525223,52.9336827252534,491562.7724703577,100701.27241462964,0.9981139807237486,2.618863283040456,60.70462832117113
373.15,3.0,375.828,2011.51,73.3048,500000,100000,1,3.0,73.3048,390.52535882241045,3.06503124157088,408.7495495555008,1776.2300109620487,66.26660102566424,495144.1455114122,101093.97142667502,0.992383235146879,3.001779758352056,74.83558094391692
373.15,3.5,375.738,2011.51,73.6844,500000,100000,1,3.5,73.6844,371.8064711566149,3.451641323367262,399.5437355715776,2234.2155182843844,79.73577200153582,520277.4824493389,98607.7763962065,1.019645989490927,3.836858628988725,75.26734576232109
373.15,4.0,375.67,2011.51,73.9707,500000,100000,1,4.0,73.9707,367.5712703586831,3.7843369866741545,363.4029994209615,2269.200029197268,103.39893330819814,505417.94686095166,102087.640711813,1.0106760417901866,3.875384239851186,69.57197302243175
373.15,4.5,375.617,2011.51,74.1942,500000,100000,1,4.5,74.1942,363.2659989982165,4.673261274506457,368.57403537054495,1957.366320001421,75.33972856790483,528342.8527938153,93042.97711224972,1.0095088740779774,4.540994902118442,64.52144065845542
373.15,5.0,375.574,2011.51,74.3736,500000,100000,1,5.0,74.3736,368.7731905590532,4.854208570686011,402.224769401184,1976.7317091749912,69.9105631394951,544312.3737891999,98776.70984648264,1.138195694143281,5.441208716556111,83.74009019177001
375.17,0.5,378.441,2011.51,62.2757,500000,100000,1,0.5,62.2757,348.6197679352473,0.5351411899376991,306.1745587999237,2114.5646969784234,63.9868348922524,493173.0837766418,100460.54961341084,0.9420176642306088,0.4675007038411576,48.749683260023374
375.17,1.0,376.818,2011.51,69.1246,500000,100000,1,1.0,69.1246,374.67263946738586,1.0932099762943674,382.732860410726,2097.757954817954,79.44245583655211,472237.2729198173,94444.34382498173,0.9979773624622136,1.055429538769498,75.04046081079788
375.17,1.5,376.229,2011.51,71.6127,500000,100000,1,1.5,71.6127,401.4843170816948,1.552440932900399,441.7612600441878,2092.264583177659,63.19582873269731,499953.3463428941,99385.06712793464,0.9142658366593835,1.4982716910470335,81.32980099769502
375.17,2.0,375.924,2011.51,72.8974,500000,100000,1,2.0,72.8974,384.0538836100701,1.9726372389606728,357.177233106174,2316.809262125477,62.17654464435202,457137.31772091327,99029.59093181558,0.958783945759351,1.7938836155605462,76.24958948761213
375.17,2.5,375.738,2011.51,73.6815,500000,100000,1,2.5,73.6815,380.04501139590906,2.528279761083428,401.5652247291836,1791.925512744533,60.38675170219867,493307.8723927796,91498.25089322867,1.038877152889098,2.57829321786594,80.3261058557605
375.17,3.0,375.613,2011.51,74.2097,500000,100000,1,3.0,74.2097,361.7698389249524,3.1583541373324726,417.4383096136547,2240.5860369562365,76.21677614388582,550056.7273743603,94657.6462233306,1.0587773624796155,2.82753101581169,76.89770001417112
375.17,3.5,375.523,2011.51,74.5898,500000,100000,1,3.5,74.5898,390.5906155112567,3.765883861440863,368.5801436491832,2283.218762531042,74.11167499867106,482403.3846339898,102803.86637505432,1.092464814035111,3.285351747443045,80.53736645006062
375.17,4.0,375.455,2011.51,74.8764,500000,100000,1,4.0,74.8764,402.4361189863556,4.109914863212889,373.2463330545809,2555.919061176837,56.97345801473992,500544.8053267076,100767.5865755846,0.93871219426717,4.115205221324033,69.92297520383599
375.17,4.5,375.402,2011.51,75.1002,500000,100000,1,4.5,75.1002,359.2854200396138,4.552558893283854,343.1346656586528,1702.9715733233536,80.99378717147621,539699.4693081408,105322.97806759388,0.979035486561151,4.574830960308423,84.05780139731144
375.17,5.0,375.36,2011.51,75.2798,500000,100000,1,5.0,75.2798,353.7295916681443,5.07675076500134,356.153058823922,2062.8845487269564,78.72251750572141,520530.48337539606,99679.39850691496,1.0083080440845895,4.905433685139878,83.64802713438782
377.19,0.5,378.234,2011.51,63.1484,500000,100000,1,0.5,63.1484,383.93769072248847,0.5072933181344578,363.5919085144816,1477.0972541088242,65.5272514737243,504516.1132749079,98529.27601431785,1.0180509643975302,0.4909827086610093,77.45956534818552
377.19,1.0,376.607,2011.51,70.016,500000,100000,1,1.0,70.016,398.606200190986,1.020125810486766,377.8034696189919,1886.3936718302857,48.8286957535724,487869.8730012399,100767.59361812864,0.994384491316994,0.9446389567879128,69.86705521720414
377.19,1.5,376.016,2011.51,72.509,500000,100000,1,1.5,72.509,390.13252406036816,1.345394593198282,406.0673009678554,1976.111782649139,73.46812787021548,462602.3661832603,110314.03660694892,1.0669730808260394,1.4635257842768148,65.2441390911848
377.19,2.0,375.711,2011.51,73.796,500000,100000,1,2.0,73.796,364.90114324432807,1.8895974366527613,255.5111080882687,1515.7382627342913,66.21347069311602,526173.1315602405,99591.01111459643,1.0628097607991491,1.962429953095879,80.48763587623583
377.19,2.5,375.525,2011.51,74.5814,500000,100000,1,2.5,74.5814,354.5530099111316,2.702734218473132,345.48748130831,2147.303387361213,81.92121579030413,460201.62020772,103096.9680464603,1.0374634555743658,2.453494780934075,85.66277781470583
377.19,3.0,375.4,2011.51,75.1106,500000,100000,1,3.0,75.1106,368.0575875027789,2.797243870196303,352.17663164896817,2011.4374397336585,61.9376914432423,509928.77505768905,100277.70121741745,0.9808903422289564,3.088557370118278,71.56337751328839
377.19,3.5,375.309,2011.51,75.4913,500000,100000,1,3.5,75.4913,407.9764609864987,3.425345063649944,308.24249899406306,1917.2014289343529,81.20812292082998,495172.7685040073,97330.70733978436,0.964210951250984,3.439772633871423,81.822115575609
377.19,4.0,375.241,2011.51,75.7784,500000,100000,1,4.0,75.7784,365.8702098052237,4.078310235052019,350.04366013688315,1897.4674640423416,75.40829798801735,504736.64554482215,94548.26401305152,1.0155441497192832,3.943186436051085,81.92600116840681
377.19,4.5,375.188,2011.51,76.0025,500000,100000,1,4.5,76.0025,382.4893661295488,4.367993717528579,342.8974773495176,1956.1966157133973,60.45362226712362,494085.53331638855,99937.2750329834,0.9115978203959362,4.739825493707358,75.00109098777637
377.19,5.0,375.146,2011.51,76.1824,500000,100000,1,5.0,76.1824,389.0644851442584,5.111439962804282,410.3858296034194,1746.1107229940694,81.48951129438039,493271.5665107501,93757.0698651118,1.0394316684075589,4.923023303581171,77.08186578213
379.211,0.5,378.029,2011.51,64.0117,500000,100000,1,0.5,64.0117,363.4927986456616,0.5476872668138317,391.0093949962833,1988.5121850931148,64.31408288031233,480662.223774981,91057.45370899235,1.0645965523201528,0.5112793668853755,69.77813865431072
379.211,1.0,376.4,2011.51,70.8916,500000,100000,1,1.0,70.8916,400.0444134409457,0.9738792635811244,332.10073526016714,1942.9268941286512,46.45985815312649,514028.5946942789,97333.8301021652,1.0113811396241268,0.9781509933004664,60.90503572089781
379.211,1.5,375.808,2011.51,73.3882,500000,100000,1,1.5,73.3882,363.6970858245176,1.5777753993276868,361.79192081938254,1789.5590238956872,74.48389318969909,467754.789546878,99127.72856754044,0.954119263808384,1.416010065713501,77.52449446374831
379.211,2.0,375.502,2011.51,74.6769,500000,100000,1,2.0,74.6769,366.37164151078906,1.984967162623629,416.9654760996856,2385.3309103577694,89.43517150674151,498835.574398174,95951.00942291558,1.0262372572573266,1.929958924314312,64.8586367662179
379.211,2.5,375.316,2011.51,75.4633,500000,100000,1,2.5,75.4633,370.2798546544085,2.577178578865916,402.5832673239864,2070.519585461358,71.40690797259242,484879.8999916815,99663.94951557256,1.0389397281911412,2.531094253155043,70.46292457858611
379.211,3.0,375.19,2011.51,75.9931,500000,100000,1,3.0,75.9931,360.2024918553166,3.385912858386672,309.35321890469305,1808.4889407900728,60.61600031163521,444907.0696602965,102660.65706980966,0.9780833315875924,2.799282744393092,81.6548285488214
379.211,3.5,375.1,2011.51,76.3742,500000,100000,1,3.5,76.3742,383.4599167059905,3.3222589345960305,363.2128166068002,1823.180289823638,91.56460665697516,490049.646039518,89448.73004023805,0.94119568534086,3.5211977549624085,63.93105653183591
379.211,4.0,375.032,2011.51,76.6616,500000,100000,1,4.0,76.6616,382.68726526690233,4.158299487194592,312.8904556171393,2036.022901238142,74.67288508516434,538502.92211729,101373.56600763464,0.9774014438309796,4.196970830220829,86.02526352909086
379.211,4.5,374.979,2011.51,76.886,500000,100000,1,4.5,76.886,397.2315587051185,4.9076000489686304,395.472517900733,1830.399693628785,77.5346075501486,534845.8311174709,105463.76468174432,0.9982900345080932,3.940727898247216,89.46935586154706
379.211,5.0,374.936,2011.51,77.0661,500000,100000,1,5.0,77.0661,402.6806780739884,4.5325670845112525,401.95865878177744,2232.969395724091,65.44862048618891,551125.0227770355,104822.44116010625,0.9403808590420478,4.9628301730377045,77.72629934135217
381.231,0.5,377.827,2011.51,64.866,500000,100000,1,0.5,64.866,350.83873746050824,0.4984174194304666,357.6411382759835,2191.102262718549,52.24876524345423,484326.5470613847,102356.568809885,1.003776204409866,0.51990765845388,59.704779582793606
381.231,1.0,376.194,2011.51,71.7587,500000,100000,1,1.0,71.7587,359.7935785343279,1.0088954195705828,364.9583872056261,2206.9760729567533,75.04811891723422,456211.8356409683,95163.28943019063,0.9534342418806676,0.9991658196924654,80.96659425374735
381.231,1.5,375.601,2011.51,74.2592,500000,100000,1,1.5,74.2592,376.48535743555874,1.5010065364041345,393.5951821121898,2303.512317857796,88.17214735756312,511385.65742993646,92858.53887774624,0.8978802082164665,1.631227228596665,64.20340424943095
381.231,2.0,375.296,2011.51,75.5496,500000,100000,1,2.0,75.5496,394.9084675859675,1.9952141072347245,304.3763979480954,1979.7918802744296,79.13382898016218,503168.0058085557,96539.78316063609,0.9071707895801596,1.8782486519169863,63.37276463822063
381.231,2.5,375.109,2011.51,76.337,500000,100000,1,2.5,76.337,356.3657893926517,2.5608426877697577,327.2881702049146,2110.168509738533,72.90511998771362,505110.84274856985,108002.55170099575,1.076245075988835,2.427636981775081,61.35090711838624
381.231,3.0,374.983,2011.51,76.8675,500000,100000,1,3.0,76.8675,366.1176148641897,2.9263690657659653,432.35103001326286,1794.347115175182,80.44742370650599,511128.2833413641,102418.25509364436,1.0331994384726535,3.0812601524862737,82.51139415182992
381.231,3.5,374.893,2011.51,77.2491,500000,100000,1,3.5,77.2491,392.9379692612128,3.3566152212714497,377.88018415771865,1599.901662219226,84.21786175868979,442182.5634536676,99485.9543759695,0.9222096031899444,3.309980394233053,71.56546873628888
381.231,4.0,374.824,2011.51,77.5368,500000,100000,1,4.0,77.5368,387.1639103833393,4.230582651240962,397.805302765108,2004.9981816459624,95.92404771839917,478472.7374021269,102025.49788834465,1.069409659962086,3.908517100540058,71.42380080001627
381.231,4.5,374.771,2011.51,77.7614,500000,100000,1,4.5,77.7614,413.3905346340175,4.278210067478819,378.11349624817865,2084.9842648610866,69.3139625591552,491323.6497227408,98380.74531065828,1.0084548385271206,4.736964833987886,81.75222616293763
381.231,5.0,374.728,2011.51,77.9417,500000,100000,1,5.0,77.9417,354.87269378823675,5.03387284307919,332.1255224618652,2059.573936110792,82.41676443633965,491129.7222299052,92830.06607400764,1.091030671262085,5.069464179427594,65.00379417579215
383.251,0.5,377.627,2011.51,65.7115,500000,100000,1,0.5,65.7115,400.9989235634524,0.538533028620033,336.11640649518296,1951.0222090862896,56.66626639611001,522202.68930765474,86344.1428333099,0.9974136728257712,0.4653987677982189,60.22806329619995
383.251,1.0,375.991,2011.51,72.6175,500000,100000,1,1.0,72.6175,382.2883097157754,1.0000111973997894,365.6150359400788,2564.866048466416,74.72902826677745,509773.7177818692,96967.93829353507,1.0039533631543789,0.9902844842075468,66.31157298455076
383.251,1.5,375.397,2011.51,75.1219,500000,100000,1,1.5,75.1219,370.5534390880122,1.3580974820635747,406.1795215625931,1886.548086259523,63.48402863314303,506948.2592616661,102752.87901642472,0.9100802364315292,1.4691955599593765,75.06685004366001
383.251,2.0,375.091,2011.51,76.4142,500000,100000,1,2.0,76.4142,360.0448415212419,2.0815594244596163,386.0065092093871,1990.5924706642031,55.4214739110892,504356.5628152526,102866.88655367392,1.026629196444212,1.9539998746381768,73.95402625811602
383.251,2.5,374.904,2011.51,77.2027,500000,100000,1,2.5,77.2027,335.88798868408577,2.466585372104024,407.94659467745817,1978.0519450380727,61.135217572519096,493321.7176444821,106287.14388662872,0.999103638851966,2.3873282746760567,62.147287440426354
383.251,3.0,374.778,2011.51,77.7338,500000,100000,1,3.0,77.7338,375.35838704282986,2.7728139736412167,372.6387708040048,1870.5585504672367,70.58317781127218,481046.2113812812,93402.22609567478,0.9432020722155634,3.070741922740184,76.99052193313277
383.251,3.5,374.687,2011.51,78.1159,500000,100000,1,3.5,78.1159,344.1953366884276,3.725598071201553,400.7339132167124,1929.22559618434,110.63893695007536,490446.47980562353,104974.12338507178,0.9535861327614924,3.0788244863660528,74.5738012129076
383.251,4.0,374.619,2011.51,78.404,500000,100000,1,4.0,78.404,398.0227428211187,3.904129211468783,403.4443328315673,2335.3688861998407,94.02554273635452,494811.0352852311,105754.932642019,1.0294240156698922,3.538493353216072,76.51009284675159
383.251,4.5,374.566,2011.51,78.6289,500000,100000,1,4.5,78.6289,399.1623516013199,4.589710380402828,421.2391307271671,1896.1656890842105,71.43435120665683,455826.46578365937,101045.79961267732,1.0391548323629858,4.604826900065743,89.47507047954574
383.251,5.0,374.523,2011.51,78.8094,500000,100000,1,5.0,78.8094,390.4810395629966,5.089712018169729,378.6179185145989,1847.368940409242,77.58085894148772,532559.6691571828,103954.06791605472,1.05545140261753,4.827711933359481,78.45416451050056
385.271,0.5,377.429,2011.51,66.5485,500000,100000,1,0.5,66.5485,399.8532880661786,0.5297201560298289,320.4806750186403,1821.7821461958235,88.17751170836783,503448.9705317925,94805.78454782622,1.002258899175711,0.4847824327649929,75.04033640509289
385.271,1.0,375.789,2011.51,73.4681,500000,100000,1,1.0,73.4681,384.2002419126829,1.0561101666646684,388.9406956557242,1782.3070358010116,72.95208432390812,460271.6633119282,89665.21330857732,1.0006767913276038,1.0422678882526546,69.6342724126959
385.271,1.5,375.194,2011.51,75.9766,500000,100000,1,1.5,75.9766,421.52547298907166,1.5342918608962008,330.48406180964383,2074.034213718945,73.2802440962586,450608.5215065717,94040.53836544736,0.9179112013123346,1.598177028477613,78.70976732126931
385.271,2.0,374.888,2011.51,77.2708,500000,100000,1,2.0,77.2708,377.0477551650144,1.847140870374072,397.7653249314197,2334.129999142694,109.4930275435978,498510.79082044953,96874.21237273637,1.0058470399181374,2.0446676629775244,85.80979661856968
385.271,2.5,374.7,2011.51,78.0604,500000,100000,1,2.5,78.0604,380.5371161978272,2.4015346958418102,418.624264191542,2352.0862995656016,91.18495687855476,485273.4261045275,98034.27314250858,1.0175085066944414,2.6200729210734703,83.78799839414319
385.271,3.0,374.574,2011.51,78.5922,500000,100000,1,3.0,78.5922,386.4117572645598,3.218180769133164,314.2039667809817,2089.636820807792,88.23718511860103,463920.4594984311,98654.32826321817,1.031005858644704,3.026271861684448,73.5957729138815
385.271,3.5,374.484,2011.51,78.9748,500000,100000,1,3.5,78.9748,380.3592336233525,3.6490875873883977,351.47085949489383,1925.066028901582,67.82612399216941,501039.0404310525,98190.7085329914,1.0278885023565547,3.711035730323072,70.66756867620057
385.271,4.0,374.415,2011.51,79.2632,500000,100000,1,4.0,79.2632,419.0259493004131,4.035565959941087,363.6723755805296,2015.8267527642845,68.56381135082826,477045.48307018855,104992.3560071939,0.961466039094796,4.189464083314998,74.68307857033517
385.271,4.5,374.362,2011.51,79.4884,500000,100000,1,4.5,79.4884,398.9666128954864,4.772571188317297,395.6290342955028,1825.045400207644,67.59384391546796,469597.6824025896,96485.35715307476,1.006152114672661,4.578767572048771,73.28193480434841
385.271,5.0,374.319,2011.51,79.6691,500000,100000,1,5.0,79.6691,381.7091284495237,4.4789170946643,387.888475925534,2425.283289308817,80.73014081698291,459564.04864744464,100710.81400652592,0.9324501554055328,4.846366353300371,77.84807052122899
387.291,0.5,377.232,2011.51,67.3773,500000,100000,1,0.5,67.3773,377.168703933008,0.4860442434400553,424.9593506900267,2191.324768889071,58.260166954278205,538180.5089829676,89511.52817361621,0.937369554561292,0.4907076015942562,64.44080191973597
387.291,1.0,375.59,2011.51,74.309,500000,100000,1,1.0,74.309,385.4181941095302,1.1058006028415497,353.37857554362216,1905.853043657621,64.58837675060394,503777.1951664205,91724.74094903115,1.0184910908364175,0.9981720547549596,81.54922640501277
387.291,1.5,374.994,2011.51,76.8213,500000,100000,1,1.5,76.8213,361.1839959843628,1.5019638861889348,402.4102178218515,1784.0476034500714,68.66041913559515,486409.3123330849,95432.2595802147,0.9077126731652736,1.4816703977945096,67.91081853247904
387.291,2.0,374.687,2011.51,78.1172,500000,100000,1,2.0,78.1172,354.3212346665561,1.946176286992521,450.7143592354736,2314.34426843782,79.58973890760416,499350.6712360532,98611.5579021142,0.9779983159591904,1.744801213314512,77.6426262772239
387.291,2.5,374.499,2011.51,78.9078,500000,100000,1,2.5,78.9078,397.3152339848253,2.7097724902656086,367.6469026274886,2231.4301063167404,83.65633044245183,503114.9584073751,101160.32873559635,0.9974107557124332,2.3030088084168123,71.98088493588305
387.291,3.0,374.373,2011.51,79.4403,500000,100000,1,3.0,79.4403,438.2658941136469,2.99947787271402,395.5670397272478,1801.556009020377,98.8666522296322,559754.5229020691,102214.26703966928,1.0249714330487234,3.112970502530114,95.1948436409866
387.291,3.5,374.282,2011.51,79.8234,500000,100000,1,3.5,79.8234,386.6134636263471,2.971752565150636,371.2182118977013,2160.4263469217044,83.87933860822206,549975.0646843577,101802.47478661955,1.0531397398565634,3.448951239103438,88.4855873956724
387.291,4.0,374.214,2011.51,80.1121,500000,100000,1,4.0,80.1121,382.4979130059311,3.938507819996972,269.10759353954694,1535.7590613680925,73.44556645921156,541321.5458323538,96408.602893237,1.0302581879484616,4.090512997027159,92.2736211566626
387.291,4.5,374.16,2011.51,80.3376,500000,100000,1,4.5,80.3376,385.9322725721735,4.108031447016158,324.346229301505,2032.4855311984336,85.00624196108758,502287.1474070014,106756.66051003872,0.9725251040921724,4.730092170139399,81.17219645496402
387.291,5.0,374.117,2011.51,80.5186,500000,100000,1,5.0,80.5186,387.8672142510723,5.305701980533352,340.7955909994518,2053.854711068046,70.13550938850338,491028.6733362413,92535.45275452518,1.0093097455976594,4.746555489810612,87.75850994391314
389.312,0.5,377.038,2011.51,68.1982,500000,100000,1,0.5,68.1982,407.5762572536064,0.4858048039453974,329.64232228425857,2170.021008012905,66.21527759428626,489633.19420215633,99108.5638681458,1.017094007412627,0.5067428406082185,63.55748302221813
389.312,1.0,375.391,2011.51,75.1451,500000,100000,1,1.0,75.1451,380.7523711120583,1.0113152103872567,329.0037079936311,1933.715320944968,85.15748435449167,507743.063003672,101648.63313819356,1.0212337428697102,1.1262051104832302,68.59633941612425
389.312,1.5,374.795,2011.51,77.6617,500000,100000,1,1.5,77.6617,434.0614313151229,1.381977823341226,342.2374235462309,2198.2373895052,91.70824125374295,533143.5893704804,100656.5341133518,1.0105583484413925,1.5409978042818324,80.51128746122906
389.312,2.0,374.487,2011.51,78.9598,500000,100000,1,2.0,78.9598,374.3663597167091,1.974916632818877,424.2001584419865,1934.355403154147,95.9325953614428,503130.7883660986,99874.83588179798,1.058307823579672,1.8733189649554,72.5211259793038
389.312,2.5,374.299,2011.51,79.7515,500000,100000,1,2.5,79.7515,392.55209210419207,2.4523453390908907,434.381401189491,2280.251696011122,101.3088676754635,530027.5122865752,103096.85421401353,1.0387375733587292,2.584982670139982,83.13096370486454
389.312,3.0,374.173,2011.51,80.2848,500000,100000,1,3.0,80.2848,378.2020809443902,2.884550038648292,349.8538393191836,2033.5527758104256,60.90957823097838,533364.3631972553,103480.63943235768,0.9491940493790154,3.041262388093004,80.31572847774916
389.312,3.5,374.082,2011.51,80.6684,500000,100000,1,3.5,80.6684,394.8765413496947,3.531097158013292,386.8692570456834,1900.906397193404,107.21163648671308,491202.2052441967,96789.98624170966,1.0919197784276156,3.576414271727318,69.21399037683472
389.312,4.0,374.013,2011.51,80.9576,500000,100000,1,4.0,80.9576,393.6681667514222,4.196747208780713,359.0593120552795,1889.82133825709,100.7526977947481,515036.93616676336,95912.32273387704,0.9568163205366274,3.824501953295968,96.0942785367521
389.312,4.5,373.96,2011.51,81.1834,500000,100000,1,4.5,81.1834,400.8094506723242,4.79605991400365,388.8161718869015,2174.5992368037264,101.75714934878891,484425.9878403539,98700.87707215716,0.9627928030439508,4.241318580427135,81.43747724901475
389.312,5.0,373.917,2011.51,81.3645,500000,100000,1,5.0,81.3645,373.4098570028309,4.906402491698271,322.9883947395232,1835.03167300988,74.42583352336335,487227.82636647485,101277.1164988617,1.0097584763366103,4.940422504083755,62.09743417207053
391.332,0.5,376.845,2011.51,69.0117,500000,100000,1,0.5,69.0117,398.5456831653925,0.4768371686305063,379.6549093967189,1999.8590920624565,82.6102109682997,504662.280307343,102609.33857841372,1.0343958871994596,0.5199199776919596,71.1457675954089
391.332,1.0,375.195,2011.51,75.9728,500000,100000,1,1.0,75.9728,395.6200268012692,1.0171798767589109,370.21217394923343,2110.919734688787,61.30856946693916,489014.421584605,93698.944578528,0.9458395223939162,1.0012874918742696,54.24967485413465
391.332,1.5,374.598,2011.51,78.4936,500000,100000,1,1.5,78.4936,393.9337644261623,1.6269234764328655,340.03202335859146,1973.5558138657443,91.54868313445792,485644.2118220748,95945.49732972874,1.0035147644647766,1.5567337833796018,69.59869208606922
391.332,2.0,374.289,2011.51,79.7936,500000,100000,1,2.0,79.7936,348.3088433691975,2.0102690516748587,423.9779102659309,1790.7438265936753,74.09984314984645,501344.7226466994,107467.5164378405,0.9106175135619564,2.031992490651763,69.90068967346377
391.332,2.5,374.101,2011.51,80.5866,500000,100000,1,2.5,80.5866,427.46440744686623,2.614721518818937,408.9115007897821,1735.6382915945396,80.5880874860493,507223.4387300439,104393.31383869077,1.004380280742437,2.58645136642595,94.33515410693984
391.332,3.0,373.975,2011.51,81.1206,500000,100000,1,3.0,81.1206,413.1936806183522,2.977290376208789,396.3859315129264,1841.8345430727225,88.80074300439988,519278.0146568751,103071.22349113824,1.0244389486385443,2.975186667637492,88.23660154116982
391.332,3.5,373.884,2011.51,81.5047,500000,100000,1,3.5,81.5047,378.0973023825271,3.6111679689056926,369.8466709519411,2342.608335557837,76.48383245464358,476039.33322157327,98412.83463700964,0.9691135229961464,3.6707887720478136,80.18959663528419
391.332,4.0,373.815,2011.51,81.7943,500000,100000,1,4.0,81.7943,343.90492276758187,3.8823782802151374,383.53622786969714,1867.1002714751307,75.24884290783034,510327.54981927446,94815.10890655796,0.9086063500160666,4.081427375041847,73.3189279275678
391.332,4.5,373.761,2011.51,82.0204,500000,100000,1,4.5,82.0204,387.0084823963445,4.640584010187122,355.96629599625726,1830.404307218501,85.76300297729892,474007.9926134954,94735.77317725998,1.0224713486257448,4.5623018669617466,79.9227388227094
391.332,5.0,373.718,2011.51,82.2018,500000,100000,1,5.0,82.2018,402.5354982496834,4.928801110838141,290.1305446628661,2184.2128902441004,74.2512486549383,453485.1763351373,92612.93169986836,1.096325102268113,4.993702175675351,88.48887794712873
393.352,0.5,376.654,2011.51,69.8174,500000,100000,1,0.5,69.8174,420.8739629845989,0.470545507816643,471.2368118617633,1746.0946669927807,63.82924959106274,497928.2811215992,93869.5669553586,0.9621650324663812,0.4781285278155497,63.70292228702776
393.352,1.0,375.001,2011.51,76.7927,500000,100000,1,1.0,76.7927,397.2383099852482,0.9935351271482246,368.5313187478097,1503.168111586458,65.02477983574929,527258.0552095196,102495.71100185388,0.9820800991484256,0.97853949446247,82.56641360765451
393.352,1.5,374.402,2011.51,79.3178,500000,100000,1,1.5,79.3178,392.8730036212479,1.5572356725532244,385.5132220197352,2092.57885807594,73.54343570074842,490357.710893209,100370.61781243514,0.926048381362583,1.4476870128815,74.76707389581705
393.352,2.0,374.093,2011.51,80.6197,500000,100000,1,2.0,80.6197,406.0807908636976,2.099056682744279,326.8006269652675,2047.91121776554,72.9626530257956,485268.546695505,104046.48594478217,1.0346795848240875,2.1546743889688926,71.40761258630528
393.352,2.5,373.905,2011.51,81.4138,500000,100000,1,2.5,81.4138,389.9568353156839,2.4994671327945155,330.1579771621703,1866.8183508118084,86.09928096779701,462418.9368050728,98062.926890524,0.9824796570471904,2.626112422475177,87.8210766195409
393.352,3.0,373.778,2011.51,81.9486,500000,100000,1,3.0,81.9486,380.14278024874153,2.8882531848772417,440.7758683771097,2330.010472521794,104.07079182106432,490106.3652726621,94873.20318017184,0.9912790143583624,3.1834237051153624,77.57809416450559
393.352,3.5,373.687,2011.51,82.3332,500000,100000,1,3.5,82.3332,367.8887226081115,3.447858861157686,440.5535969759022,1994.9373124195984,82.37481727773003,525685.3909800089,100166.85226294844,1.103007976016911,3.557383795975324,98.21156870168856
393.352,4.0,373.618,2011.51,82.6232,500000,100000,1,4.0,82.6232,384.9320022601868,3.788370713741118,385.7965870295434,1901.657248975083,109.83295009792656,485987.7879819625,98690.37182932669,0.9913899940590608,3.9435951754076015,81.572243511785
393.352,4.5,373.565,2011.51,82.8496,500000,100000,1,4.5,82.8496,388.2572626928567,3.836946550661097,425.0837751324666,1722.448187748006,81.2562514594601,519737.4961750853,100355.06119465057,1.0135812666166368,4.654883183477202,77.93270422374164
393.352,5.0,373.522,2011.51,83.0312,500000,100000,1,5.0,83.0312,400.16659674857135,4.950332716544274,453.52976397133375,2008.012609968638,71.78073477008725,551152.5620908627,92409.35773426574,0.9405152917854148,5.197191862856094,86.7222247719891
395.372,0.5,376.465,2011.51,70.6161,500000,100000,1,0.5,70.6161,415.10126265777154,0.5092716948117756,350.69108434055534,1835.297036285197,77.62975690674222,494051.30464190623,104519.93222579088,0.9613509883674888,0.5502844873990113,74.44123902205759
395.372,1.0,374.808,2011.51,77.6055,500000,100000,1,1.0,77.6055,399.6703434967407,1.0483062662765157,331.3162747552105,2149.440452932777,96.65979035309282,518654.74059945095,98704.6047726182,0.9664684234117672,0.8896639506896065,92.35323786529447
395.372,1.5,374.209,2011.51,80.1347,500000,100000,1,1.5,80.1347,407.9988022672061,1.5492990821339654,356.2485857397462,2104.271829762612,79.78342158610508,465886.4563402272,93795.02481611243,1.0073336841398084,1.5013561506926996,81.72367191748391
395.372,2.0,373.899,2011.51,81.4386,500000,100000,1,2.0,81.4386,404.3377381929093,2.116264805868619,392.2296768214379,1857.119236652819,84.5269826508012,508996.30788533046,99329.20427823636,1.00941065779596,1.917422991893991,77.26200572522153
395.372,2.5,373.711,2011.51,82.2339,500000,100000,1,2.5,82.2339,391.95061233446194,2.6481453789299176,405.3881575507411,2138.9925374131635,90.51161819515367,520234.8307207732,103522.07601238972,1.0110349744394675,2.5604483328280265,89.51374423370498
395.372,3.0,373.584,2011.51,82.7694,500000,100000,1,3.0,82.7694,415.3346701123788,3.166919729341936,399.3811879340288,2316.811513261883,95.29774223789671,489337.84589162015,115274.5459601478,0.9426067371455225,2.843456750762718,88.13629221820027
395.372,3.5,373.492,2011.51,83.1546,500000,100000,1,3.5,83.1546,422.7371356400071,3.277664557023181,396.35575822132535,2016.045003013992,96.6651605306622,516162.12227376056,97654.4709600205,0.9019609024671932,3.4146117946771506,69.60702441203833
395.372,4.0,373.423,2011.51,83.4449,500000,100000,1,4.0,83.4449,393.4279632537453,4.186684590895172,385.6790777617574,2132.986894352835,73.1483363341826,435226.8884235079,91670.86801382025,1.0110853700918123,3.749281525596036,70.81196516023724
395.372,4.5,373.37,2011.51,83.6716,500000,100000,1,4.5,83.6716,406.2457599247768,4.685718284510195,359.97698508851363,2015.645695506911,64.43656168218652,523326.8957225701,102478.70527481938,0.9836749526780258,4.597834491969613,81.55387691279607
395.372,5.0,373.327,2011.51,83.8535,500000,100000,1,5.0,83.8535,422.33914650398094,4.989417026084947,370.3565472303152,1864.5121009980487,99.0435783576702,560163.2534907025,109188.21517050295,0.9777374914436952,5.163036516993212,95.14256521981429
397.392,0.5,376.277,2011.51,71.4081,500000,100000,1,0.5,71.4081,399.8801607778129,0.5226708536593232,448.33045224197593,2031.904655260608,63.45235832442568,563996.4935634289,110781.36124561664,1.0379261380097788,0.4871566330742878,68.86085068104367
397.392,1.0,374.617,2011.51,78.4118,500000,100000,1,1.0,78.4118,383.6242508818745,0.995927200611106,313.8276532587644,2178.419839931538,89.34114145822846,480768.33174979663,103602.7979110467,1.0168088371665145,0.9900217477213492,86.78197465709661
397.392,1.5,374.016,2011.51,80.9452,500000,100000,1,1.5,80.9452,409.9848931133684,1.494279138619531,356.34702995091743,1863.089702817704,107.6832842030706,492835.02180770994,98706.29466128172,1.0211303863510632,1.3366786132205577,84.31239405810479
397.392,2.0,373.707,2011.51,82.2511,500000,100000,1,2.0,82.2511,448.6497926554562,1.985600002229834,376.3839109550192,2049.8310722961382,101.0481510630914,519038.8382767801,103531.85195947,0.9915082160502586,1.9905688322724635,87.84416450025907
397.392,2.5,373.518,2011.51,83.0475,500000,100000,1,2.5,83.0475,384.4911148905565,2.662162191740693,352.25848429802267,2362.74083124692,73.87107964205998,497552.5932928345,95176.87182260492,0.903878177516968,2.4078624032289992,72.09308680428425
397.392,3.0,373.391,2011.51,83.5838,500000,100000,1,3.0,83.5838,373.3569168150132,3.0930751348648746,362.88964299600445,2150.909858964942,109.49255324923904,502125.3140304231,91850.62523797808,1.0997076185325776,3.1270963973914103,71.90839002780572
397.392,3.5,373.299,2011.51,83.9695,500000,100000,1,3.5,83.9695,395.1819826514258,3.54916248696587,434.8340778039744,2226.4390738522443,84.4514017637839,494528.0221733584,103080.63054477124,1.1141860920334563,3.6159740903486695,84.05231750235951
397.392,4.0,373.23,2011.51,84.2602,500000,100000,1,4.0,84.2602,405.2070681416304,4.002273981759699,389.029698568289,2271.2542182521515,70.51851306963977,509386.90116360417,97557.39951874578,1.0172167647339474,3.946373790096213,71.70020292183291
397.392,4.5,373.176,2011.51,84.4872,500000,100000,1,4.5,84.4872,375.4685468819676,4.323303467940772,363.3351508886164,2102.2384630024585,68.54331666161428,485420.2853294235,104048.91989105153,0.9606526794739746,4.533229853251299,80.49958545488361
397.392,5.0,373.133,2011.51,84.6694,500000,100000,1,5.0,84.6694,403.7840067299923,4.88825561179849,361.8918204450761,2002.5548685293163,76.09135125258372,546229.681553648,104207.7723725798,0.940691849855464,4.901837722459587,76.01214638019452
399.413,0.5,376.091,2011.51,72.1935,500000,100000,1,0.5,72.1935,386.0707993819535,0.5054827228283013,369.1538333677053,2142.8099381505654,77.45249110562563,513589.5191072303,97448.4030330754,1.0499743623461455,0.504603197121962,70.76007175818906
399.413,1.0,374.427,2011.51,79.2122,500000,100000,1,1.0,79.2122,415.7443245431242,0.9463454335818692,363.4796773667191,1697.898001616039,69.58407470226159,461078.8052428546,99363.50051560294,1.0018196465090243,0.9640470727498628,89.48496520650443
399.413,1.5,373.826,2011.51,81.7498,500000,100000,1,1.5,81.7498,398.0050935779542,1.5107016309151222,352.5625746122762,1983.634095490828,85.9087216999194,484591.68198229343,98667.61300263157,0.9298555808016412,1.399158947938005,97.1494867447136
399.413,2.0,373.515,2011.51,83.0577,500000,100000,1,2.0,83.0577,429.1837699248825,2.1100392892278728,294.1637872377484,2067.564438632616,92.6497359067511,501701.9071625306,89640.14511936165,1.0727259497554018,2.064783709816264,68.84164525968674
399.413,2.5,373.326,2011.51,83.8553,500000,100000,1,2.5,83.8553,418.3762132949513,2.5139977415776573,353.1938462416333,1967.93634007353,87.45118066304116,518524.5608518537,96173.64044158244,0.9794066458034398,2.517122101693193,81.64061688769266
399.413,3.0,373.199,2011.51,84.3923,500000,100000,1,3.0,84.3923,347.66820124837625,3.2133634432928733,395.18128242992856,2386.4974635388244,99.59752744571338,530253.8428384449,96960.68137321212,1.0034726726168497,2.8773094487948803,91.22567656496987
399.413,3.5,373.107,2011.51,84.7786,500000,100000,1,3.5,84.7786,398.867710598036,3.420679582959268,387.4912869714556,2105.9875030559,86.80674697129662,505630.6247476451,99640.3873089952,1.002707050054585,3.709797681346612,93.99341410165844
399.413,4.0,373.038,2011.51,85.0697,500000,100000,1,4.0,85.0697,420.1805725453465,4.195167378324763,361.44251858057913,1833.860998061166,72.73183722046083,520621.1386349093,98093.36106716952,1.1160023554709344,3.9415913230219592,96.4993986947776
399.413,4.5,372.984,2011.51,85.297,500000,100000,1,4.5,85.297,400.05214365954026,4.636154928545763,353.6335884996156,2056.381613135922,81.75586343737325,498869.0621405021,96592.33829970896,0.9327237718576172,4.8187728052476455,84.2047336847474
399.413,5.0,372.941,2011.51,85.4794,500000,100000,1,5.0,85.4794,386.2943942676599,4.947366264911752,395.9771698148318,2329.518955734013,99.0849938265903,467466.4003034624,97620.8379461406,0.9824032726249392,5.085629149783498,90.46579704433024
401.433,0.5,375.906,2011.51,72.9726,500000,100000,1,0.5,72.9726,380.419769174452,0.4960212632115568,380.4548100573893,1890.3810214738369,81.72419108650598,527649.2813261772,99192.4318355694,1.0288059242364027,0.5434607332937103,82.76990516182533
401.433,1.0,374.24,2011.51,80.003,500000,100000,1,1.0,80.003,412.5974540681867,0.8986711111700282,378.5404938717263,1631.91925051408,61.41813904677072,496415.149529529,88448.1134845553,0.9947614012125776,1.0526631560017197,88.69408078377388
401.433,1.5,373.637,2011.51,82.5447,500000,100000,1,1.5,82.5447,394.1077965460705,1.4826098620030657,403.3423294334459,1895.160995374792,82.74135417779992,486733.6695686757,99002.7905791131,0.966245550810729,1.5783524503242334,83.65590296966263
401.433,2.0,373.326,2011.51,83.8546,500000,100000,1,2.0,83.8546,389.7296737301477,1.994316314779305,315.98817858844626,1919.7548089849315,66.28580747323089,505931.051640148,95286.81753668176,0.8585123309426747,1.9819350836772307,87.29575571797407
401.433,2.5,373.137,2011.51,84.6533,500000,100000,1,2.5,84.6533,409.4553966767959,2.3268299351944384,431.5635599018496,1934.1889252438275,80.69108211360795,543035.3693654161,104482.23329201312,0.8901738873700079,2.357144234478371,80.31897582925406
401.433,3.0,373.009,2011.51,85.1911,500000,100000,1,3.0,85.1911,366.0915861651901,3.091426484431866,316.8258297218034,2267.944044881237,80.09957389204524,498360.9480465895,93614.02465548964,1.0525445722789857,3.191066503891237,78.4621136869207
401.433,3.5,372.918,2011.51,85.5778,500000,100000,1,3.5,85.5778,434.9507387447649,3.442995693693041,311.62392429516206,2023.069252787809,80.57595079693704,516372.1939953498,91197.16450380244,0.9487094075475738,3.5200591096340443,75.58261125502315
401.433,4.0,372.848,2011.51,85.8694,500000,100000,1,4.0,85.8694,409.8537083777465,4.02150500008616,364.0293798872002,2076.083727867177,79.21926431713182,503779.0938342791,104735.14886353108,1.0005837061449954,4.004939068044639,90.84575269292723
401.433,4.5,372.794,2011.51,86.097,500000,100000,1,4.5,86.097,370.81056043365913,4.358913559774346,340.8121981831083,1769.4296684707936,79.84946928274397,471306.1516026532,105167.5935449118,0.9308353917708744,4.575955800674919,106.4692099100251
401.433,5.0,372.751,2011.51,86.2796,500000,100000,1,5.0,86.2796,413.3259935399339,4.8914916614191,332.9289605886636,2178.507448613578,77.20366216915966,512942.1503126087,101792.51856438372,1.01965726841927,5.346350549516049,93.14937306991168
403.453,0.5,375.723,2011.51,73.7456,500000,100000,1,0.5,73.7456,419.1546055631329,0.5138406852339558,414.75146294028303,1900.749236181739,72.06351868368561,497183.8007595209,98180.86889607317,0.9971323692906598,0.4850094805483493,69.73905440098422
403.453,1.0,374.053,2011.51,80.7895,500000,100000,1,1.0,80.7895,399.54637550876095,1.004703492059576,372.6488498730309,1693.1564243226885,90.44531084906802,541525.2281458412,106748.1614893474,0.9839685507840732,1.024890396802348,95.13393606031327
403.453,1.5,373.449,2011.51,83.3353,500000,100000,1,1.5,83.3353,398.8842155433369,1.408293729094637,427.3354525394008,1924.2955897114068,68.96362323482744,480290.4833178299,102924.75972924614,0.9885331307508932,1.5179417986891657,80.27767332019758
403.453,2.0,373.138,2011.51,84.6472,500000,100000,1,2.0,84.6472,400.47546468750215,1.8429524954632028,310.9661480101228,2044.2318510174453,91.1120584938446,510338.3500790852,102871.47248643624,1.0000055466712476,1.911952304100313,80.74784376176254
403.453,2.5,372.949,2011.51,85.447,500000,100000,1,2.5,85.447,391.3047868805429,2.523261627609492,398.9907433569191,1904.198906436403,78.84802810279758,505271.8165994375,96329.88734572985,0.9761747753207553,2.355213385799794,86.0919328006151
403.453,3.0,372.821,2011.51,85.9856,500000,100000,1,3.0,85.9856,410.8637357910753,3.076280297644069,412.3833751046352,2031.233959852825,101.56845304202228,505567.6708613096,113890.5611703791,1.0166075936421726,3.073292406392981,91.8445956121027
403.453,3.5,372.729,2011.51,86.3729,500000,100000,1,3.5,86.3729,404.8043802918263,3.53233451379358,338.7950930724393,1834.5130908855024,100.0087630364756,495415.4473288776,106319.20183419692,1.0087206295174271,3.443339382613856,96.15618453659368
403.453,4.0,372.66,2011.51,86.6648,500000,100000,1,4.0,86.6648,426.9488793386904,4.093704720563768,387.0525597960529,1642.2288842614576,105.808129139279,514297.053751373,102924.92995857605,0.9530298890998764,3.978724535563723,86.22463297874116
403.453,4.5,372.606,2011.51,86.8927,500000,100000,1,4.5,86.8927,386.7583121354306,4.430795087348158,378.14097001103937,2298.112396099762,81.56401482682219,449651.194575664,99398.67377055169,0.9411916702397564,4.410767335888635,91.43366407483286
403.453,5.0,372.562,2011.51,87.0756,500000,100000,1,5.0,87.0756,388.7672514676141,4.969875646525161,323.03012157566616,1997.659488107554,65.23340960158787,518144.63823285874,111267.21128588132,0.9839606429551764,5.202215729619863,97.7097993650526
405.473,0.5,375.541,2011.51,74.5128,500000,100000,1,0.5,74.5128,401.76502156679487,0.4536016678202891,390.740928289369,1991.718385585394,100.41890708355264,500348.4525136379,100505.1031444878,0.9852335178083188,0.4543057373198056,67.93045865299825
405.473,1.0,373.868,2011.51,81.57,500000,100000,1,1.0,81.57,373.78141666126703,1.1301239937437155,437.26142671867984,1993.265773001628,76.64283717959306,504389.6325119758,100147.31728080136,0.9892299715018488,0.9960792231878536,83.71439695573753
405.473,1.5,373.263,2011.51,84.12,500000,100000,1,1.5,84.12,424.1091256894506,1.487513581178884,408.1012148495312,2003.2925110452848,78.74852107996306,501684.2212904466,93276.014471575,1.0676889367500668,1.478151636416238,79.20344897961206
405.473,2.0,372.952,2011.51,85.4339,500000,100000,1,2.0,85.4339,426.3540651293544,2.0368352003840973,426.5786559470744,1950.885519180056,109.00418656638888,487833.4485189026,99975.08264791836,1.0522316177758857,2.1017834221201617,86.9632314774992
405.473,2.5,372.762,2011.51,86.2348,500000,100000,1,2.5,86.2348,383.934405448085,2.563735905990149,422.4437838655732,1866.2894949095428,110.84025272539265,506411.2928793799,99786.70079332506,1.0491024914986784,2.4041783780961623,85.49080053272749
405.473,3.0,372.634,2011.51,86.7742,500000,100000,1,3.0,86.7742,399.4841352013349,2.896498110027812,334.40944332747813,2048.714209051751,96.20975769153024,455929.5165564736,100389.84618714082,1.0076347688622482,2.73698528081445,89.75725307078399
405.473,3.5,372.542,2011.51,87.162,500000,100000,1,3.5,87.162,385.2134962982343,3.6474854552673297,394.4768585898468,2180.3619665255355,86.07904052886533,503418.3927889305,105103.7927178406,0.9011662189840958,3.276797916788846,94.06125504285258
405.473,4.0,372.472,2011.51,87.4543,500000,100000,1,4.0,87.4543,436.3156291760576,3.926973412440843,328.01405629611213,1760.9568294398214,53.92272383370484,500043.2105712134,103088.01650362714,0.9475424938601268,4.4810081859310245,99.40238934519785
405.473,4.5,372.418,2011.51,87.6825,500000,100000,1,4.5,87.6825,411.2162791569714,4.431496945241649,346.59714635879766,1763.8934835851292,85.65453440422398,492386.7062803931,100477.67635311466,1.0332856510994095,4.529942803180731,90.21948275353736
405.473,5.0,372.375,2011.51,87.8656,500000,100000,1,5.0,87.8656,409.11377819341976,4.635988376663391,401.42853439797096,2134.9696434203,84.54101913534419,486917.4127700902,91533.98882474827,0.9547758791640092,4.818985992607318,79.49762744307552
407.493,0.5,375.361,2011.51,75.2744,500000,100000,1,0.5,75.2744,414.636965552164,0.5150933254047555,354.6018472858363,1854.5180837650785,90.19691942105618,542019.253279171,104709.39620788574,1.0113614862569749,0.5131663340181692,62.57292140848171
407.493,1.0,373.684,2011.51,82.3447,500000,100000,1,1.0,82.3447,405.0402759178528,1.0022032317456468,387.0564464022392,2073.617950214364,60.82181671323521,456291.9291831748,100553.46794574946,1.0193475285473828,0.9336123045162884,82.55716371381973
407.493,1.5,373.079,2011.51,84.8988,500000,100000,1,1.5,84.8988,422.5460049644146,1.4730651278918343,381.8434856756449,1927.152865229512,68.43514167214576,480501.6936693383,110354.11633850838,0.8091478306911634,1.4843202961054491,84.1805057905405
407.493,2.0,372.766,2011.51,86.2147,500000,100000,1,2.0,86.2147,401.3158180376756,1.9807393561239195,390.7890386072421,2217.618495555508,96.36590493616302,504977.011124419,97592.1032433124,0.9891603123993796,1.904523697180512,85.27056521860416
407.493,2.5,372.576,2011.51,87.0169,500000,100000,1,2.5,87.0169,388.598504464464,2.6091332582915125,335.77822101915314,2126.2582092470298,98.16144004906968,525775.5784744781,103277.57688071778,1.0536892093235122,2.5193185122122066,83.800104867688
407.493,3.0,372.448,2011.51,87.557,500000,100000,1,3.0,87.557,435.48081207720446,3.18531476636352,348.71581019461127,2059.0087539626697,93.8135527040658,473774.7416518378,98982.1989536154,0.9731758894792508,2.933256521410339,86.61662197938912
407.493,3.5,372.356,2011.51,87.9453,500000,100000,1,3.5,87.9453,451.7251980390668,3.467152218972044,359.8687782639776,1968.8047291573253,109.8317980530161,525032.7317807906,91086.77048493558,0.9183055884905932,3.1919896670189223,97.48578867909887
407.493,4.0,372.286,2011.51,88.2381,500000,100000,1,4.0,88.2381,406.7383882230176,3.985994044638391,353.6347964157142,2317.8351581822776,98.01432408349488,498114.1730651165,108922.25199709306,0.8815724109317314,3.893647740545955,87.41990853365654
407.493,4.5,372.232,2011.51,88.4666,500000,100000,1,4.5,88.4666,413.99606893871214,4.86086986513527,407.2869059929991,2144.574445087225,99.41147400282736,514170.0435645869,94181.43731916512,1.044688281356747,4.559139322424094,92.25086866895307
407.493,5.0,372.189,2011.51,88.6499,500000,100000,1,5.0,88.6499,407.9272173826138,4.627230019097132,372.8185285576743,2426.7639422839707,90.10534521181164,494079.78584687895,99248.05071957332,0.9739257932140232,5.38637934124891,102.13734369577357
409.514,0.5,375.182,2011.51,76.0305,500000,100000,1,0.5,76.0305,448.4422101242729,0.4999880320482873,356.78575935946526,1974.0247978479429,80.50443894474694,484744.7236342386,98772.42308875456,1.0015550226133088,0.4832764761087814,68.09841607984704
409.514,1.0,373.502,2011.51,83.1138,500000,100000,1,1.0,83.1138,412.5196896755125,0.9374386042311162,359.52912107458206,2019.839721071299,92.39921690026452,459572.86413429707,103840.40770299906,1.0341814565176004,0.9952808908527658,81.74528819174559
409.514,1.5,372.895,2011.51,85.6722,500000,100000,1,1.5,85.6722,404.90991637329233,1.554224770096824,355.0855366132522,2157.3043810900263,81.17546977897132,507770.7066315881,100070.21727905572,1.048312698694425,1.5615861480856577,87.98649243193613
409.514,2.0,372.582,2011.51,86.9901,500000,100000,1,2.0,86.9901,415.393068269423,1.8396270524970104,345.53239392043986,2013.047012077206,85.58327452531303,494141.759969747,98229.1894612571,1.082705289923538,2.060144803375249,98.90392542702996
409.514,2.5,372.392,2011.51,87.7934,500000,100000,1,2.5,87.7934,412.7871715256212,2.5089276040726367,377.8765840048963,2017.048453350672,75.87838158735687,464255.86120902526,103766.12690218347,1.0065252219838408,2.446363794361944,93.7636828986784
409.514,3.0,372.264,2011.51,88.3342,500000,100000,1,3.0,88.3342,395.78258178500937,2.651186976879048,420.5754471017156,1834.503166693548,93.15698214032705,494475.4398912199,106775.26134476162,1.042648725653687,2.91137038095641,87.7904679096073
409.514,3.5,372.171,2011.51,88.7232,500000,100000,1,3.5,88.7232,430.6561063162385,3.4883448202711547,418.553286546706,1694.8916954558076,93.82667924727872,523857.7149010314,104480.42081567096,0.9286855338005237,3.647436272516957,104.52331445580496
409.514,4.0,372.102,2011.51,89.0163,500000,100000,1,4.0,89.0163,405.2300356797692,3.938938169296287,396.5830606040929,2332.709582230438,94.85500057411004,549023.3843167119,100887.26541872649,0.9507208566775388,3.627963519086064,78.18403877057598
409.514,4.5,372.047,2011.51,89.2451,500000,100000,1,4.5,89.2451,399.81180768118,4.459318324855374,391.2828584174117,2057.652418273797,97.52582196360927,536690.6750348939,102290.71743412454,0.9466183725490932,4.75982910951723,91.30103084187878
409.514,5.0,372.004,2011.51,89.4287,500000,100000,1,5.0,89.4287,403.4638336521304,5.259292868133001,366.1426322286173,2322.955654755579,103.26505275620671,538122.945966051,113168.64913464476,0.9947853290581082,5.008461308994857,88.57861516550945
411.534,0.5,375.004,2011.51,76.7815,500000,100000,1,0.5,76.7815,425.875021695296,0.5158145699910549,384.0703550774176,1738.8573967544462,57.81720493574369,507469.63279097824,102711.44115648986,0.9261938023242456,0.4939202553645866,82.1937630191254
411.534,1.0,373.321,2011.51,83.8776,500000,100000,1,1.0,83.8776,457.4467937181619,0.9342625569844788,366.8773582996441,2087.248329572779,116.6267790563459,470187.48301034153,107297.07019126564,0.989427848261178,0.9594115038972556,91.02990901734078
411.534,1.5,372.713,2011.51,86.4401,500000,100000,1,1.5,86.4401,389.4604885822597,1.510045641221401,343.5316936095152,2014.167032738923,90.9271709877322,469146.8328764483,100077.54179026162,0.934394414472245,1.4847834587006503,89.4965114162077
411.534,2.0,372.4,2011.51,87.7601,500000,100000,1,2.0,87.7601,409.35393249799006,2.0906870534610285,398.7260354064709,2136.791472202122,108.51692844588553,512039.9413736106,107968.86846096592,1.0286330989638104,2.0419313432193578,114.19496768331486
411.534,2.5,372.209,2011.51,88.5646,500000,100000,1,2.5,88.5646,424.323898306001,2.752221976646883,341.6660767615499,2008.3442086883863,87.93082273328385,511009.56805019657,105041.54606191594,0.988813662358438,2.371079383482752,100.4893244914754
411.534,3.0,372.08,2011.51,89.1062,500000,100000,1,3.0,89.1062,439.815400311748,2.92635765754022,326.07669376625256,1930.0543271098643,72.42327909432194,526152.6254285667,95396.4639163874,0.9564801718589436,2.9132075882213675,92.4187612362943
411.534,3.5,371.988,2011.51,89.4957,500000,100000,1,3.5,89.4957,407.4734265268622,3.513630002221618,365.52234589664346,1830.6589707115136,93.3339369686929,463272.4001037239,105211.1084678685,0.9701663749489472,3.588829682231848,92.3037273226523
411.534,4.0,371.918,2011.51,89.7892,500000,100000,1,4.0,89.7892,431.0309677531634,3.717839542981808,356.7475047781576,2366.147599383084,88.99522108292977,526842.4560166755,109053.48598657222,0.9791601590307706,4.335458310985017,84.55813096795949
411.534,4.5,371.864,2011.51,90.0184,500000,100000,1,4.5,90.0184,398.3344256595759,5.0728622705871285,440.8974100120972,2101.582793062019,88.7634317886471,499809.6495014924,84580.11396765205,0.9533752625387492,4.42467778219293,94.62016717346704
411.534,5.0,371.82,2011.51,90.2022,500000,100000,1,5.0,90.2022,396.20636174861113,4.763421544313051,384.9705147200931,2145.3596369833244,77.83826130177833,473448.5738155778,96608.7570202375,1.022493027283248,5.452137322490683,97.16639985174908
413.554,0.5,374.828,2011.51,77.5203,500000,100000,1,0.5,77.5203,399.5928661835622,0.5293703514396423,323.94013459246906,2158.7554028753866,72.14382166125942,540476.8945202577,107851.81729784654,0.9664935845071796,0.5082961087844898,77.81613186829348
413.554,1.0,373.141,2011.51,84.6362,500000,100000,1,1.0,84.6362,397.7826058462414,1.0393771662163434,431.5219408869405,1842.426543093914,92.4841352513174,487966.0651489001,100256.58200192932,0.97632285024511,1.029370821523167,81.75416850826711
413.554,1.5,372.532,2011.51,87.203,500000,100000,1,1.5,87.203,441.6892902471728,1.540994229426648,312.69885760084355,1898.752985188432,94.22579398833194,491007.36581315467,92250.41785479114,1.0375331583788825,1.46310554790623,79.73540989404499
413.554,2.0,372.218,2011.51,88.525,500000,100000,1,2.0,88.525,424.0059603101997,1.992124711375536,377.3163849464237,1782.6415324710158,86.32870634192494,504102.5965257876,94622.6805278842,0.9434990495357874,2.0041151059874776,86.45157427955486
413.554,2.5,372.027,2011.51,89.3307,500000,100000,1,2.5,89.3307,396.54824736418055,2.7089078075379542,319.9237856432017,1803.660623057303,73.16563679042372,518676.98694137466,98717.11860578264,1.0027068770428431,2.3466802027852345,121.43949309453316
413.554,3.0,371.898,2011.51,89.8731,500000,100000,1,3.0,89.8731,396.6136317540368,3.0359200483170654,306.3499692345012,1970.166245833169,90.67257294943782,525345.7281387497,110159.069799602,0.9539682333581174,2.9033074964284435,80.92510036880313
413.554,3.5,371.806,2011.51,90.2631,500000,100000,1,3.5,90.2631,363.12487044630745,3.560676702842341,359.0088445395379,1850.867993245604,83.4431789075142,471277.738354505,104533.9243925172,1.0605704924545047,3.343918940130999,107.80934423550524
413.554,4.0,371.736,2011.51,90.5571,500000,100000,1,4.0,90.5571,438.4475612264456,4.087968577294566,395.6956003051002,1672.8019282833711,96.02664811149606,554676.9770773135,100414.86584616629,0.9869621003967612,3.684623409170296,86.34908576838701
413.554,4.5,371.682,2011.51,90.7865,500000,100000,1,4.5,90.7865,404.1818653727448,4.778087220501323,397.12827878791967,1889.442366258544,117.49098296602828,513012.9949164671,100853.83072376488,1.027238355725283,4.071176349510352,90.24530235075106
413.554,5.0,371.638,2011.51,90.9706,500000,100000,1,5.0,90.9706,430.4660769817441,5.040555804224708,346.3306847034972,2279.0926825350543,74.57453725380589,493831.8057912832,90332.35200924176,1.0044291926603317,5.099721403243859,82.123933202895
415.574,0.5,374.653,2011.51,78.2592,500000,100000,1,0.5,78.2592,423.39530061992247,0.4591177432482112,342.0128942378345,2461.712473925836,84.69080159470765,544251.069415171,104853.1041909782,1.0163582596909726,0.5013709748588717,75.10133337660353
415.574,1.0,372.962,2011.51,85.3899,500000,100000,1,1.0,85.3899,412.1913750425956,1.0381696539790986,386.9224558503441,1711.9639812360556,80.39206367983307,479609.79872989503,87265.67169395264,1.0292270004849495,1.0526849940747482,103.67476460358807
415.574,1.5,372.352,2011.51,87.9609,500000,100000,1,1.5,87.9609,415.17379434761295,1.5213776056574522,398.11286794063057,2024.8627755145203,66.0010056382471,501312.90050873975,100208.67443015908,1.036089618700157,1.4895600286645567,93.6886054879894
415.574,2.0,372.038,2011.51,89.2849,500000,100000,1,2.0,89.2849,427.871128340772,2.036905204858997,323.646578313136,2055.7912520794243,106.65225455152896,533362.4028554654,96888.87844167692,0.9611043508411172,2.106904522928781,88.89071339248073
415.574,2.5,371.847,2011.51,90.0918,500000,100000,1,2.5,90.0918,410.9361473116198,2.455925862866949,375.9413175440733,2019.8881242412472,104.58227001376552,481903.32603567024,97140.1197675912,0.98572847558597,2.4777352598815767,83.95099477994428
415.574,3.0,371.718,2011.51,90.635,500000,100000,1,3.0,90.635,402.7668112107701,2.857477120492219,376.9296769090123,2249.862141038341,76.39089085074795,491893.4965396542,110651.89270518535,0.9926782945801836,3.227138274185465,94.48550140493398
415.574,3.5,371.625,2011.51,91.0256,500000,100000,1,3.5,91.0256,398.7254350318137,3.3791884234278995,320.8961642593956,1780.7585486647552,76.38679539010563,513698.7547774148,106669.8263558674,0.974187006546234,3.5202608044027524,85.80268921067864
415.574,4.0,371.555,2011.51,91.32,500000,100000,1,4.0,91.32,419.41266906670063,3.8256819057863134,393.4508032507587,1631.2022616077015,98.25579059149688,514947.2774779687,105390.67965075432,1.0860383724083793,3.826176208529617,100.42986858985503
415.574,4.5,371.501,2011.51,91.5498,500000,100000,1,4.5,91.5498,406.6548589639402,4.178684885376275,408.3201994749048,1920.6635008062792,72.3965549854972,504649.2281118185,113591.6930387691,0.985193375018332,4.466480468840963,80.31511395176899
415.574,5.0,371.457,2011.51,91.7341,500000,100000,1,5.0,91.7341,425.7113518456506,5.004357238239526,335.87946675948945,1886.1908335457204,78.49810263576427,489952.335094881,111194.01978097224,1.050565036472879,5.2559799220096775,100.47792937207537
417.594,0.5,374.479,2011.51,78.993,500000,100000,1,0.5,78.993,455.26824722791423,0.5082715882766728,365.08391433141736,1621.602695492532,105.04176446001355,496986.5419634908,95270.69536634369,0.98998738286239,0.4531949638264757,77.31991789287251
417.594,1.0,372.784,2011.51,86.1388,500000,100000,1,1.0,86.1388,430.2160986597021,0.9996832929767372,365.592423630307,2001.986087560043,96.86254221270973,514140.5755352373,95997.84133976777,1.008027830411615,0.9768027594701046,81.71913949614832
417.594,1.5,372.173,2011.51,88.7141,500000,100000,1,1.5,88.7141,433.1325051073272,1.5707394977608344,459.64627613651874,1742.6037689270302,85.97823635996161,504085.8752871372,95441.84514362576,0.9717589532072004,1.572474071232088,85.73095804845987
417.594,2.0,371.859,2011.51,90.0402,500000,100000,1,2.0,90.0402,436.2311646444881,1.9927522280405965,345.17307464050094,2178.84930714172,98.4476569370214,509502.56278059504,98217.12996446429,0.9923020094344994,1.9586567362331329,81.75820447817117
417.594,2.5,371.667,2011.51,90.8483,500000,100000,1,2.5,90.8483,451.3609134015724,2.695283138831884,392.81352860189656,2083.69893619866,77.69913371707017,491957.8915717538,99058.75134707065,1.0638473871139116,2.5539686282447165,103.45009284284036
417.594,3.0,371.538,2011.51,91.3923,500000,100000,1,3.0,91.3923,425.18652461964456,2.893645664652754,375.0463302081862,1916.259845943084,106.9439602699958,505188.4372883816,99660.246318295,1.0193752895290458,2.957955824033033,75.397585559029
417.594,3.5,371.445,2011.51,91.7834,500000,100000,1,3.5,91.7834,380.4576248222192,3.394174198338791,345.44917801979244,1864.2126926479089,77.37382178675627,530968.3719312641,109271.58176870488,1.0815184983932151,3.262557356836844,90.07827159132846
417.594,4.0,371.375,2011.51,92.0782,500000,100000,1,4.0,92.0782,393.6075251840978,4.053633389964395,417.52564049901474,1856.6792791398725,93.08149100964482,497695.9004269639,108475.00599680838,0.9793210044390898,3.742799365249516,96.94185407525796
417.594,4.5,371.321,2011.51,92.3083,500000,100000,1,4.5,92.3083,405.1181663878969,4.42523864221873,381.1350665376098,2245.214761308466,93.05445485277396,511204.7828057962,95966.58300474536,0.9763640368179558,4.382032190918202,97.7612366916966
417.594,5.0,371.277,2011.51,92.493,500000,100000,1,5.0,92.493,386.2101342233455,5.161016230739306,407.2397733285506,1663.0035533536045,94.92679357919388,506380.91711841966,100403.29257728292,0.9125691358849312,5.218631883656731,81.09525427009187
419.615,0.5,374.306,2011.51,79.7219,500000,100000,1,0.5,79.7219,441.6856499805401,0.5056765763286037,315.9757832602441,2068.319170132447,66.4873420276003,468025.8663052986,97581.81804819626,0.8844396714611734,0.5383221850549649,92.33599350235882
419.615,1.0,372.61,2011.51,86.8725,500000,100000,1,1.0,86.8725,457.2798806555575,1.0220517917425382,391.72725322402863,2426.450904474644,96.47159063442436,507314.890648603,96511.24247080243,1.026489403494482,0.9602350802915198,89.42881974424056
419.615,1.5,371.999,2011.51,89.4512,500000,100000,1,1.5,89.4512,429.2194180615162,1.3515304293110604,355.36705126905736,1831.2958268642333,111.30432363994288,541806.4038753619,106046.19749434754,1.0285505631195284,1.5446349146347698,74.09955196400529
419.615,2.0,371.683,2011.51,90.7788,500000,100000,1,2.0,90.7788,412.1242595951768,2.0670687170726234,371.8956502922765,2260.0052270490564,92.33964729704697,517919.432349507,102545.52846541992,1.0742372834377771,1.9342802129902348,77.27294985265307
419.615,2.5,371.491,2011.51,91.5878,500000,100000,1,2.5,91.5878,374.4362505339114,2.3849389015325526,327.14542158562085,1831.5663805881195,99.02380801479556,486470.4325633617,106960.13346507231,0.988091525869544,2.444894398504716,107.5927257068718
419.615,3.0,371.362,2011.51,92.1324,500000,100000,1,3.0,92.1324,425.0962320831848,3.085082685815081,348.9056709687437,1971.093171710146,92.55214861596949,500016.1121635516,99208.88265759689,0.9936970919583884,3.1115784390695445,81.08095672801302
419.615,3.5,371.269,2011.51,92.524,500000,100000,1,3.5,92.524,408.3734834540656,3.4558381406515943,320.9769138433221,1905.9240324081047,81.48996984365736,497521.5269340026,95079.0565271206,1.046120492528077,3.431548610197303,78.21130167004728
419.615,4.0,371.199,2011.51,92.8191,500000,100000,1,4.0,92.8191,391.7935250102343,3.634876964287071,345.6799363755638,1937.6600259916545,112.2265075122956,492049.39965632313,100832.05513253072,0.9758052036197828,3.978985023437605,100.9006711790088
419.615,4.5,371.145,2011.51,93.0494,500000,100000,1,4.5,93.0494,438.2920303142064,4.377026633346793,396.6712086297328,1814.656090528676,119.36509674179976,493843.4074241461,93801.92060324442,1.046957978111117,4.569335453655171,95.45746595566712
419.615,5.0,371.101,2011.51,93.2342,500000,100000,1,5.0,93.2342,421.0698961992733,4.874705715761741,292.5923043659144,1901.944420677081,82.44735266378933,533447.4918726259,96657.46191133896,1.0208419775922657,5.125587104897913,92.21470561459272
421.635,0.5,374.135,2011.51,80.4461,500000,100000,1,0.5,80.4461,406.41950933493234,0.5189264000454854,421.9934429458165,2157.107119986219,67.84668965226483,491230.1210495584,94873.84155118345,1.00487639065138,0.5142623295305048,73.06369475443415
421.635,1.0,372.436,2011.51,87.6095,500000,100000,1,1.0,87.6095,454.0572962209938,0.9639923011489216,375.26282733589625,2176.0652350818427,86.5496878562763,481411.146458641,99475.13262115796,1.0061690383128952,0.9366919716330824,84.35581759569052
421.635,1.5,371.823,2011.51,90.1922,500000,100000,1,1.5,90.1922,416.7990416812439,1.408402696154608,437.4450637641583,1832.9094324528944,103.7717394119684,458798.41117972514,98968.51904519724,0.9682053848976808,1.3487807520671466,96.27338926750464
421.635,2.0,371.507,2011.51,91.5218,500000,100000,1,2.0,91.5218,417.9593071234569,2.032759273114296,314.07369783181446,1955.922797150107,77.21324857030972,511425.2726090276,104529.55713618288,0.9540421712640452,1.775899828578789,83.34691087882524
421.635,2.5,371.315,2011.51,92.332,500000,100000,1,2.5,92.332,411.0314116309292,2.39325996280991,450.1570756388942,2285.419621131316,84.39358996950338,513712.6659416419,97282.571418306,0.9784768600371776,2.235818567913382,92.10091310367132
421.635,3.0,371.185,2011.51,92.8773,500000,100000,1,3.0,92.8773,452.9887516352532,2.9246120229141472,453.0982888704638,2176.320664152099,117.08628589462948,485504.7396004476,99200.04761617782,0.920989910815817,2.9335961690081875,109.1426380240539
421.635,3.5,371.092,2011.51,93.2694,500000,100000,1,3.5,93.2694,405.5435931732332,3.4492446797434164,355.7735506711619,1808.1708508020267,74.79083342959595,521137.485899391,100170.69737591088,0.9493634437248236,3.584847455483413,87.4878391417187
421.635,4.0,371.022,2011.51,93.5649,500000,100000,1,4.0,93.5649,452.2722779889682,3.918899326689184,311.19959560898326,1749.6736084457891,98.74998298906038,526051.8521513,99400.58349598284,1.0161749985919433,3.895710022166048,95.78187295739968
421.635,4.5,370.968,2011.51,93.7956,500000,100000,1,4.5,93.7956,422.17023233476993,4.497624802151808,341.50268517320103,1860.7121015512448,98.72098353394094,497464.39291505946,95851.66664017696,0.9904754673239254,4.245223591212088,97.16437060063308
421.635,5.0,370.924,2011.51,93.9806,500000,100000,1,5.0,93.9806,428.8038763792777,4.710571769014683,384.0565088999327,2351.726663691874,87.89144606502728,479809.2331308019,96944.68218617234,1.008144204339661,4.538327587820209,99.51392752120384
423.655,0.5,373.964,2011.51,81.1656,500000,100000,1,0.5,81.1656,435.742152466852,0.5127683887401818,383.738137838376,2203.860472812009,85.53206811313706,509597.8503914216,99983.04981827857,1.043436761992917,0.5147198455733255,80.65155687591772
423.655,1.0,372.262,2011.51,88.3417,500000,100000,1,1.0,88.3417,435.2475733866581,1.005875880957905,481.468992739073,2236.067222397921,77.54076565932958,511960.60938492994,98963.60913572148,0.9389345852873138,0.978157839488318,92.44882656667588
423.655,1.5,371.648,2011.51,90.9285,500000,100000,1,1.5,90.9285,431.43927224932577,1.428750322236023,425.710307456467,2060.2838927303865,106.64045500470915,510191.79388802993,107574.95065969817,1.068994340694485,1.581931888107828,106.06486991038986
423.655,2.0,371.332,2011.51,92.2601,500000,100000,1,2.0,92.2601,404.1946932988179,2.1088092463208588,462.3719352465494,2248.409160536854,94.3892443649035,513746.7032372154,100518.9289214534,1.0447730552194563,1.8982024652955725,93.17435121364986
423.655,2.5,371.139,2011.51,93.0714,500000,100000,1,2.5,93.0714,475.0595286511356,2.4186507931164423,379.4165226769889,1830.5921783369024,94.74402535323232,505729.07222795545,89873.82246115996,1.0331420704303338,2.545304117042189,92.99450486495336
423.655,3.0,371.01,2011.51,93.6175,500000,100000,1,3.0,93.6175,434.97991427406,2.7757203619045265,373.6831585927751,1867.78149908488,95.34405734302018,514412.1644184471,97790.2279234404,0.8881062121319108,2.718841545841421,90.1953587314569
423.655,3.5,370.917,2011.51,94.0101,500000,100000,1,3.5,94.0101,402.5608914460073,3.593331880357511,307.59252398530305,2158.33437867862,85.4080527231599,476315.9129006637,97889.95732647117,0.9787246464200002,3.3702541865282845,82.54532883894821
423.655,4.0,370.846,2011.51,94.306,500000,100000,1,4.0,94.306,444.7712101836328,3.9902447470998768,361.43018435713975,1643.2482275708862,115.87202499117438,523544.1342021698,100721.562057124,1.026096975184939,3.805280762124953,84.28103220657847
423.655,4.5,370.792,2011.51,94.537,500000,100000,1,4.5,94.537,406.7079831000057,4.1385143845444485,374.91598256939307,2053.2013062761457,64.73265494835563,485880.6399100477,94094.16434834804,1.01055347721327,4.426701764110952,118.3648400249979
423.655,5.0,370.748,2011.51,94.7223,500000,100000,1,5.0,94.7223,413.2351534300879,5.1105840649940495,336.896884113158,1951.646032159681,98.34377802941928,444847.59626742016,90768.83982206056,0.964277384740938,5.232226425682146,94.4548679760169
425.675,0.5,373.794,2011.51,81.8806,500000,100000,1,0.5,81.8806,385.73492134278126,0.5313039759241528,387.84051068785664,2198.423094368024,106.39763079574362,521502.2924640658,101626.72207782423,1.025467524959797,0.5029702640067282,77.00256362800295
425.675,1.0,372.089,2011.51,89.0693,500000,100000,1,1.0,89.0693,401.46078261209584,1.0834404040650352,384.7355230278483,1728.2973957773902,66.6215618022323,491958.90085129737,99579.95706931896,0.9310249409760222,0.9393920308324072,77.94164607803725
425.675,1.5,371.474,2011.51,91.6602,500000,100000,1,1.5,91.6602,427.4591449921916,1.446336542540794,325.8080317536696,2061.7299725589937,117.3692561853282,530194.9145536475,111721.05842538964,1.0354245614468298,1.485992382518449,81.25023854004294
425.675,2.0,371.158,2011.51,92.9937,500000,100000,1,2.0,92.9937,432.30081597839,1.903460378986708,356.9822191227877,1725.5471245397034,97.86308636478569,511664.5071931018,105184.14664908036,0.9407991597711236,1.985389616724128,94.548540356609
425.675,2.5,370.965,2011.51,93.8062,500000,100000,1,2.5,93.8062,402.4835228414639,2.5386738053074773,404.3858215570687,2492.3201299653374,88.17595126856445,509300.10333240166,99281.14168886383,1.052394692471019,2.640325675125364,94.67642556592637
425.675,3.0,370.835,2011.51,94.3531,500000,100000,1,3.0,94.3531,443.8625013015791,3.242217488137099,335.64899328865573,2063.031226771636,83.54236893523563,495870.9119527824,100717.2559307534,0.9863023436769146,2.829757327448071,95.8220296144085
425.675,3.5,370.742,2011.51,94.7462,500000,100000,1,3.5,94.7462,443.7273278988442,3.523930637963481,304.15063219305216,1993.8115145541303,81.72430519881114,495102.1967442959,102825.24216045316,0.9113678172656184,3.2843610427114664,94.43657009280592
425.675,4.0,370.672,2011.51,95.0425,500000,100000,1,4.0,95.0425,392.3701290150229,4.098707458840753,374.13946825215817,2155.38557276537,92.17750679653274,476745.7117370625,97619.55746609134,1.0097792226931863,4.164277977172068,84.06654407542074
425.675,4.5,370.617,2011.51,95.2738,500000,100000,1,4.5,95.2738,441.78230106767296,4.763761865911816,321.1779289123161,2428.882736097268,68.49765217126854,514582.01159024256,93326.53472291642,1.0104000452871205,4.711148787848858,99.85269510446165
425.675,5.0,370.573,2011.51,95.4593,500000,100000,1,5.0,95.4593,453.9596845396618,4.869039207421651,375.8568630020733,1810.5307471090348,112.5896126540357,503089.0368309292,102024.39586275356,0.977101239865798,4.858606716137721,100.90756114847592
427.695,0.5,373.626,2011.51,82.5913,500000,100000,1,0.5,82.5913,435.9668035128085,0.4954002834974259,401.9439751505483,1818.1203467289592,64.68765449563108,488573.5328868821,98176.94668516373,1.0327197848998284,0.5062820479733324,88.04373895131627
427.695,1.0,371.918,2011.51,89.7925,500000,100000,1,1.0,89.7925,460.46430070031033,1.043451563776542,334.32402010653897,1961.9398657305287,91.05184479843236,494830.8686854664,97165.16447489844,0.9656848429176044,0.9869171011440352,85.12688041412324
427.695,1.5,371.302,2011.51,92.3874,500000,100000,1,1.5,92.3874,405.05052597769134,1.427889613986712,403.4345964958372,2209.292043931395,109.12339118453691,468377.7185529702,94507.98744496272,1.032279856904181,1.501010768113722,103.33004147369044
427.695,2.0,370.985,2011.51,93.7229,500000,100000,1,2.0,93.7229,408.88039000394696,2.204034659890649,375.36077441485696,1775.936720517422,103.97941633766786,496007.4498835157,92152.2069661441,1.000808783389406,1.9907975291720863,95.94914284732124
427.695,2.5,370.792,2011.51,94.5365,500000,100000,1,2.5,94.5365,373.6009901285268,2.5383371177537297,350.851675532012,1812.0559983330431,80.53281402079885,481059.2170146147,95678.3181068492,0.8681041972175569,2.5202962570166325,104.33303463630205
427.695,3.0,370.662,2011.51,95.0841,500000,100000,1,3.0,95.0841,418.0363750171955,2.940139419113536,326.9229975952419,2199.647203226653,95.02157922938888,497364.7260671046,96961.73500825884,1.0443433665456152,3.253474292139717,91.89018018459232
427.695,3.5,370.568,2011.51,95.4778,500000,100000,1,3.5,95.4778,426.9762037069523,3.5025168493427463,353.5330578739724,1804.49296752725,112.06876644380652,468908.5604257475,102936.22348267342,1.0292710544285846,3.445656088059513,102.25567958804984
427.695,4.0,370.498,2011.51,95.7745,500000,100000,1,4.0,95.7745,422.53063749441486,4.253761531263391,380.310120703792,1878.492195164511,104.4380331133371,492943.0236573189,97863.05187521385,1.0514092970041045,3.873700040498347,93.4356884008857
427.695,4.5,370.443,2011.51,96.0061,500000,100000,1,4.5,96.0061,417.9409701346714,4.280304253560391,364.7588349124539,2101.7710579242025,87.51756098630948,501284.9793725183,98166.1522834706,1.0171538291590467,4.303003749688941,118.00200841909208
427.695,5.0,370.399,2011.51,96.1919,500000,100000,1,5.0,96.1919,434.1341051717806,5.40175475206232,333.95366203451675,2100.2824425580025,107.21925807576066,507815.5588475201,105824.44107105747,0.988294274894659,5.131020534733891,90.20891972319308
429.716,0.5,373.458,2011.51,83.2977,500000,100000,1,0.5,83.2977,433.6658316508021,0.5398690497260966,373.7355466075513,2395.1579621399524,92.30464473099252,532484.4563805009,92487.74897690938,1.0371572152402884,0.492013631491839,71.39273575061112
429.716,1.0,371.747,2011.51,90.5113,500000,100000,1,1.0,90.5113,416.0605313311533,0.9848453640154136,356.8497669071768,2146.994081792581,100.40093045145682,471999.9356418203,104260.93441240946,1.0313904185083946,1.0603205701292242,80.49192514974256
429.716,1.5,371.13,2011.51,93.1103,500000,100000,1,1.5,93.1103,428.66540489531207,1.5145252513761127,401.0718047873939,2160.048983622513,103.99025507405156,482707.3409907918,101030.63308046263,1.07816919563505,1.484487088889688,88.38814573824601
429.716,2.0,370.813,2011.51,94.4477,500000,100000,1,2.0,94.4477,423.829039442432,2.1372278913446574,373.4746151080678,1851.0792985076089,87.71031026029841,480418.59668190347,97360.87012407878,0.9595976800384528,1.948928802779463,101.7513274404232
429.716,2.5,370.619,2011.51,95.2625,500000,100000,1,2.5,95.2625,434.3735964078911,2.769651985930967,430.1532733443685,1881.6629663721424,101.64541780321836,487120.4867811903,101512.81666074268,1.0551605394864068,2.7137621219684984,102.71015483687069
429.716,3.0,370.489,2011.51,95.8109,500000,100000,1,3.0,95.8109,418.6895655513381,2.728254022932242,297.76230911256505,1771.4051461160257,94.13720674905022,560858.3746260992,101442.57221406924,0.9867406143365244,3.0748390867667794,108.3617798867996
429.716,3.5,370.396,2011.51,96.2051,500000,100000,1,3.5,96.2051,411.6983132517225,3.5572381631593286,400.59501130134674,1936.7740883656809,125.62776936126534,470196.9614286631,98678.9861819504,0.9941797317403684,3.657282408780632,113.90308598468626
429.716,4.0,370.325,2011.51,96.5022,500000,100000,1,4.0,96.5022,415.3682220056208,4.163506901969059,348.57021066390604,2051.9977315671053,100.0557014201842,507519.5334773688,104511.18166862616,1.0292376517435662,4.23445402301352,100.33873340710032
429.716,4.5,370.27,2011.51,96.7341,500000,100000,1,4.5,96.7341,421.4434983578998,4.527173354749056,327.7315951745924,1919.4017974656035,84.77497982480006,468555.754224495,109101.42000259148,0.9652050776398324,4.666120763917005,87.87777332484286
429.716,5.0,370.226,2011.51,96.9201,500000,100000,1,5.0,96.9201,435.8894913742222,5.196370647457394,405.4905729015925,2065.7482525578234,110.19645166742242,414465.509469582,100932.8458510856,0.9969937564292278,5.102987799954792,99.30643039654
431.736,0.5,373.292,2011.51,83.9999,500000,100000,1,0.5,83.9999,430.7535362631312,0.4837011961494153,387.5964057676889,1769.0177868777105,66.20972403077067,455666.5484899136,94709.77193876552,1.0259601630015769,0.519993070626882,84.68241471258543
431.736,1.0,371.577,2011.51,91.2259,500000,100000,1,1.0,91.2259,439.47386656556745,0.9646628409178823,379.53000513523097,1909.680256088708,94.63496697452698,500053.0736864609,105001.32617936496,0.9835044699560728,1.059552364828671,82.49513137952245
431.736,1.5,370.96,2011.51,93.8289,500000,100000,1,1.5,93.8289,427.5331084081884,1.4610244141347273,355.5060272824875,1829.9019945657924,86.58992328291599,473303.7157158323,93253.15106557704,1.1118389692967057,1.4153357436200509,73.85451467104673
431.736,2.0,370.642,2011.51,95.1683,500000,100000,1,2.0,95.1683,452.3578820905667,1.9991129067710427,348.26481937466696,1936.389112779685,97.73067368844788,516922.6729411185,95797.77966493138,1.0023874595124491,1.9853365819370008,93.07402530532076
431.736,2.5,370.448,2011.51,95.9842,500000,100000,1,2.5,95.9842,438.7313542568132,2.3517684588451413,397.6984723656254,1964.593848084832,98.69100501957094,489434.0984359353,103772.40063724198,1.0176220893555228,2.579426382160129,97.34380881740988
431.736,3.0,370.318,2011.51,96.5334,500000,100000,1,3.0,96.5334,469.4559798807636,2.8507842423102456,403.9543928159486,2074.32932940892,98.91563722944998,526865.6978749784,108993.2873061598,1.103315723524347,2.8910444066161274,98.5877107185489
431.736,3.5,370.224,2011.51,96.9282,500000,100000,1,3.5,96.9282,439.3454542509263,3.583825459216098,368.29648275230494,1999.0276045070416,104.96103527998685,556618.504873349,90710.76129695593,1.0752509070678895,3.626107886914342,97.33237821104596
431.736,4.0,370.153,2011.51,97.2256,500000,100000,1,4.0,97.2256,413.4667462576426,3.770164079556644,365.3119273939166,1753.1183751513468,98.18732164518867,515111.34799727047,96254.18111965568,0.942343728937839,4.627405009088792,109.62807876764408
431.736,4.5,370.098,2011.51,97.4578,500000,100000,1,4.5,97.4578,407.3385182362089,4.3959084127666,337.1520768839558,1625.3261471294593,108.34562144370292,508428.6050670274,104358.67870694643,1.013858604486044,4.7174775264643785,96.15427791216982
431.736,5.0,370.054,2011.51,97.6441,500000,100000,1,5.0,97.6441,428.3844539648299,4.692255375798685,415.8771655309976,1819.6000092932763,91.7240756957973,524299.0894510802,92656.53487207348,1.0087580090055528,5.007863651589622,106.24751631438389
433.756,0.5,373.126,2011.51,84.6982,500000,100000,1,0.5,84.6982,392.3798512462667,0.5002934092430484,455.170326873828,1907.0432191888765,75.51641367655314,533568.3656393663,97790.52057921812,1.0276024640753387,0.4864630385767378,95.38494926031515
433.756,1.0,371.409,2011.51,91.9364,500000,100000,1,1.0,91.9364,462.5096125325655,0.9501121108670324,339.3485012221319,2332.5338776199533,83.90760446508125,490939.8350791254,106079.56922753064,0.9312225811632786,1.036099428862015,104.41818728992205
433.756,1.5,370.79,2011.51,94.5434,500000,100000,1,1.5,94.5434,424.8330620301895,1.486535262451806,421.7730182470982,2165.2231166953648,113.16198247789252,514742.69994456985,97404.7474574513,0.9680817511430688,1.4470068765622257,102.89981175442696
433.756,2.0,370.472,2011.51,95.8848,500000,100000,1,2.0,95.8848,412.45220344389134,2.1236204978259594,384.6242973418496,1771.994786129536,104.38801965564603,554819.3081077718,102194.57927052886,1.011588694056947,1.9795270575395287,97.86216021250544
433.756,2.5,370.278,2011.51,96.7019,500000,100000,1,2.5,96.7019,449.2543142173688,2.332358745918036,407.7097572035981,1775.1537255876665,108.10845268531816,503520.68379410345,98498.06036493152,0.9851042629923048,2.6455642539921933,111.2581187518736
433.756,3.0,370.147,2011.51,97.2518,500000,100000,1,3.0,97.2518,415.17449818350326,2.99704788685076,366.34072264304336,1818.3075710269625,113.9478989023028,463517.5149929197,99046.26562294483,1.0336055413491692,3.067302940272368,114.68072486739928
433.756,3.5,370.053,2011.51,97.6471,500000,100000,1,3.5,97.6471,471.816637471271,3.919728624977912,377.91152150978405,2038.5387177174289,62.51871319735056,519627.0328266876,100480.64598204714,1.0565807138493473,3.3616676270467427,86.2393394973772
433.756,4.0,369.982,2011.51,97.945,500000,100000,1,4.0,97.945,445.7502227739488,4.370997471496131,366.4281347108623,1948.172766212345,120.34802309200109,526730.1573534291,107650.72049921963,0.9604698132000372,4.141325658702561,97.23197077577142
433.756,4.5,369.927,2011.51,98.1775,500000,100000,1,4.5,98.1775,391.4408929931031,4.319387613849393,396.4703911340554,1835.2523060627504,85.85249553053343,527302.6349771091,102077.6085341099,0.9792374868978349,4.37966916799478,90.82372934087668
433.756,5.0,369.883,2011.51,98.364,500000,100000,1,5.0,98.364,446.33182883202375,5.0098389387485485,352.242912525052,2334.9993296817447,93.19387232942624,504393.4941324,97664.42947564894,1.0139703339798094,4.821150688698433,93.87262384241085
435.776,0.5,372.961,2011.51,85.3926,500000,100000,1,0.5,85.3926,420.37365921463726,0.5065972123587505,404.24761150693377,1859.1109878441616,95.29908791279124,521107.7134090701,99931.94393984252,1.1016231969003574,0.4563879292436482,83.61320506282954
435.776,1.0,371.241,2011.51,92.6429,500000,100000,1,1.0,92.6429,429.6067432066294,1.0163813108664208,444.7540070085184,1792.3722252497928,102.3979978076904,497654.5001154284,108818.90456098708,1.099497237242551,1.0657405550306638,97.37308563611892
435.776,1.5,370.621,2011.51,95.2539,500000,100000,1,1.5,95.2539,446.4788255801289,1.4308335542148964,366.2151033926357,1889.402029361469,84.48371791382303,520855.62378008856,102108.36627075722,1.0446383839030544,1.5689249757339847,107.05464660250412
435.776,2.0,370.302,2011.51,96.5973,500000,100000,1,2.0,96.5973,468.3489100503331,1.999848549705196,405.6175215005293,2142.460839995344,43.977773359452286,511135.772151816,104213.99130104022,1.0664545015920937,1.9523567399015096,83.64380393592981
435.776,2.5,370.108,2011.51,97.4155,500000,100000,1,2.5,97.4155,445.1944909787775,2.4250438110686336,386.74528313287993,2270.254355778693,74.80098277868994,548217.801203711,102265.08099928044,0.9612358119682458,2.284228989717034,98.06503601947531
435.776,3.0,369.977,2011.51,97.9662,500000,100000,1,3.0,97.9662,400.2324575120846,3.117642712989563,326.9554453806492,1904.995005509056,137.40824171278,523294.4654371397,106997.84939105154,1.0626800512110828,3.007524387486664,96.26418326880568
435.776,3.5,369.883,2011.51,98.362,500000,100000,1,3.5,98.362,427.2800303425176,3.613680851394755,389.1070514421349,2144.599246259409,96.97680831033888,534652.3954482437,100100.74453911847,0.970025668333816,3.595347897944529,89.8366457244033
435.776,4.0,369.813,2011.51,98.6603,500000,100000,1,4.0,98.6603,424.8510489019383,4.397776927750971,354.44548470929817,1938.9223884394644,85.67958007321496,465890.6739578572,104138.6537499204,0.9603569801106202,4.07640367322012,98.10381683459904
435.776,4.5,369.757,2011.51,98.8931,500000,100000,1,4.5,98.8931,455.232393285026,4.692703457958477,359.83901037985663,1984.677939243017,107.60308465669802,477077.8032461031,95348.34481597666,1.0085155940299482,4.26007651762845,102.31672736582114
435.776,5.0,369.713,2011.51,99.0799,500000,100000,1,5.0,99.0799,445.3045295697545,5.147207987885487,335.6614740997585,2085.426325015192,112.30713432307356,500831.9440831191,99195.51730756772,1.0217395968048348,5.053995303183359,86.22273650206309
437.796,0.5,372.798,2011.51,86.0832,500000,100000,1,0.5,86.0832,441.8494554660994,0.5041741905833541,344.906821729096,2306.9070629698667,87.36548616746167,507274.53145486815,97706.06119291736,0.9413306991395805,0.5046894186235321,72.97239966479516
437.796,1.0,371.074,2011.51,93.3455,500000,100000,1,1.0,93.3455,412.0089210213045,1.001903900969823,363.4510516987639,2239.2269314334253,105.38943445027677,560677.9242715704,98126.87233575233,0.9155079107500834,1.060126717293976,103.47676791567804
437.796,1.5,370.454,2011.51,95.9605,500000,100000,1,1.5,95.9605,467.79676208485927,1.5673683429642171,366.7182919436722,2152.528587860376,106.17840745053604,527465.6989197622,100422.04803715268,1.000999121680875,1.6000136060580898,101.64396430152436
437.796,2.0,370.134,2011.51,97.3059,500000,100000,1,2.0,97.3059,479.6365815336711,2.153512173981265,412.1271210609343,1943.4810502952864,93.38926278246812,528289.934186391,95476.30087309737,0.968066848136592,2.023205336888582,104.0590056233524
437.796,2.5,369.94,2011.51,98.1253,500000,100000,1,2.5,98.1253,434.0134045287389,2.499635606073151,322.90384184336733,2045.3219896364544,70.62954407564258,473103.69427760696,105066.72434610088,1.046994857518696,2.6498085639822584,112.47622816953344
437.796,3.0,369.809,2011.51,98.6767,500000,100000,1,3.0,98.6767,441.0376477815003,2.9649138021832657,397.8434810528049,1990.882703041116,117.26510601145633,487309.5782655342,99876.6445699262,1.021096171851784,3.171682877760763,98.29615015883016
437.796,3.5,369.715,2011.51,99.0731,500000,100000,1,3.5,99.0731,418.5696835051509,3.457930266754528,387.4312817944901,2463.3630440403963,113.80482829084175,518067.27830541146,100700.54147102946,0.9777784057866828,3.7260701871957247,103.29552270005644
437.796,4.0,369.644,2011.51,99.3718,500000,100000,1,4.0,99.3718,440.7357234654547,3.951737019251054,381.9926735306784,2254.245991358217,102.97632513937842,513860.5797496981,98033.70716551456,0.9560679765690394,3.97050430216891,96.56649086915188
437.796,4.5,369.588,2011.51,99.6049,500000,100000,1,4.5,99.6049,424.0550303425914,4.3510645845185785,380.56481143447127,1858.6363406510447,114.33626881150872,513658.5851472936,99781.41572536256,0.9434381717122432,4.1472754836682375,107.49119372553346
437.796,5.0,369.544,2011.51,99.792,500000,100000,1,5.0,99.792,462.6915878694554,4.62443368691493,418.5685067147366,2012.1882796050056,81.13740955987112,490714.15273203305,89495.37871767851,0.9940126670627178,5.54927530336554,87.32247087582222
439.817,0.5,372.635,2011.51,86.7701,500000,100000,1,0.5,86.7701,447.2620655194721,0.5039274662660957,410.1001333754296,1922.6757754679968,79.95908864235778,502404.0184076264,105807.83437623034,0.990343630617848,0.494143347511125,98.84297507180426
439.817,1.0,370.908,2011.51,94.0443,500000,100000,1,1.0,94.0443,449.7013133960084,1.0453989878902568,400.1808938681522,1882.6212767706404,90.6295969464278,505371.2627018513,105649.85192870254,0.9243468105716052,0.9978374808611684,91.95540582788244
439.817,1.5,370.287,2011.51,96.6634,500000,100000,1,1.5,96.6634,405.7540414376278,1.6028324110433942,398.5592518130473,2032.9705604998344,101.58113580823591,492915.7847757628,96967.5305056435,0.9281833613012316,1.4744716913135811,88.20105007768288
439.817,2.0,369.967,2011.51,98.0107,500000,100000,1,2.0,98.0107,452.4413141079969,2.238459780033147,389.4773853591731,1731.3443152168447,77.53676936016335,528631.3360659201,96554.71216217685,1.018150501369626,2.0555618671494904,98.55323110958544
439.817,2.5,369.772,2011.51,98.8313,500000,100000,1,2.5,98.8313,418.6023076881299,2.516468763718412,348.27878248656464,1777.019619184022,87.15993628633967,480031.7161979629,96760.19346151248,1.0134436867961314,2.539286889720634,102.31725627328856
439.817,3.0,369.641,2011.51,99.3835,500000,100000,1,3.0,99.3835,436.1746245004165,2.9799711396821267,485.5857767587894,2016.344881183369,98.63949274469152,515130.9935182827,97450.10472977578,0.9797849195703304,2.8478388100584486,82.47731476107343
439.817,3.5,369.547,2011.51,99.7804,500000,100000,1,3.5,99.7804,428.25245892934,3.439101828820773,374.2253521407672,2263.1959867989776,99.0239609043932,484880.2146577156,100049.48139965498,1.0319896468238492,3.5082669007826945,74.89684998095825
439.817,4.0,369.476,2011.51,100.079,500000,100000,1,4.0,100.079,418.6059940327992,3.902682866059869,419.0216088884032,2082.511993289828,104.56695188407302,437783.5737093262,110497.3541540948,1.0296412802443662,3.886091691946545,102.02133333975726
439.817,4.5,369.42,2011.51,100.313,500000,100000,1,4.5,100.313,458.7651107684157,4.708720244655742,394.33249473742273,1955.4460950299924,100.89060393999816,550619.8108919179,102743.10666827943,1.0203921972578638,4.806199384042103,99.17125970010812
439.817,5.0,369.376,2011.51,100.5,500000,100000,1,5.0,100.5,430.923956926375,5.293460505091676,321.2288568146375,1819.6562233979407,104.21859110187596,505493.8951807304,101365.46197944914,0.970574629562439,4.992608217432189,106.24156877007496
441.837,0.5,372.473,2011.51,87.4534,500000,100000,1,0.5,87.4534,452.6935857550768,0.473711311041496,385.0536599647265,1889.247814876746,83.2284292690394,482675.2304589008,89901.89082502373,0.8912781471392242,0.5352169049610161,90.32853406543826
441.837,1.0,370.743,2011.51,94.7394,500000,100000,1,1.0,94.7394,432.9323057109737,1.0209107539133098,351.1073343126633,1966.252764133208,99.46449046408524,534926.1893113304,106149.1408030428,1.072619862898072,0.9807868934625048,88.9076331002797
441.837,1.5,370.121,2011.51,97.3626,500000,100000,1,1.5,97.3626,451.24467422990136,1.4532119813484554,341.82162715521594,1732.5203411807474,123.53077832923944,465493.0210115492,98926.0327161444,0.9433176865226742,1.3986397352496711,105.01062605620072
441.837,2.0,369.8,2011.51,98.7118,500000,100000,1,2.0,98.7118,439.6738710628703,2.040608510987443,312.1592811965333,2347.035588441743,94.94704656546551,497465.4107371297,102917.03876045096,1.0050323223965083,1.985531425497865,101.46869885615163
441.837,2.5,369.605,2011.51,99.5336,500000,100000,1,2.5,99.5336,457.199727157394,2.898321863976382,448.2201512597546,1858.2749417572268,101.65780351908111,481702.8995326546,107944.8256496178,0.9138676443164232,2.569782508188643,80.66301513796093
441.837,3.0,369.474,2011.51,100.087,500000,100000,1,3.0,100.087,487.1909500194871,3.022682433200632,372.63922236450713,1808.7762276595845,92.2195076466384,515008.4819317981,97925.24823999844,1.0442401486711297,3.087260350754209,99.61663757053157
441.837,3.5,369.38,2011.51,100.484,500000,100000,1,3.5,100.484,432.7390599063602,3.6003899685734253,366.3816091821184,2282.70782166616,98.871948495972,488961.9812390616,99560.48162105968,0.9691193779174756,3.2747827088841657,104.98243397181602
441.837,4.0,369.308,2011.51,100.784,500000,100000,1,4.0,100.784,395.3193636079049,3.800762150880801,397.2391810141924,2188.944339998144,112.23861823843995,476356.20742464566,102410.01861682556,1.0031091286339926,4.140786476568073,106.15325861613884
441.837,4.5,369.253,2011.51,101.017,500000,100000,1,4.5,101.017,421.41166826977616,4.55991645519914,342.31058770995554,1991.1292429837056,96.20285160240792,529812.9900138902,106741.7232214649,0.9186862063979836,4.18698817031388,108.88131149387888
441.837,5.0,369.208,2011.51,101.205,500000,100000,1,5.0,101.205,433.9574306206684,4.949336684294463,372.67238740999153,2066.5164808420395,87.64399640859992,468618.0018837413,104016.94934414982,0.9361989609613148,4.965871665734726,95.26450695499786
443.857,0.5,372.316,2011.51,88.1142,500000,100000,1,0.5,88.1142,470.0587866739136,0.5107711501292437,373.0870174275015,1905.790797083772,100.53257606204396,442077.84672232496,99509.2765653756,1.0474790505267713,0.4901428673399081,86.7028874585799
443.857,1.0,370.579,2011.51,95.431,500000,100000,1,1.0,95.431,424.3988909896327,0.976344629331974,431.02608678665626,2049.9900612932674,108.46836385016692,481946.4352757986,100816.61693985164,1.064964762277754,0.9847514231298689,89.9363172331643
443.857,1.5,369.956,2011.51,98.0582,500000,100000,1,1.5,98.0582,422.42614586513,1.595840739078148,318.88918444460074,2253.09366426702,94.75616121298978,479074.07905767,100042.21739027656,1.0226931701907842,1.6031072381073712,87.80242381368564
443.857,2.0,369.635,2011.51,99.4094,500000,100000,1,2.0,99.4094,416.3588892307316,2.1209893960019106,398.1484381940682,1911.883741859999,76.17728791219184,509868.9703940616,98494.56505128289,0.981326358498644,1.9424085232741923,93.53417599446468
443.857,2.5,369.439,2011.51,100.232,500000,100000,1,2.5,100.232,474.40537924081616,2.5487740763256754,318.9044818597057,2303.71024543216,68.5534944532367,552072.4284534184,100899.68327603192,0.9996503571899744,2.5337179529595035,100.85458036808706
443.857,3.0,369.308,2011.51,100.786,500000,100000,1,3.0,100.786,443.1406012410708,2.937336731261877,348.97017586824364,2112.4969775966706,105.91711624653156,442824.8787660006,100042.6506566499,0.9834890291505398,2.856070603989299,101.2394201787556
443.857,3.5,369.213,2011.51,101.184,500000,100000,1,3.5,101.184,448.94082019414594,3.604926259867407,349.92153428464195,2222.6555935607184,101.8328350013842,505373.73588746216,95152.17963832694,0.9744673443997532,3.4580037090977056,98.15283977718116
443.857,4.0,369.142,2011.51,101.484,500000,100000,1,4.0,101.484,429.6916871925621,4.099443596090639,358.6777105525658,1971.545094922301,92.37724141743884,491409.7949721237,93662.51517454746,0.9383389915175894,4.605253234551912,100.71127011879314
443.857,4.5,369.087,2011.51,101.718,500000,100000,1,4.5,101.718,471.36690191735664,4.341518927050302,353.05200791623537,2259.455958387019,94.91790401951414,465594.26289614727,91048.38354001944,0.9534940279150376,4.638255217255543,100.33654813739837
443.857,5.0,369.042,2011.51,101.906,500000,100000,1,5.0,101.906,438.808653484293,5.078285755783383,357.90261875300786,2106.29151301029,151.1713618789899,488381.2891121957,99250.30127098916,0.9316951467614916,5.2430183416659695,87.71071541996369
445.877,0.5,372.156,2011.51,88.7879,500000,100000,1,0.5,88.7879,427.5083058437693,0.4777325978684431,341.914389060444,2200.2213408840853,107.69411452444896,472277.595408887,97623.48200146457,1.0615672421162474,0.4802402512120757,79.68105638816793
445.877,1.0,370.416,2011.51,96.119,500000,100000,1,1.0,96.119,448.3599240795319,0.9591209206611154,331.432458551075,2145.3268482957787,74.28407708249026,521648.071999148,101305.46188809426,1.051661808288154,0.9846177992249968,90.97683963269364
445.877,1.5,369.796,2011.51,98.729,500000,100000,1,1.5,98.729,401.7747430242254,1.5448946318583294,308.6263414478117,1592.5838528654608,90.78757712808851,504030.51664455497,102813.08538271164,1.1222585250541028,1.4058980689866485,93.64439320683036
445.877,2.0,369.475,2011.51,100.081,500000,100000,1,2.0,100.081,462.46776459790686,1.99752645791976,365.942665794771,2203.455381206598,91.42861734018427,515064.6430210341,96799.99741839414,0.9620542088560424,1.872545627931908,80.60390648463566
445.877,2.5,369.28,2011.51,100.905,500000,100000,1,2.5,100.905,427.7966683963881,2.6606145981093854,367.722520739292,2267.5078228472744,72.26051938096083,479948.4960238428,90372.68078186792,1.0508442094681962,2.7062761771568966,105.90538038716925
445.877,3.0,369.148,2011.51,101.459,500000,100000,1,3.0,101.459,453.9950891391982,2.9525094835645387,361.6912105085806,2132.668011160158,101.88023053821706,514180.7031515472,106453.494828627,0.9496582441644392,3.0892699306822387,83.44863713812073
445.877,3.5,369.054,2011.51,101.857,500000,100000,1,3.5,101.857,462.182281643869,3.8073661478348986,382.4406797459437,2276.44385074867,113.90337282399422,489810.8734401983,113631.80404581834,1.0276962568469084,3.538053385735052,97.31392143053183
445.877,4.0,368.982,2011.51,102.157,500000,100000,1,4.0,102.157,442.52750534417993,4.0170679551589785,377.62776441458686,2204.480381175776,100.77435138967476,492744.1182694402,107288.25536887192,1.0332049965342762,4.438611416107777,97.6327551604458
445.877,4.5,368.927,2011.51,102.391,500000,100000,1,4.5,102.391,474.31036980433936,4.349453228969015,356.27000260993685,2147.91365061124,86.97045523236916,502181.1896993189,101937.09560072322,0.953545011806455,4.703513038531106,102.30682079158122
445.877,5.0,368.882,2011.51,102.579,500000,100000,1,5.0,102.579,440.9116981049914,5.108635024313573,391.08060325060194,2089.5137080157324,105.27621595307656,531844.5466611056,96049.51804408224,1.0246695662075271,5.07549658195171,102.62579621626752
447.897,0.5,371.997,2011.51,89.458,500000,100000,1,0.5,89.458,471.7513663963789,0.4828611357129124,439.73343494003245,2203.202129397297,92.45422516401166,519033.4885386963,95190.02235124088,1.028987965413505,0.4864065720559345,97.43881222676886
447.897,1.0,370.259,2011.51,96.7813,500000,100000,1,1.0,96.7813,418.4295021634785,0.947433549098836,380.59802916602376,2317.983043472077,104.84939953365776,449021.25084560784,101085.55011519152,0.948089762200101,1.0075661288317734,100.6733112363292
447.897,1.5,369.634,2011.51,99.4146,500000,100000,1,1.5,99.4146,411.21358496307903,1.465998491242456,384.593239997913,2036.919650376531,108.07283276311264,505121.2286126826,97403.68616106856,0.9740634737194556,1.551217848165428,110.3380623109198
447.897,2.0,369.312,2011.51,100.769,500000,100000,1,2.0,100.769,451.1456808311984,1.868733943920072,371.3723779323637,2048.786200225782,97.17189965086376,509615.3849044796,100619.810337888,1.0051086897507526,1.9746686914360807,103.17096979903748
447.897,2.5,369.116,2011.51,101.593,500000,100000,1,2.5,101.593,425.61079902116586,2.440331892694521,329.51390920477724,1817.622926830608,96.38837540773432,481287.8494172794,106922.07538557008,0.9604365021989314,2.2391982125555523,97.92680137268246
447.897,3.0,368.984,2011.51,102.148,500000,100000,1,3.0,102.148,403.8032615640632,2.873842735440256,347.5917881646863,1886.9917980494977,120.47243439132836,495540.8544797247,99267.0394134412,0.9293549366755036,2.841763935708776,88.34056659807534
447.897,3.5,368.89,2011.51,102.547,500000,100000,1,3.5,102.547,426.0538241240077,3.3657978331043656,352.697545027069,2037.1327420037264,116.40889182914702,462408.3043960152,86664.3205250444,1.009866513017409,3.3754053988618247,91.06093124261696
447.897,4.0,368.818,2011.51,102.847,500000,100000,1,4.0,102.847,420.3861846653779,3.891847329004555,385.420333420571,2249.359316535977,89.00235403098105,503785.8971642573,102193.93385102652,0.9248931674985418,4.047402369632258,116.3117070678462
447.897,4.5,368.763,2011.51,103.082,500000,100000,1,4.5,103.082,451.951872964947,4.684120590671991,363.06344259017374,2143.0815513298844,105.96614531406696,521259.50424436026,93702.03408184662,1.0207456254542833,4.570096798731756,105.77703770602876
447.897,5.0,368.718,2011.51,103.27,500000,100000,1,5.0,103.27,425.1465460513835,4.348605811077867,368.4722678745104,1796.7520255749173,94.11054815295512,532132.1221101104,101565.4337228152,0.9365310962306008,5.044721020838294,98.9997387812212
449.918,0.5,371.839,2011.51,90.1247,500000,100000,1,0.5,90.1247,418.6814855632685,0.5027766868298909,364.52188398567966,1751.2212337419585,105.48284371346529,503656.80199434765,94731.98114210017,0.9434324135020462,0.584593435656056,109.56607654333315
449.918,1.0,370.098,2011.51,97.4596,500000,100000,1,1.0,97.4596,459.37058692981145,1.002772666757885,336.3379094713157,2434.713793197589,86.56893201544199,483605.9442692618,96517.53046090172,1.0960860150716505,0.9812274771878164,88.13895116417358
449.918,1.5,369.472,2011.51,100.097,500000,100000,1,1.5,100.097,448.9080908836664,1.4971711537675807,327.1279985293352,2453.093785844445,72.0447729475533,502323.8335414926,104516.88225368898,1.0162823420342826,1.470448971718845,115.51183662997556
449.918,2.0,369.15,2011.51,101.453,500000,100000,1,2.0,101.453,417.9068983788059,2.102719478824286,400.4571374671361,2034.4561327851136,101.60747041569456,505996.55914471,104995.7526861652,1.0557611927055883,1.9947484980143424,109.09888648414466
449.918,2.5,368.953,2011.51,102.278,500000,100000,1,2.5,102.278,486.1089732525149,2.722753014087684,348.00151882321484,1990.226284295559,102.21478015520525,470699.66854657023,102250.61131877676,0.9536690492995988,2.750967455622713,113.87263775609924
449.918,3.0,368.822,2011.51,102.834,500000,100000,1,3.0,102.834,446.5143878715712,3.038502784633722,433.7864011272538,1968.606196424944,81.02188117318877,484345.07428366144,100876.09488641718,1.0085080778860762,3.0860753880905163,102.0612737790378
449.918,3.5,368.727,2011.51,103.233,500000,100000,1,3.5,103.233,457.1059950414663,3.6257358020304977,383.381463687791,2107.26487782421,109.73727638196296,513881.6175255095,93733.10998927688,1.0269061926808736,3.4680147679432407,102.39094888855776
449.918,4.0,368.655,2011.51,103.534,500000,100000,1,4.0,103.534,455.3846099268636,4.004118035446936,366.826304893876,2072.228097982483,86.72119603264797,467745.447645167,98862.56632442326,0.9854615465414928,3.970576507979794,116.22478450379046
449.918,4.5,368.599,2011.51,103.769,500000,100000,1,4.5,103.769,453.1360108223199,4.368989910935525,346.09631390284545,2042.0543081000533,91.95254318624356,500298.7908070872,96824.55587969186,1.037437143858312,4.829643398909758,103.04410244252368
449.918,5.0,368.555,2011.51,103.957,500000,100000,1,5.0,103.957,458.45833556612587,4.732993906027206,300.3584052348373,2026.5297532907448,106.82573199842204,483298.5828040343,104443.58727382204,0.968706912916782,5.1882245374466205,104.59204117275809
451.938,0.5,371.681,2011.51,90.7879,500000,100000,1,0.5,90.7879,439.3714402913213,0.4987264430234149,350.6666316727026,1817.937176990749,88.58203750673634,555642.8701592672,103549.77720540256,1.0520815059574466,0.4412427433412161,83.78705237081161
451.938,1.0,369.938,2011.51,98.1343,500000,100000,1,1.0,98.1343,456.8761919029559,1.0708417041069402,286.3587891691481,1967.039110892466,115.7211188902113,520213.2343332214,102548.97771269198,0.9714593034880612,1.0222379169837017,107.37627761826973
451.938,1.5,369.31,2011.51,100.775,500000,100000,1,1.5,100.775,444.1098348864127,1.4984000713776684,375.9253692906706,1749.327608529814,108.70000796259234,520484.02086966566,95380.45418528962,1.0213994672497655,1.5289516968770989,100.04633421608108
451.938,2.0,368.988,2011.51,102.133,500000,100000,1,2.0,102.133,469.130775762811,1.9704519186099216,359.5891823120686,2266.2943626242227,105.44002271961038,502929.57129348745,108889.39367910728,1.0182645024321455,2.024467162888713,101.24243728513908
451.938,2.5,368.792,2011.51,102.96,500000,100000,1,2.5,102.96,442.62308904675655,2.391678680696813,452.56584878483307,2278.4762199915253,113.91663280348016,513026.5646859735,97695.5641881101,0.9938050389247456,2.279091390734218,96.12435780197298
451.938,3.0,368.66,2011.51,103.516,500000,100000,1,3.0,103.516,438.1225887032839,3.037977554354895,380.1329791667735,2215.0250574005336,83.4851604473491,522353.1898047805,101539.05204358528,1.0419866924309027,2.958581521924849,101.52822417049327
451.938,3.5,368.565,2011.51,103.916,500000,100000,1,3.5,103.916,458.9681213588637,3.674292112439621,337.24154796591046,2229.4308173322142,98.10727984624606,479529.2600123603,94145.72127680032,1.0128350907526784,3.4164635153720235,111.1822512374483
451.938,4.0,368.493,2011.51,104.217,500000,100000,1,4.0,104.217,484.6426221585867,4.06661168701341,409.11111841110153,2218.865921088397,92.26988779545675,494670.37595401646,96019.4455992202,1.0662760462315493,4.102565785802736,113.83974877241418
451.938,4.5,368.437,2011.51,104.452,500000,100000,1,4.5,104.452,495.40191228108,4.289173429219626,394.61496787169176,2219.422255905425,77.89149097008686,508660.78890914505,97031.25362128404,1.021482868920799,4.501101389526717,84.86791158074412
451.938,5.0,368.392,2011.51,104.641,500000,100000,1,5.0,104.641,460.0875243379855,5.026786332434392,388.2199372643831,2147.9601543288086,119.2513383694141,525897.1928107362,106389.6106408988,1.0489732645050176,4.865524164909802,102.77352824184976
453.958,0.5,371.525,2011.51,91.4479,500000,100000,1,0.5,91.4479,434.35850850386646,0.4943939761112953,346.5817953182666,2448.0589359425508,99.85050822305584,517268.5523444798,99053.46673095528,1.071661644537274,0.492671206978841,93.2151987443062
453.958,1.0,369.778,2011.51,98.8057,500000,100000,1,1.0,98.8057,422.0546703598754,1.0959640650072229,381.9795618923021,1995.614589112987,87.6855930626815,480299.5240206015,108781.9291038374,0.8926380249355935,1.0209605267585764,101.94495516257558
453.958,1.5,369.15,2011.51,101.45,500000,100000,1,1.5,101.45,411.9250588629916,1.4334027797548785,418.3446093226604,1935.5464991128013,121.974619166535,477645.1500553574,95744.75810069896,1.0746516242987565,1.498622900623881,92.88843817287209
453.958,2.0,368.827,2011.51,102.81,500000,100000,1,2.0,102.81,389.51687649486576,1.8283502422856133,289.1763500985091,1934.4259942218944,100.69511670834096,473897.8644396343,104561.8935220929,1.0941369941253982,2.0143168768445734,81.6655949825637
453.958,2.5,368.631,2011.51,103.638,500000,100000,1,2.5,103.638,475.122313457442,2.515608451274435,395.4033401579709,1920.4569182152509,128.2935178363415,490965.8674053736,100634.64462158162,0.9523924528658184,2.42566119785996,114.92053643417935
453.958,3.0,368.498,2011.51,104.195,500000,100000,1,3.0,104.195,458.641978849368,3.141555245159976,334.62574611168213,1821.1551424432264,105.33475362128186,513718.8278915861,103103.97386801966,1.013344866033934,2.8765442214866863,100.66518242724962
453.958,3.5,368.403,2011.51,104.595,500000,100000,1,3.5,104.595,458.2553549860916,3.617226906633344,429.7298696354685,2074.5894804952336,103.40927388089952,523073.4948290392,105818.13302115504,0.9808101972920008,3.459983853634216,111.3235712895307
453.958,4.0,368.332,2011.51,104.897,500000,100000,1,4.0,104.897,408.3929449204959,4.111932314064874,350.2690262505178,2133.103679518646,117.64789770415516,533117.5773827671,101358.30547050892,1.0585496190245658,4.078556309911798,93.50634049710972
453.958,4.5,368.276,2011.51,105.132,500000,100000,1,4.5,105.132,479.8235176011525,4.349713124146612,392.3973338583413,2128.2383738375584,110.62906160084862,492424.8399165497,96591.4639046472,0.9930165936654124,4.616811095256823,102.1293012648283
453.958,5.0,368.231,2011.51,105.321,500000,100000,1,5.0,105.321,455.5985807283961,5.057635396712683,303.4878291011495,2150.096870973739,116.43028611601196,520213.1878812884,98585.07394781148,0.9647648248023998,5.006863926255227,124.43077469676146
455.978,0.5,371.369,2011.51,92.1046,500000,100000,1,0.5,92.1046,421.77459180305743,0.4459736000662682,362.5241215217378,2030.08962620126,80.96782837838578,500751.1420387022,107264.16475824444,1.0965472672305854,0.472450335555132,90.18230904516436
455.978,1.0,369.619,2011.51,99.4737,500000,100000,1,1.0,99.4737,438.25478525414667,0.9765021063413424,361.9680023728346,1918.8325900343063,104.9335643778436,551737.8241779394,103279.99770324476,0.941367891995878,1.0638858938608615,105.92305135237916
455.978,1.5,368.991,2011.51,102.122,500000,100000,1,1.5,102.122,477.8145952392063,1.5675833835796629,335.70918746516327,2182.118810113175,103.95471492784291,559057.1960572336,100102.86656562296,1.0708024554731184,1.656451108275239,90.99980671903492
455.978,2.0,368.667,2011.51,103.484,500000,100000,1,2.0,103.484,484.97574813853726,1.8980031281232312,371.7855775171802,2258.6299005313485,103.44354451858904,538007.8369511064,98884.9378845366,0.9844001702197532,1.984093975553137,104.39428254033716
455.978,2.5,368.47,2011.51,104.312,500000,100000,1,2.5,104.312,421.34850398985407,2.335100618404025,388.7762705440177,1916.034643900778,113.2160317502903,510781.26748075226,98668.23523700786,1.004100426284423,2.521336289779418,106.67008390796278
455.978,3.0,368.338,2011.51,104.87,500000,100000,1,3.0,104.87,451.027650335409,2.9477358074562607,363.79348589218944,1950.4032225606984,119.84134774956308,487577.8392141948,97573.55539487569,1.085019014451897,3.096976869324355,108.71325827839168
455.978,3.5,368.243,2011.51,105.271,500000,100000,1,3.5,105.271,449.1981525069443,3.576650920240777,359.159057666914,1999.730184970812,98.89279105196692,470777.69466046005,102736.7665478598,0.9886457961076108,2.9212072262490905,107.99529126156192
455.978,4.0,368.171,2011.51,105.573,500000,100000,1,4.0,105.573,462.9768307780663,3.624592169073938,480.0317179968762,1705.3967232967022,89.76181537106413,513841.5492851347,103575.28750878049,1.0698881164522491,4.04796620991996,110.0423330146062
455.978,4.5,368.115,2011.51,105.809,500000,100000,1,4.5,105.809,446.4794013198036,4.060105624368417,359.50688048608987,1916.3606558046176,114.23763619396811,526331.8345574986,109252.05466692791,1.012438706613026,4.7374384133255925,97.15837166579854
455.978,5.0,368.07,2011.51,105.998,500000,100000,1,5.0,105.998,469.0002621644511,4.953076517144559,339.2964784388316,2082.676521379097,102.0971151758408,488744.0487876272,107235.33574450338,0.9081519617348248,4.932269145309256,114.18887569764928
457.998,0.5,371.214,2011.51,92.7581,500000,100000,1,0.5,92.7581,463.57772605706975,0.4650164238053531,333.06159328355267,1626.6534018831503,101.47856864649432,476892.6474677173,106636.12744997891,0.9913173898242752,0.5050728402072467,82.78471216439563
457.998,1.0,369.462,2011.51,100.139,500000,100000,1,1.0,100.139,445.6767601353517,1.0854881625832289,339.4249367145086,1798.6661491092057,92.49229083573486,478307.725644851,105210.60917947514,0.988193228793239,1.018263545665436,95.00343324505376
457.998,1.5,368.832,2011.51,102.791,500000,100000,1,1.5,102.791,457.87066983148856,1.5692275077926796,365.44649672203445,2169.784105197969,110.5507170564961,522803.4444436501,108112.5888598954,1.0285410554232537,1.6497433491626872,109.45256886145
457.998,2.0,368.508,2011.51,104.154,500000,100000,1,2.0,104.154,469.55061612284544,2.030570119074978,347.57140572541374,1905.59029594954,103.4965747752669,523819.2933292198,102919.0155908298,1.026351610703324,1.873522245059023,101.68842312686398
457.998,2.5,368.311,2011.51,104.984,500000,100000,1,2.5,104.984,458.5753263455811,2.5860545649843334,346.1962567253687,1883.0483002581705,111.45439502576058,502653.43764258135,88778.97979210093,1.021035674396299,2.565350310057396,114.15602946365615
457.998,3.0,368.178,2011.51,105.542,500000,100000,1,3.0,105.542,481.7095506916064,2.9516176934660066,353.10228691288484,2143.424758854481,115.8399204413397,511129.4998341316,106579.45049816152,1.101004278942589,2.903814850866204,95.76006615091885
457.998,3.5,368.083,2011.51,105.944,500000,100000,1,3.5,105.944,464.65951352910537,3.5971914398262097,311.1845945407038,1931.492161687279,103.90998772409816,529246.1479174941,101319.24748014109,1.007241569233596,3.438306227922024,110.35841833994368
457.998,4.0,368.011,2011.51,106.246,500000,100000,1,4.0,106.246,435.8632339552254,3.784636605274589,366.2298616979126,2066.634346107988,110.66565899585152,521953.651267307,105865.82268928138,1.009157164320394,4.100115657296561,103.54099460808284
457.998,4.5,367.955,2011.51,106.482,500000,100000,1,4.5,106.482,492.5569492938629,4.456331970225054,384.0023671128288,1883.9143769190853,110.42199102972415,485083.1337598094,101955.92847756555,0.9993820055382944,4.395719051496414,117.49177965134884
457.998,5.0,367.91,2011.51,106.671,500000,100000,1,5.0,106.671,439.8492923134064,5.602910047947142,351.5074875654291,1991.2208823176463,102.93789960618304,480122.8382150974,103557.9598086841,1.0525142934570828,4.919945323500882,93.1467805598204
460.019,0.5,371.059,2011.51,93.4086,500000,100000,1,0.5,93.4086,450.27583020159926,0.5035821667970506,340.37102681557565,2016.782226349268,82.53148247772236,496317.2752961354,105909.16877229536,1.0292476929164025,0.4600560082049713,103.71037244772808
460.019,1.0,369.305,2011.51,100.8,500000,100000,1,1.0,100.8,419.8660706221668,0.9689334138239012,388.96080574079497,2051.7298443693703,98.33130898997464,510479.5371666687,97922.51872389174,0.9870815246241096,0.9663611341314404,125.13937149898692
460.019,1.5,368.674,2011.51,103.456,500000,100000,1,1.5,103.456,488.0866658863591,1.6322474100224678,392.6519557041671,1663.9215027470889,118.16076656851918,454382.9916166679,99122.52997772503,1.047672742167196,1.6697283602853177,115.98480635492209
460.019,2.0,368.35,2011.51,104.821,500000,100000,1,2.0,104.821,464.6059411304824,1.892949186536458,384.17399565757455,1858.3853624451576,110.15354246452534,498881.3308694687,104167.89711407304,0.9334451100599188,1.9389304067955235,90.83852653479404
460.019,2.5,368.152,2011.51,105.652,500000,100000,1,2.5,105.652,444.9787158650428,2.348007772753012,359.5975510311597,1950.6457495949144,97.58430363296864,524050.9065419465,103870.21329380666,1.0473877694969185,2.54876282094586,107.21723337179468
460.019,3.0,368.019,2011.51,106.211,500000,100000,1,3.0,106.211,476.4847532069995,3.2786775226936,452.6644992716176,2359.48729308508,115.57212650763444,513860.00443792,108565.7317673496,0.9520355870670726,2.8020518832171906,125.56403364509067
460.019,3.5,367.924,2011.51,106.613,500000,100000,1,3.5,106.613,447.9289891689489,3.3926805824362374,308.86023011832145,2164.6143361814134,101.1418766891428,447513.7238878931,108266.3731916102,1.0145051687252589,3.4888304376622816,97.78711719205845
460.019,4.0,367.852,2011.51,106.916,500000,100000,1,4.0,106.916,506.98854198351154,4.389465697380857,334.6489504504509,1859.79830388104,105.56975495808192,527621.828642511,94213.38730594174,1.0388458018267812,3.928489171496516,109.08119062222087
460.019,4.5,367.796,2011.51,107.152,500000,100000,1,4.5,107.152,463.37337735960057,4.523167179554537,398.98501010014,1913.5355007112344,98.03911733253692,488477.9609402216,94682.30926864636,0.9829389075988242,4.669113139401119,107.81911827621803
460.019,5.0,367.751,2011.51,107.342,500000,100000,1,5.0,107.342,481.70403147431017,5.061529426594146,370.7149194882765,2036.3278125152583,139.32859002285545,510456.8778146196,93179.4673565717,1.0753634114750832,5.0220716055941885,89.44940750366628
462.039,0.5,370.906,2011.51,94.056,500000,100000,1,0.5,94.056,473.2967012209516,0.4986436349283963,339.2385508929319,1896.8023578961167,106.5873646166116,513975.6465804693,98865.82680514907,0.9861077655065316,0.4594125290605608,93.414178799797
462.039,1.0,369.148,2011.51,101.459,500000,100000,1,1.0,101.459,460.62803289420094,0.9717848527094688,393.013343100383,2204.0815600428286,113.75527970994057,515215.6682593479,104601.16216979105,1.000538087853561,1.019364111061283,94.69775543508382
462.039,1.5,368.516,2011.51,104.118,500000,100000,1,1.5,104.118,491.0412714155621,1.4803824582580098,391.82489407903927,1946.086034483679,102.87489416826608,488965.6656325815,99691.2426143432,1.029757647253155,1.3958026709446734,107.3279242862694
462.039,2.0,368.192,2011.51,105.485,500000,100000,1,2.0,105.485,449.0659210221572,2.024398618799765,386.8454229998874,2205.093580079304,98.29571147422256,493337.5642210219,97716.43402721046,0.9504571327847652,2.0001567417425776,102.80412502098474
462.039,2.5,367.994,2011.51,106.317,500000,100000,1,2.5,106.317,417.2962359044232,2.4482236523840584,340.88274169797097,2058.1730751723594,104.96387473814592,464379.6099592488,102032.7951727723,1.0507842934683518,2.703433636925616,92.5863653278414
462.039,3.0,367.861,2011.51,106.877,500000,100000,1,3.0,106.877,468.70917988913305,2.670533060753536,361.17491256905873,2079.059949495941,129.58045322526684,505008.8859468976,103606.94645265256,1.0720521009928656,3.190416880326179,112.3601054218928
462.039,3.5,367.766,2011.51,107.279,500000,100000,1,3.5,107.279,481.67749023354366,3.8106314786973066,356.5337930658072,2242.621444205607,103.9747770227605,505048.5552973856,104357.24105625643,0.9434895169061972,3.712565612927289,109.1764517901644
462.039,4.0,367.694,2011.51,107.582,500000,100000,1,4.0,107.582,479.5171192916096,3.788745918450379,313.0282538926666,1959.770062115316,111.6609939270464,506907.3754172528,101465.62370639252,0.9992029038258357,4.4184431592662445,107.67723365958066
462.039,4.5,367.637,2011.51,107.819,500000,100000,1,4.5,107.819,482.3952074868944,4.2808364646934,388.6838829816782,1626.7864162817964,111.66077031784816,523214.62258586165,103237.83225184582,0.8783128917639692,4.573848261042543,88.48988517929286
462.039,5.0,367.592,2011.51,108.009,500000,100000,1,5.0,108.009,434.450896165436,5.169025909574287,394.9945667072808,1812.2190817448725,104.33223033576238,524535.0436273629,103001.102558864,1.0917625576106222,5.582242001934309,99.32152508377428
464.059,0.5,370.753,2011.51,94.7004,500000,100000,1,0.5,94.7004,441.8125114200211,0.529322356965787,372.8597691514041,1726.521949146007,124.19700044767902,493470.05157935416,95383.57158752043,1.0320052539981666,0.4452396924331974,92.23944601232334
464.059,1.0,368.992,2011.51,102.114,500000,100000,1,1.0,102.114,488.6034095468759,0.9858843979037536,325.867133339858,2337.202546145216,87.01379446668308,452014.01428969967,95469.98923391674,1.0453424535105846,1.0420822855825895,107.15797738853864
464.059,1.5,368.36,2011.51,104.777,500000,100000,1,1.5,104.777,475.5769471117748,1.5239340631401406,377.581988684903,1900.5811558363591,94.68070420336386,495870.8753793013,104239.83791375674,0.9856939463663472,1.3924427945534277,96.31805692886005
464.059,2.0,368.035,2011.51,106.146,500000,100000,1,2.0,106.146,443.67581631115024,2.091517215071862,327.6293100252188,2165.117469390516,111.15118261330603,527849.7989035761,91308.3027934292,1.014647929422191,2.031831120358913,87.20678639265282
464.059,2.5,367.837,2011.51,106.979,500000,100000,1,2.5,106.979,472.6490079717237,2.6478618673597407,353.65053488924826,2090.061743429626,106.51158115928614,549880.6379364119,99568.40938547398,0.9676758502933284,2.356944202075113,86.32825038038325
464.059,3.0,367.704,2011.51,107.54,500000,100000,1,3.0,107.54,457.08730361513096,2.798854194602808,372.43897288437125,1984.951934399702,117.70522208834636,492322.1820435499,107987.9712713699,1.03314281277548,2.8895147719307146,125.01253087059868
464.059,3.5,367.608,2011.51,107.943,500000,100000,1,3.5,107.943,483.8387873101426,3.373545563254741,403.55669030509495,2009.8567598491288,108.70829510991754,518925.2922500756,93968.54626331356,0.9528958046633872,3.370876209312048,109.57991638725343
464.059,4.0,367.536,2011.51,108.246,500000,100000,1,4.0,108.246,506.3009892687786,4.050086056600209,364.3971782019373,1930.1706084612545,102.59363331946294,471477.1836667804,102851.67929146506,1.0300614451504662,3.932780832618791,108.72936694656426
464.059,4.5,367.48,2011.51,108.483,500000,100000,1,4.5,108.483,453.3936068957883,4.287416739695613,338.53443471099985,1949.564127786604,134.55977175767794,502427.40550738206,110728.0965509951,0.9896359360121872,4.524289915505035,88.53543481635745
464.059,5.0,367.434,2011.51,108.673,500000,100000,1,5.0,108.673,494.45931733360567,5.112428151874127,322.0771323628978,2267.651356622004,95.17702194621288,519609.4464626367,100827.87160815706,1.0893569130017662,5.0891324687633,111.10203004113336
466.079,0.5,370.6,2011.51,95.3419,500000,100000,1,0.5,95.3419,461.0462668317842,0.533258587687243,357.7992183650863,1965.4213521523648,103.33431009530618,493536.7632866079,101775.77138650478,1.042760110614481,0.5021430395580424,92.73162111072998
466.079,1.0,368.838,2011.51,102.766,500000,100000,1,1.0,102.766,419.0067144478,1.0062704339737922,239.9274510227748,1732.5783402506895,120.36739937082382,519530.6543798875,94952.99468304055,0.8685368508975247,1.0590426268798547,99.03482952136842
466.079,1.5,368.204,2011.51,105.433,500000,100000,1,1.5,105.433,445.40071865729806,1.4868567477776766,412.1692875572495,1826.439889217169,111.2690860840982,522949.0603488277,92404.31088961387,0.9143538567007752,1.3984121632393844,100.36419800006615
466.079,2.0,367.879,2011.51,106.804,500000,100000,1,2.0,106.804,485.6022155307106,1.9468224299038364,377.1487712977305,2061.6854132130698,83.81770046244674,479173.3984135864,105327.0832081656,0.9745627940121124,2.008416753524104,96.29968450959332
466.079,2.5,367.68,2011.51,107.638,500000,100000,1,2.5,107.638,480.93118254693553,2.512108254059485,304.99368231175737,2537.393142143184,117.5482774133796,484740.1094289118,100468.66863997027,1.0035544333797255,2.480386287128309,117.4603681225016
466.079,3.0,367.547,2011.51,108.199,500000,100000,1,3.0,108.199,516.2973501513029,3.3168133990879363,326.66925337516386,2018.9540216098908,80.41159681123648,518804.7030561189,97571.70023193514,0.9788163492101004,2.7568267631264614,101.80238520691746
466.079,3.5,367.451,2011.51,108.603,500000,100000,1,3.5,108.603,451.1256285070226,3.517628766421236,412.73489694255534,2178.8786707701174,123.0944943490035,530494.4716371569,98370.270390669,0.9775412733311082,3.4635882929510227,121.55833456926264
466.079,4.0,367.379,2011.51,108.907,500000,100000,1,4.0,108.907,491.84927848527866,3.840229691196541,369.2729202088231,1653.9165962800798,116.2234957764166,506158.6502338655,101223.48306168136,1.0248784981997263,4.103209903255961,104.00347922153598
466.079,4.5,367.323,2011.51,109.144,500000,100000,1,4.5,109.144,432.4373184546089,4.770722876015764,257.4713304241165,1678.160965948449,90.380163832145,510964.3201541975,103346.83263948208,0.9966461582002832,4.407887364873209,90.042147455659
466.079,5.0,367.277,2011.51,109.334,500000,100000,1,5.0,109.334,455.14639803002336,4.63865004080481,339.84176148632014,2164.3220511794066,115.65101628635892,493245.0449326552,100051.2632854508,0.946878920493954,5.129179250870648,101.38565906472598
468.099,0.5,370.449,2011.51,95.9806,500000,100000,1,0.5,95.9806,444.8610208878928,0.4910880757842614,392.6919832841923,1686.4554575712957,109.53186035410305,494657.3229129858,101247.18344458178,0.9957771749344426,0.4839268756289587,93.88958894598206
468.099,1.0,368.683,2011.51,103.416,500000,100000,1,1.0,103.416,481.9671422162568,0.9718223409375648,327.2162039715738,2566.1908810292907,94.60007575774988,490379.8587387848,100073.04582408984,0.954515215579843,0.9659699434413238,108.10207494098722
468.099,1.5,368.049,2011.51,106.087,500000,100000,1,1.5,106.087,468.71232092843866,1.5334281855101526,416.3343264124092,2174.201483916881,71.70635759546096,544408.7370544882,97750.98129746328,1.0335812525590455,1.563670128787196,118.64784956453572
468.099,2.0,367.723,2011.51,107.459,500000,100000,1,2.0,107.459,479.1790768943795,2.1281495399253414,376.0087250996173,1802.7316954424543,114.65134815043724,512947.9733392875,105268.58195274412,1.0762096410324884,2.1297306698327105,107.32487470530708
468.099,2.5,367.524,2011.51,108.294,500000,100000,1,2.5,108.294,505.6484766130073,2.55913065910475,376.4918084350495,1835.837579439184,125.59334297959774,469984.9207253645,97786.38135563504,0.9499677576875432,2.6350084844264123,105.7804514019772
468.099,3.0,367.391,2011.51,108.856,500000,100000,1,3.0,108.856,475.0027921722922,3.094099218041072,407.4134105048705,2054.476397684683,140.22157355558292,510112.0657892317,95037.13540612825,0.9975538706799512,2.7663604973937064,115.089993299085
468.099,3.5,367.295,2011.51,109.26,500000,100000,1,3.5,109.26,440.4096291491009,3.529188891292924,368.4730740140117,2125.070830725648,118.46761418360047,470374.8741583481,101066.82473926496,1.002175845341366,3.540462503851621,119.83948914555224
468.099,4.0,367.223,2011.51,109.564,500000,100000,1,4.0,109.564,496.2423113364814,3.793471460375589,384.9315712287537,2100.282397372543,122.9571682661512,512713.8671636454,104634.87268397427,0.970742658288035,4.326801531886104,118.3686010982176
468.099,4.5,367.166,2011.51,109.802,500000,100000,1,4.5,109.802,419.1755651674868,4.421317782294281,376.8940118107051,2080.034385290225,99.01864808878877,521544.731113568,93541.19607862852,1.0189040657504176,4.402485904403839,102.16054944475364
468.099,5.0,367.121,2011.51,109.992,500000,100000,1,5.0,109.992,485.39948251946544,4.910388452673331,412.2968912857168,1612.0545816292688,113.038128997506,530641.7523695373,101009.17226070608,0.9767287923321922,4.981957318162931,113.80856013831011
470.12,0.5,370.298,2011.51,96.6165,500000,100000,1,0.5,96.6165,482.0380185168137,0.4950017519220396,379.22229798700965,2012.786365411708,114.57095286988708,517751.3871315713,105993.28758753934,1.100275535819504,0.5007089250012821,91.3430402141711
470.12,1.0,368.53,2011.51,104.063,500000,100000,1,1.0,104.063,425.128103980771,1.034180915596817,371.1932892787132,1944.3058178111287,115.2548002325296,500053.09747521736,104722.91340168948,1.0297600077261213,1.06824424978727,90.78456967009208
470.12,1.5,367.894,2011.51,106.737,500000,100000,1,1.5,106.737,450.2416080057614,1.561891831438622,376.3934670658837,2273.3376228112347,104.99077865762098,483727.57376620144,104399.79855658638,1.021699625377847,1.5412060591746382,109.99942338596918
470.12,2.0,367.568,2011.51,108.111,500000,100000,1,2.0,108.111,484.6875798732256,2.0476613507019814,408.301808439347,1887.8433535778904,95.41611629137677,455856.2822972765,100386.87324241194,0.9529583325482665,2.132211788427754,121.58577998107393
470.12,2.5,367.369,2011.51,108.948,500000,100000,1,2.5,108.948,497.5367060465014,2.525103036209309,293.9379054486557,2095.178333997233,137.8268046423978,505422.7153522933,104539.31611720091,0.969615773343754,2.5098719090703776,122.09311739511011
470.12,3.0,367.236,2011.51,109.51,500000,100000,1,3.0,109.51,525.2099321654135,3.017134896675353,364.7911832761716,2043.1814134444128,110.01288850601011,452916.2169425815,97518.07914485718,1.1024565954927397,3.0460091649079666,109.5624265793193
470.12,3.5,367.139,2011.51,109.915,500000,100000,1,3.5,109.915,474.60768381652207,3.6791479089032673,351.8490287765646,1858.6175532463687,122.10163446102952,482449.833081601,106828.2948211795,1.0342049894713607,3.2720975127185907,129.2287711023846
470.12,4.0,367.067,2011.51,110.219,500000,100000,1,4.0,110.219,480.279685532987,4.018296001195513,311.7250117780518,2375.2515285204363,137.51093660219965,543248.3656261757,101307.53656449768,0.9501590627894289,4.213495601965573,113.99009307057176
470.12,4.5,367.011,2011.51,110.457,500000,100000,1,4.5,110.457,475.4675180549577,4.792754216740179,455.3722535213592,2045.787012451504,99.95599160129834,536518.4346974286,99459.8597262046,0.9787631521478924,4.290356157975894,108.56056089082584
470.12,5.0,366.965,2011.51,110.647,500000,100000,1,5.0,110.647,484.31269996965216,4.781851368398462,348.75021041845,2261.832484511988,97.18286130044623,476609.6861008165,103052.8013340768,0.9752733733598205,5.049919980546041,100.69114739048445
472.14,0.5,370.148,2011.51,97.2497,500000,100000,1,0.5,97.2497,462.88896519951226,0.4862900803047204,389.97451820952034,2341.8067853553544,74.37885059466022,481814.88042848784,101321.2149671537,0.9571637047084732,0.5382837819352392,96.04678031702056
472.14,1.0,368.377,2011.51,104.706,500000,100000,1,1.0,104.706,503.42579266694713,0.9052582816208894,355.1142740918932,2324.47114141015,117.20155696009624,470350.8820390493,98606.67513374424,1.098973610409559,0.9471242412768026,110.26155428381834
472.14,1.5,367.741,2011.51,107.384,500000,100000,1,1.5,107.384,486.0065558573205,1.4971584974233618,395.6167746292754,1743.5467314989587,100.77368026720848,449435.3655490168,97075.54031197366,1.0085320046805135,1.5397242064551129,120.9509296205327
472.14,2.0,367.414,2011.51,108.76,500000,100000,1,2.0,108.76,498.6358881809255,2.1941746122051704,372.46747937336966,2228.4842851393864,101.27933892351486,542133.6816554618,105372.3389236572,0.9689754484647038,1.9264354387344576,112.7751256443071
472.14,2.5,367.215,2011.51,109.598,500000,100000,1,2.5,109.598,513.4082717907355,2.494839903325954,376.5877206026836,2072.389241378526,118.71913185922138,492022.6563539492,106110.13938888676,1.009730823118532,2.2524056337075544,118.49945797728378
472.14,3.0,367.081,2011.51,110.161,500000,100000,1,3.0,110.161,439.3428248759092,3.041264021541563,315.3795081018661,1882.6426129665904,96.80169916637146,505362.1154514303,96053.59312995335,1.0040165838535309,2.6789296194543653,121.43625482734788
472.14,3.5,366.985,2011.51,110.566,500000,100000,1,3.5,110.566,449.9620912464369,3.503145201389454,442.7488473656781,1769.1656043669052,105.44268461724737,510891.75167996617,102466.69817029111,1.0183109455091206,3.3229493644260875,110.80680893132148
472.14,4.0,366.912,2011.51,110.871,500000,100000,1,4.0,110.871,474.8742710306665,4.073079241647239,390.7834764746808,1888.9821868698111,101.21993630864436,514720.3526190876,95798.92215304376,0.9699234495984744,4.126117349680368,105.313122727511
472.14,4.5,366.856,2011.51,111.109,500000,100000,1,4.5,111.109,476.6866354604899,4.691551977488956,337.92626000649454,2378.236259545948,105.68249291038856,488814.64476300334,96632.17039494676,0.9852265085127248,4.646166501270975,92.2102950597373
472.14,5.0,366.81,2011.51,111.3,500000,100000,1,5.0,111.3,452.1197154272938,4.961553708713452,367.3816577064276,1877.648085598633,93.73640474025876,502201.3768191483,104557.79652692142,0.9914389491396824,5.050643682839428,123.8712372214648
474.16,0.5,369.998,2011.51,97.8802,500000,100000,1,0.5,97.8802,464.1135054586058,0.4964144195885268,376.3202863889326,2195.3816832309394,113.29313775290235,512493.3733641061,107087.7820070164,0.9560778974525118,0.5394230780045887,92.8998703695508
474.16,1.0,368.224,2011.51,105.347,500000,100000,1,1.0,105.347,491.5509515625971,1.0777481363862882,415.6210953742304,2009.3134387134824,84.83979026746388,497085.5179139284,101753.50268100704,0.9672738882623848,0.9837695800082142,88.35496635106983
474.16,1.5,367.587,2011.51,108.029,500000,100000,1,1.5,108.029,469.75210240566656,1.598361061422022,396.1060148971592,1998.508495215373,116.04017029801624,477880.9368073068,97444.94826018235,1.0050981719966767,1.4157604659541951,98.16153373727262
474.16,2.0,367.26,2011.51,109.407,500000,100000,1,2.0,109.407,486.9252159656877,2.174401023407573,356.0284743898784,1769.5630912659287,98.17530307356932,523228.269621328,105191.53162929878,0.9389371232623348,2.0461937672969226,111.59635896119356
474.16,2.5,367.061,2011.51,110.246,500000,100000,1,2.5,110.246,493.7916183834906,2.52422612604139,321.8433336943989,1951.4794418452204,100.34673177551808,546959.2760487155,104555.0279327885,0.954464320352814,2.645722670712252,117.5500654035948
474.16,3.0,366.927,2011.51,110.81,500000,100000,1,3.0,110.81,447.5707632648474,2.814457011233573,355.33312005554285,1970.912404590736,124.42503144865704,484092.5022306584,102079.80874010052,1.0632569626355672,3.011268633432639,108.50222696672616
474.16,3.5,366.83,2011.51,111.215,500000,100000,1,3.5,111.215,474.9043331800511,3.616296672518982,411.0563677231565,1997.0108993849565,128.29637149431937,524585.7265050305,98790.81272125542,0.9902367991313076,3.628499086304142,105.44569441686694
474.16,4.0,366.758,2011.51,111.52,500000,100000,1,4.0,111.52,498.7489631693896,4.20833334661667,369.5269498784603,1666.1016211813003,132.38138556045584,517123.3942079829,102001.7301155065,0.972858081093076,4.122373704498802,123.77250797227008
474.16,4.5,366.701,2011.51,111.759,500000,100000,1,4.5,111.759,476.1637640246298,4.375096839944187,333.65024959159234,2182.615757839993,118.283771331311,530641.1138987448,94992.1559238242,0.8606870959150816,4.5621220776411935,106.986305100278
474.16,5.0,366.656,2011.51,111.95,500000,100000,1,5.0,111.95,475.7738573593463,4.678382626607647,346.2730981095493,1928.131916317957,102.15159032161662,492456.5273579264,94529.36078468572,0.9516474363225648,5.276982130540889,123.400230219238
476.18,0.5,369.849,2011.51,98.5081,500000,100000,1,0.5,98.5081,500.67396091680166,0.5368245894407457,380.37991610465366,2018.819614175766,84.12801305691245,496306.46204615344,113821.68305693,0.990731855575,0.4677357290857029,101.808289540743
476.18,1.0,368.073,2011.51,105.986,500000,100000,1,1.0,105.986,536.6401370568371,1.0096096124729348,365.1089210214159,1924.8886261213129,109.22674769684876,528510.5863028686,98514.6470851508,1.0453624790214349,0.9398921297612116,102.61597715870424
476.18,1.5,367.435,2011.51,108.671,500000,100000,1,1.5,108.671,470.04631386046873,1.5444390757320654,402.72938609171104,1948.4740517194907,93.70207673875268,487370.8661049796,100650.35052533235,0.9798389901121048,1.612986875317461,97.7088422028392
476.18,2.0,367.107,2011.51,110.051,500000,100000,1,2.0,110.051,486.979417729231,2.003322323851696,338.7392176265426,2166.299311186413,119.51539823898536,510935.8856756557,102146.32083126284,1.046027191153465,2.0801624201537323,120.5160449126788
476.18,2.5,366.908,2011.51,110.89,500000,100000,1,2.5,110.89,497.7976747251464,2.433943625262452,328.77044642640413,1907.1456339519848,111.04878867321833,498792.3169900799,95047.21940026068,1.0147194834227111,2.4495722719702657,104.9233878376848
476.18,3.0,366.773,2011.51,111.455,500000,100000,1,3.0,111.455,475.9212643343344,3.0032439945890346,369.10897560217865,1844.7845837864943,112.77205858902764,479764.53631138615,98024.26277466584,1.112194995251681,3.39816485119662,118.6416254631132
476.18,3.5,366.677,2011.51,111.861,500000,100000,1,3.5,111.861,464.19051094342615,3.303185254541726,351.8467603781274,2140.906590558607,105.4739633250837,524912.3081214045,106024.2284440085,0.9749077017284624,3.603229816397703,97.2558848960532
476.18,4.0,366.604,2011.51,112.167,500000,100000,1,4.0,112.167,432.0614829406918,4.101327290981801,322.2774965011641,1695.7874069459433,109.60021608605176,507816.10926393664,97094.1030922804,0.941942749100364,3.9767985843630473,104.9178439918112
476.18,4.5,366.548,2011.51,112.405,500000,100000,1,4.5,112.405,454.323906925323,4.559234734704464,392.3329856347812,1993.8954663576733,136.31620092561425,486968.3026278576,93618.06247151978,1.0186894468217425,4.490511417632338,119.7940388148335
476.18,5.0,366.502,2011.51,112.597,500000,100000,1,5.0,112.597,498.2193296360503,5.308182085517071,358.5293801660617,2136.8340638001227,127.90438008120248,496619.63942711457,105198.3931454876,1.016965911572134,5.078027580698163,109.46172749629103
478.201,0.5,369.707,2011.51,99.104,500000,100000,1,0.5,99.104,470.292155697344,0.5239877014255833,358.22820528886854,1724.4828500017052,97.98134053211022,515140.4477401018,99161.85737671242,1.0108275795642945,0.5200162743861751,85.56475180840626
478.201,1.0,367.922,2011.51,106.622,500000,100000,1,1.0,106.622,452.4137064283354,0.9764505094867998,352.57883645414046,2018.0634743946848,104.89084581269996,531179.6932494371,98552.3693377152,1.024374080422824,1.0294268180691142,86.26874406365513
478.201,1.5,367.283,2011.51,109.311,500000,100000,1,1.5,109.311,472.82475219329234,1.450373259677526,420.6817056607425,1743.11693610598,118.27418410459292,497180.2878302258,100074.27687830573,0.9759535387967896,1.5028817436833348,115.50991356785632
478.201,2.0,366.963,2011.51,110.658,500000,100000,1,2.0,110.658,472.057429211082,1.959640666301309,377.3795122647469,1980.6436702279125,138.81012581067182,497398.48171588907,102170.66503406072,1.049326056676257,2.025593128153534,113.59526910731792
478.201,2.5,366.763,2011.51,111.498,500000,100000,1,2.5,111.498,501.442930653685,2.566956756419059,370.9071199652208,2221.2397936407933,117.850680734568,523045.4718399053,110313.11152381558,1.0207956006679455,2.5806583579637623,114.45492309848056
478.201,3.0,366.629,2011.51,112.063,500000,100000,1,3.0,112.063,451.0910594772423,2.960849476597248,403.9442425105648,1996.605182315136,119.48166728477663,500092.9617487143,105496.97134413868,1.0010483281290157,2.966623711931459,113.97592354871108
478.201,3.5,366.532,2011.51,112.469,500000,100000,1,3.5,112.469,504.3133278103591,3.5726795085170586,354.5461227392871,2002.427057763244,121.66408971986336,475762.07056337065,98812.11933001032,1.0710619141442346,3.1661260751835463,120.10412160543814
478.201,4.0,366.46,2011.51,112.775,500000,100000,1,4.0,112.775,448.00811152455856,3.5625238170047915,407.1216042380438,1992.4607754370552,90.20513971574807,522213.61074183625,103076.8162307943,0.9313958520117624,4.0866666012459225,106.90832471913356
478.201,4.5,366.403,2011.51,113.013,500000,100000,1,4.5,113.013,463.7316841488488,4.882442116994694,397.2488794580759,1861.556587694708,97.5573023595768,496080.5421266473,103470.0295279916,1.035269717398203,4.627802815717674,107.90193974949412
478.201,5.0,366.358,2011.51,113.205,500000,100000,1,5.0,113.205,484.867117454127,5.042456668145922,411.68127318440514,2099.855249607557,97.257485020706,522929.0408570469,93643.18716143802,1.0879316108061563,4.965027576344204,116.52264892014162
480.221,0.5,369.56,2011.51,99.7242,500000,100000,1,0.5,99.7242,475.2106533052069,0.4392219709007093,339.0678640774311,2106.280901966464,99.91689896932417,526952.0883812879,99809.95167496726,0.9913298010256676,0.4945693386095189,95.12258086681386
480.221,1.0,367.771,2011.51,107.255,500000,100000,1,1.0,107.255,509.84401533334426,0.9901853191127116,386.0957309630137,2013.5231889688844,97.32971675272826,475605.62942507374,99479.70892460409,0.9807190016131208,0.9940767283247244,114.3962116994798
480.221,1.5,367.14,2011.51,109.912,500000,100000,1,1.5,109.912,506.2537382476417,1.6985913160167816,398.8988759219267,2091.841525148476,116.12868695571768,495464.58606895,110413.56303449709,0.9363698694747472,1.6079712718021049,107.84835897041344
480.221,2.0,366.812,2011.51,111.294,500000,100000,1,2.0,111.294,508.8736502288665,1.857351684337884,412.53864872368496,2018.4327814892424,110.11872113560044,478692.1022494581,96490.73291324756,0.9572163766243617,2.086674500863208,108.39128941139272
480.221,2.5,366.612,2011.51,112.135,500000,100000,1,2.5,112.135,472.30961593800095,2.4430421877482926,434.9076692015925,1898.881965732357,105.95227975346538,558805.0855946988,102341.95434071122,1.0745006493627391,2.32797457782814,105.15890526842516
480.221,3.0,366.477,2011.51,112.7,500000,100000,1,3.0,112.7,501.7087421062879,2.9388509132151097,309.02988424337826,1788.9679475986563,121.42547026901202,445518.2481848999,103526.52756907286,1.0418038814787776,3.056422268905488,70.94295941049911
480.221,3.5,366.381,2011.51,113.107,500000,100000,1,3.5,113.107,512.9535590833492,3.817258763615281,361.5923883591405,2215.0810400839987,130.24873046932836,531351.7347864703,102043.65603109056,0.9663832075970848,3.6038472686899214,84.86389800266052
480.221,4.0,366.308,2011.51,113.413,500000,100000,1,4.0,113.413,426.2097648705628,4.229895412165706,388.0309243890969,1582.2546929036637,99.26621268339892,457074.25447413215,95373.80087025288,0.9964816404331014,3.8490366382990087,128.29428329395034
480.221,4.5,366.251,2011.51,113.651,500000,100000,1,4.5,113.651,448.2693725563566,4.521443264809564,315.54590756337,2005.548154504345,96.99831776869236,477718.9661325199,96720.06224014612,0.9612696517058092,5.023001565438989,118.93776477204776
480.221,5.0,366.206,2011.51,113.843,500000,100000,1,5.0,113.843,487.7002225851367,4.821043521531313,336.9362631240305,1723.3044600659114,111.4196835259684,449637.7250014135,103302.29546081046,0.9566368966449385,5.031692557237449,112.58255998994936
482.241,0.5,369.413,2011.51,100.342,500000,100000,1,0.5,100.342,453.6015451468466,0.5031692650285529,407.7983510053692,2033.8232333756253,116.54930187486517,492420.5544293447,101524.45834528437,1.0536583571729297,0.4704547983792751,89.91542376031123
482.241,1.0,367.63,2011.51,107.85,500000,100000,1,1.0,107.85,469.61650958874105,1.0383525109246354,386.1370178356037,1892.668872590505,64.78006523595906,508489.8450824263,93985.40329762256,0.9709571748393462,0.988504692863959,108.3072756522433
482.241,1.5,366.99,2011.51,110.543,500000,100000,1,1.5,110.543,504.5681579271858,1.6045443397905803,449.0373921236351,1952.1394827506688,100.34920350936429,485507.6620668882,95277.24781297467,0.9578457675939565,1.511835206712204,126.07413481590362
482.241,2.0,366.661,2011.51,111.927,500000,100000,1,2.0,111.927,473.91880114465584,2.011268520016037,350.86977634474755,2061.620786711785,128.9389134661022,492547.9934904,96624.41825515244,0.9245422061475428,2.1018879486500213,100.2984367274204
482.241,2.5,366.461,2011.51,112.768,500000,100000,1,2.5,112.768,500.46165248709485,2.4196598007646606,384.790771683911,1729.1261764282474,128.09308396689164,506739.73810639646,99499.53968976375,1.0025672310751572,2.5256022873270485,128.05666715635007
482.241,3.0,366.327,2011.51,113.335,500000,100000,1,3.0,113.335,515.9854867014785,3.245742177470463,376.0651501286619,1919.624973559424,118.36793617469168,474883.2544066325,92257.91860707333,1.0635549371725883,2.7968417071899165,96.34598895793964
482.241,3.5,366.23,2011.51,113.741,500000,100000,1,3.5,113.741,489.31879159948033,3.652598856449701,375.6243026997213,1598.034813611643,150.83624427022977,500721.5555521968,90684.94219355757,0.9628003701668112,3.0733965087947928,108.23394388249586
482.241,4.0,366.157,2011.51,114.048,500000,100000,1,4.0,114.048,481.7637177751994,4.176796632093933,315.1218745502722,2025.7848447726583,92.43968471164084,492518.1103961629,104210.50519998877,1.0049303922330295,4.285431877848982,129.46419461932783
482.241,4.5,366.1,2011.51,114.287,500000,100000,1,4.5,114.287,465.086188003144,4.559890019670941,437.880913462453,1912.2061448161849,106.51143436191214,473493.3795383273,108565.8232575107,1.0235808442890335,4.304385095654029,116.02791640287798
482.241,5.0,366.055,2011.51,114.479,500000,100000,1,5.0,114.479,520.8075232815706,4.961061172854198,365.59994413770914,1929.6901281207536,127.8696350612796,495027.6089577085,92077.20293061614,0.9956368523801772,4.71242623813858,117.3079930480536
484.261,0.5,369.267,2011.51,100.957,500000,100000,1,0.5,100.957,501.2862255319001,0.4978363459829849,374.1839573154348,2198.6010000873225,75.17199191452465,508173.2983394111,101788.95534494249,0.8682100614030995,0.5238440604300478,96.35805482202689
484.261,1.0,367.481,2011.51,108.475,500000,100000,1,1.0,108.475,501.9006583413496,1.0842935076110762,387.707263687966,1863.7509810054207,90.37112663797656,490041.9343608556,102789.35021019012,1.0081490508737152,1.0186518031534972,99.09752706601974
484.261,1.5,366.841,2011.51,111.172,500000,100000,1,1.5,111.172,502.5035831407576,1.328875344568457,331.77166379118347,2154.3199548870816,116.14135526931749,554464.9480959557,98503.5050236789,1.0094980145895738,1.5163339983460231,107.92487381387966
484.261,2.0,366.512,2011.51,112.557,500000,100000,1,2.0,112.557,489.3577574106013,1.852438725361706,370.0647337033824,2043.0905944916567,108.98019953544936,479697.5144940855,107068.70347433396,0.9721045478499774,1.9240116050543736,107.73122311133366
484.261,2.5,366.311,2011.51,113.4,500000,100000,1,2.5,113.4,475.4174019499895,2.4020197826144143,336.30106243648487,1883.5800805449053,132.90241244433554,519171.2531203859,106504.06876451804,1.1024219948079796,2.605115752724621,89.37997896018234
484.261,3.0,366.177,2011.51,113.966,500000,100000,1,3.0,113.966,449.1296104261294,2.841098896908776,354.3571652452936,2465.639941158529,90.32161647659282,518285.58407474175,100832.06542699585,1.0688308811021845,2.9140046948969567,131.80106730619468
484.261,3.5,366.08,2011.51,114.374,500000,100000,1,3.5,114.374,510.59778693408174,3.351420899385644,359.3594195462344,2514.4400945456623,139.67711950250424,477548.83347924566,96423.46197885844,0.9703688497945272,3.394997113088744,123.18344886621487
484.261,4.0,366.007,2011.51,114.681,500000,100000,1,4.0,114.681,488.9433063384123,4.054184268541488,435.9948739345814,2051.7449080732404,78.07457170599093,497531.9192139012,104253.9930601356,0.9922003592775098,3.895362092224139,128.27313695955868
484.261,4.5,365.95,2011.51,114.92,500000,100000,1,4.5,114.92,512.9811996702599,4.254273020312461,418.9278492512906,2172.038184319305,111.55398141532608,529355.3303523058,93285.63463497984,0.9837164609608956,4.392526794940374,104.96570931584476
484.261,5.0,365.904,2011.51,115.112,500000,100000,1,5.0,115.112,495.3746447122397,4.622612094382511,397.34147498216544,2148.1825844560085,137.05212566481856,488769.8893820393,98593.84268111024,1.0000100014729416,4.897837854714779,131.15643929834735
486.281,0.5,369.122,2011.51,101.569,500000,100000,1,0.5,101.569,481.70503649355567,0.5057633416802835,402.3990126545668,1860.444115096116,86.30813654499023,539582.570853749,102434.187411293,1.0808727709752268,0.4788206570147627,111.902599032217
486.281,1.0,367.333,2011.51,109.098,500000,100000,1,1.0,109.098,529.2320562387561,0.9997759101811604,330.4556313471656,2192.013192273703,105.15183728585012,510606.181554424,102635.97895043236,1.0477429646974974,1.0154558549799388,105.75594830947044
486.281,1.5,366.692,2011.51,111.798,500000,100000,1,1.5,111.798,463.4265752036538,1.4915802174606527,410.0524697104568,2163.9096191143344,121.0133943572259,507879.174339891,95141.65298348674,0.9837123397017032,1.4537007914288789,102.24406637724076
486.281,2.0,366.362,2011.51,113.184,500000,100000,1,2.0,113.184,493.5375723277354,1.9961348231172675,383.12191427725753,2406.3313748779674,79.06283628960469,496285.355184649,95490.17435413932,1.0124112929530027,1.8235860535955688,121.6583783660966
486.281,2.5,366.162,2011.51,114.028,500000,100000,1,2.5,114.028,504.7719838168748,2.558173009602397,371.60940486218647,1769.046189366311,125.01076430294832,437486.0926189369,107143.57485684544,0.9417729756179132,2.471210020876483,109.45978803588208
486.281,3.0,366.027,2011.51,114.596,500000,100000,1,3.0,114.596,466.6887469011627,3.007300206474413,363.5343351075255,1969.306167446667,118.70764772060038,537904.466806474,106882.97046304811,0.9799755661886072,2.917505882337504,117.30952915737473
486.281,3.5,365.93,2011.51,115.003,500000,100000,1,3.5,115.003,503.153084187974,3.621455706919389,354.6016754208962,1692.6451612003252,90.44589314365756,492197.9677589123,95613.02536107993,0.9636128376604332,3.846090845833558,114.03655222844203
486.281,4.0,365.857,2011.51,115.31,500000,100000,1,4.0,115.31,518.986986501061,3.808217181998802,356.0371191878807,1905.6048887731624,132.4266853696807,539236.856242825,105550.02147602804,1.0055695742834565,3.879584970781767,115.38133204485538
486.281,4.5,365.8,2011.51,115.55,500000,100000,1,4.5,115.55,455.4474583169901,4.5734840909811805,373.04367404514585,1831.4349456954408,104.78832360369086,492725.0374422761,98008.0147386351,0.9837723509454114,4.37683759499892,115.9521123605403
486.281,5.0,365.754,2011.51,115.742,500000,100000,1,5.0,115.742,501.1804247303932,4.745490582019296,369.33088329954273,2018.0641172140624,113.8620101304943,488830.61495431286,98248.15914706384,1.006301185141292,5.112561698306768,94.60432217440491
488.302,0.5,368.977,2011.51,102.179,500000,100000,1,0.5,102.179,487.6795583011795,0.5079539831852471,384.8345105781633,2217.3141100416133,100.59971246051612,460479.53839747095,99388.20668556423,0.9981104979957046,0.5315228305629729,99.08495462216784
488.302,1.0,367.186,2011.51,109.718,500000,100000,1,1.0,109.718,463.0044510758684,1.027138733695628,335.75091865171174,1818.0655538313963,143.60339783426542,485096.6783895805,98164.42975148438,0.9763141854631214,1.0015893365088089,108.48978014045171
488.302,1.5,366.544,2011.51,112.421,500000,100000,1,1.5,112.421,469.57397136965614,1.4212744413182403,321.4089841441861,2089.4624028768912,152.72656155830248,488180.9799262309,96893.99456280496,0.981925089400499,1.4217541572944157,104.75550144674438
488.302,2.0,366.214,2011.51,113.809,500000,100000,1,2.0,113.809,483.6522373259196,2.003028363655297,359.5384056091637,2016.6077455480388,149.2215184561424,524547.3615075598,100904.1284435658,0.9478281746892578,1.795236745066894,121.3550759239611
488.302,2.5,366.013,2011.51,114.654,500000,100000,1,2.5,114.654,445.1104599291722,2.388441879035543,331.77412855160344,2155.9104643729474,112.94325384949856,505189.2561151448,98633.60984076252,1.0543818548607875,2.4513234599948,144.93957090701147
488.302,3.0,365.878,2011.51,115.222,500000,100000,1,3.0,115.222,462.8548349506676,2.8709996287316546,311.9839342900268,2178.961396981505,110.77176953010242,452866.9385629255,96546.02291968926,1.054542880027664,2.8276428866034187,109.13238607202452
488.302,3.5,365.781,2011.51,115.63,500000,100000,1,3.5,115.63,503.5964651714304,3.4972234642706352,357.31172782726645,2118.402843273413,106.4277014272281,518750.07061396935,96021.46794471524,0.9923015500509186,3.247706024481872,124.09830781588116
488.302,4.0,365.708,2011.51,115.938,500000,100000,1,4.0,115.938,479.6108571323115,3.974289793122974,253.9725784487385,1787.0385249432436,108.14205894383478,496168.08984422736,103368.00683266716,0.9205890160325204,3.984623318083638,121.75125578041032
488.302,4.5,365.651,2011.51,116.178,500000,100000,1,4.5,116.178,445.6434082788766,4.228743971019656,399.290927998891,2112.4082444303303,106.66928425869828,508615.5988387425,98577.4558471061,0.9432937787952124,4.909909234476901,105.16878332165255
488.302,5.0,365.605,2011.51,116.37,500000,100000,1,5.0,116.37,472.4476929926452,5.369028718641442,323.9936433404415,2298.257926994964,75.67009328599653,495695.4058262731,98447.27563194543,1.0059602240200451,4.928057334574385,118.73219875250024
490.322,0.5,368.833,2011.51,102.787,500000,100000,1,0.5,102.787,497.55995133295295,0.463094237992265,369.0991921643038,2180.331403763611,90.0753421769424,513498.94961406896,100756.9347620922,0.9341950243758362,0.5116172722862539,108.61752015529127
490.322,1.0,367.039,2011.51,110.335,500000,100000,1,1.0,110.335,525.6728041205101,1.0873529572276757,353.82748020156106,1825.720559382671,109.30213500814256,478737.75668273465,95954.44010289085,0.9811306653322974,1.0403480472247273,96.63599073861748
490.322,1.5,366.396,2011.51,113.042,500000,100000,1,1.5,113.042,462.9909077726495,1.570070551322741,344.97422263012726,1932.623150881834,126.13947699801837,499812.12964028696,94811.12741943033,1.0099373916378591,1.4767806852877714,88.5696596450528
490.322,2.0,366.066,2011.51,114.432,500000,100000,1,2.0,114.432,510.43877173215,1.8821563287069325,340.94368091690035,1725.8326799188485,104.17713669010816,536711.6057156097,97702.49087487235,1.0456506043816092,2.1477870858264825,120.32496346507996
490.322,2.5,365.865,2011.51,115.278,500000,100000,1,2.5,115.278,507.99803339712986,2.6273280637542262,393.4225019145755,1840.4523970702417,147.71477995647075,484712.2698976999,94360.41124767697,0.993280977568496,2.4730326359864936,115.329658654522
490.322,3.0,365.73,2011.51,115.846,500000,100000,1,3.0,115.846,446.2367876271724,3.0485178546390586,359.3170555662461,2011.9942142955056,119.12758052323872,543879.3557418727,101646.7128357912,1.0314103862840345,3.1853044951384963,140.3211867306
490.322,3.5,365.633,2011.51,116.255,500000,100000,1,3.5,116.255,474.2116135512949,3.5361384844005204,372.8618364668679,2134.050256432912,105.68153830230968,530155.3198078475,103177.9255243789,0.9652347403628234,3.400544667182269,130.91260733349398
490.322,4.0,365.559,2011.51,116.563,500000,100000,1,4.0,116.563,499.65719327539273,3.976293153194227,374.6860953556187,1798.2832628783235,123.08703212657126,494031.4768803676,101601.73409565224,1.0275309347796826,4.203781780648889,133.99268256401754
490.322,4.5,365.502,2011.51,116.803,500000,100000,1,4.5,116.803,434.7672402546268,4.75021365300746,418.6626926590811,1676.748057580125,104.30242867381878,560348.1732640609,105386.41474525051,0.90853875563029,4.6226764468131964,124.43521244962092
490.322,5.0,365.457,2011.51,116.996,500000,100000,1,5.0,116.996,517.0888088732879,4.739019754937754,451.9988837972351,2285.940576205672,96.68792406842807,467245.7623956416,107739.96804347094,0.9496263178581424,4.782066538678661,80.87147746675214
492.342,0.5,368.689,2011.51,103.392,500000,100000,1,0.5,103.392,490.6133783384847,0.513995294048269,350.12411287119613,2453.490645480772,112.1235769908106,505001.4782148216,100254.6233368788,1.0019662184816225,0.4774740946430612,96.96319953036736
492.342,1.0,366.893,2011.51,110.95,500000,100000,1,1.0,110.95,490.2076694613259,0.9848369611166649,340.60663855566605,2447.549874586759,120.97644023150406,516346.4532649902,99420.80341930254,1.0058609504175913,0.9994330845270044,134.00614837346484
492.342,1.5,366.249,2011.51,113.66,500000,100000,1,1.5,113.66,508.1984592055429,1.6036603496135005,338.7109709941538,1805.7059801406208,121.40072626387382,530370.073597652,95126.75889653096,0.9571970301535482,1.5272842939445632,135.96983093611533
492.342,2.0,365.919,2011.51,115.052,500000,100000,1,2.0,115.052,435.3769458228688,2.068834703703802,329.77472553745736,1721.9019756905325,100.91628089726974,497627.92549961945,109371.09453021886,0.914448321039222,1.951851110510035,118.0431442057653
492.342,2.5,365.717,2011.51,115.899,500000,100000,1,2.5,115.899,504.4753740234746,2.568609814440041,381.8965674446045,1845.998925368657,126.40712199304087,523755.1757698608,102353.09857049056,0.9374570053185738,2.5916400903678176,110.04262929365296
492.342,3.0,365.582,2011.51,116.468,500000,100000,1,3.0,116.468,513.4668953230897,3.094385727044286,354.2751229482065,2118.978093977986,139.6292917114442,549269.1826269752,102132.3905095051,1.0734461301161198,2.96359621163684,96.12714277809484
492.342,3.5,365.485,2011.51,116.877,500000,100000,1,3.5,116.877,513.2942070422362,3.431252319115739,335.22038618838,2144.8927518520964,128.32358266119977,470411.3687152239,95262.40924241512,0.9711625307065532,3.3474588114878823,104.68168587409946
492.342,4.0,365.411,2011.51,117.185,500000,100000,1,4.0,117.185,507.6806035517207,4.008216172818951,303.80456164880843,1926.0918782661304,99.78997362784156,480310.2179768645,97940.43152673104,1.0181897028958005,3.721012653939848,127.1527308122226
492.342,4.5,365.354,2011.51,117.426,500000,100000,1,4.5,117.426,503.0489870356064,4.561765647185989,328.3445679518795,2002.710056909703,86.4997013690564,502935.25592378847,104915.44406909026,0.9451603749263122,4.354865357452373,123.68455720445546
492.342,5.0,365.308,2011.51,117.619,500000,100000,1,5.0,117.619,463.53308282256,5.1413000542711496,354.2318217555493,2028.169907380497,112.89817615859464,521664.1981997957,100844.71921332076,1.0675830768871557,5.048226307807825,125.01994738555314
494.362,0.5,368.546,2011.51,103.995,500000,100000,1,0.5,103.995,466.82402557905874,0.5219826823177244,363.336852699512,2125.4812985883973,111.98228797992913,514291.8489468956,95153.49892459654,0.9867871892501748,0.4611087238593589,109.35134572978755
494.362,1.0,366.748,2011.51,111.563,500000,100000,1,1.0,111.563,505.3995340322113,1.0382146290710217,375.7189924543149,1903.767218563915,120.3366311396046,532964.7522799345,94265.62397452978,1.0174424289264323,1.0144264094472957,107.79644914673156
494.362,1.5,366.103,2011.51,114.276,500000,100000,1,1.5,114.276,555.9640532958117,1.561811427259173,413.6499659215006,1888.3545234637104,113.87305056282852,496873.4557550175,104354.00143068528,1.037217681705425,1.480435302929791,97.23997241221754
494.362,2.0,365.772,2011.51,115.669,500000,100000,1,2.0,115.669,472.3443805158288,2.12556775257411,370.3831309745954,1844.8876614111389,101.49505782327724,468130.3616008296,98309.0093666825,1.041919415825517,2.000148391073745,132.57160397909718
494.362,2.5,365.57,2011.51,116.517,500000,100000,1,2.5,116.517,497.0704012735225,2.505602891491536,341.2527025164111,2457.4885954268,145.7802355032553,497787.1923165432,96336.9841334235,0.95655975632371,2.3452097580662783,111.48293479392636
494.362,3.0,365.435,2011.51,117.087,500000,100000,1,3.0,117.087,531.4459378127474,2.9200948368667534,369.9237228711687,1916.1103525355315,111.52518044333262,505208.58709778567,102353.34044534931,0.9166646951074692,2.9509927433297705,114.46955891317656
494.362,3.5,365.337,2011.51,117.497,500000,100000,1,3.5,117.497,473.7053556050143,3.661696968846026,384.3166183991823,1967.9970746096435,87.29512188998595,525538.4998880634,99227.57693674744,1.062099532918271,3.1098083031010684,129.06000100425004
494.362,4.0,365.264,2011.51,117.805,500000,100000,1,4.0,117.805,472.2287221190588,3.915813287083247,430.6129798262062,2320.104915561362,95.59691177534224,510919.004338049,97434.28728847482,1.0040405896835032,4.163415111555603,102.66579577462984
494.362,4.5,365.207,2011.51,118.046,500000,100000,1,4.5,118.046,500.89387567232257,4.117628358088308,356.8889983033221,2298.052512338425,102.51427708509638,488843.3144640018,95401.45988802184,1.0322958396130546,4.259365748953778,119.27690583380203
494.362,5.0,365.161,2011.51,118.239,500000,100000,1,5.0,118.239,476.6128028720454,5.132067484728776,315.78990262554845,1986.3827264599176,105.5748518903381,457772.80339761183,101602.44452045656,1.000895121107094,5.085229774345109,133.87957193148208
496.382,0.5,368.403,2011.51,104.595,500000,100000,1,0.5,104.595,481.7919355828578,0.4919313861819164,354.5287682517708,1858.143590358804,106.90321565223644,494790.5437106551,95439.40286816012,1.0578439219454925,0.523696674366784,105.70443382991289
496.382,1.0,366.603,2011.51,112.173,500000,100000,1,1.0,112.173,464.9794250190731,1.03984679628293,293.3452109521236,2321.9438707708805,116.14833821316024,529864.5912013875,102023.7378547021,0.9450042488130096,0.9630659097796612,109.35974323686938
496.382,1.5,365.957,2011.51,114.89,500000,100000,1,1.5,114.89,477.4741972916319,1.5507628240583256,416.10781319393936,2430.256418603307,123.29202047385984,498785.7033308654,93854.55782899084,1.0564581088642473,1.4668537381496334,119.6312616466695
496.382,2.0,365.626,2011.51,116.284,500000,100000,1,2.0,116.284,497.2458918284194,1.7913151470684063,357.5603445094748,1905.3894900885111,141.91432266245334,503711.01575957646,93723.70731606804,1.0323822466240558,1.9910604661587088,119.21837982826816
496.382,2.5,365.424,2011.51,117.133,500000,100000,1,2.5,117.133,511.0437427374644,2.667847120552876,362.3679706047421,2049.338245724995,133.9388483586725,555253.6751384063,98737.98946172177,1.0193367867651455,2.467718543219052,106.18217950101904
496.382,3.0,365.288,2011.51,117.704,500000,100000,1,3.0,117.704,507.51300533624686,2.883896152445609,455.65145349833335,2179.6285492077,116.14368430738314,550712.8852513987,98430.11650118204,1.0155570075839189,2.977238611153464,117.74149322071352
496.382,3.5,365.191,2011.51,118.114,500000,100000,1,3.5,118.114,524.5752031832643,3.4958225805458456,370.3642191298764,1877.7836312292527,111.19406839336546,487443.3868882884,95886.949564243,1.0397915710449133,3.180300725243548,111.4686596810326
496.382,4.0,365.117,2011.51,118.423,500000,100000,1,4.0,118.423,466.3468945293097,4.345199600418868,326.5756148667349,2043.2149795205885,110.06943041139915,496770.6195208212,101007.9171453233,1.0070790821356743,4.109270396615585,114.52710865697946
496.382,4.5,365.06,2011.51,118.664,500000,100000,1,4.5,118.664,495.8099059434592,4.498497321063149,353.44278452119414,1875.180614126918,130.20903823243094,470559.5639394857,102561.72613039309,1.031144702661154,4.594251080449637,108.16022950350384
496.382,5.0,365.014,2011.51,118.857,500000,100000,1,5.0,118.857,487.4906969602758,5.044559935976264,278.7058786787441,1720.1537789803492,78.3424809391397,521386.8995301485,102327.63752169942,1.0149368991969452,5.157845900140734,125.89450394058962
498.403,0.5,368.261,2011.51,105.194,500000,100000,1,0.5,105.194,484.640566758166,0.5350194319048913,423.2634009894728,1837.310004419703,100.81536879338265,533194.9925581673,105036.2804816759,1.0223982517586885,0.4823471275223773,107.54057844504608
498.403,1.0,366.458,2011.51,112.781,500000,100000,1,1.0,112.781,501.5401112249499,1.0100523832140846,333.73364810918133,1842.286096553768,92.47469818858896,472525.4763241985,97042.10262482276,1.0138344098054115,0.9640541517704592,132.54894687724817
498.403,1.5,365.812,2011.51,115.501,500000,100000,1,1.5,115.501,496.2328355618038,1.510967645926677,385.73094709229935,2158.3958053015817,118.9820564051886,523057.0946542216,107855.5385300446,1.0410249467313282,1.551036086632242,106.85339061349194
498.403,2.0,365.48,2011.51,116.897,500000,100000,1,2.0,116.897,436.4061011522381,1.987587162518229,360.9375053828155,1679.2782339077824,127.39937888559184,495984.55362622015,93314.40778878548,1.0061319214052995,2.069878867419108,96.86138671836022
498.403,2.5,365.278,2011.51,117.747,500000,100000,1,2.5,117.747,483.3286327068953,2.444079631354848,374.8732488151905,1864.6050931189584,127.34297382497496,460358.5315426613,96922.10100638756,1.0397611207119912,2.57904732413586,120.2377324324328
498.403,3.0,365.142,2011.51,118.318,500000,100000,1,3.0,118.318,443.4467334367669,2.961876820368842,386.2394165882171,2112.1788456018926,93.20042692449192,519287.4665023812,108738.99816990623,0.9899710175640304,2.8949059233551955,116.39603391895618
498.403,3.5,365.045,2011.51,118.729,500000,100000,1,3.5,118.729,500.2305626803829,3.556467360379852,384.26473307497736,1872.516104704443,95.67222186741644,452743.6150704658,96184.02142053568,1.0469397633430888,3.347670897091564,122.90565766995482
498.403,4.0,364.971,2011.51,119.038,500000,100000,1,4.0,119.038,493.829450420618,3.9280614668598353,360.0511868250187,1641.7095451502246,106.75061006729167,524168.8805557773,100024.93821264277,0.975869609292328,4.129622106195992,98.05721326429315
498.403,4.5,364.914,2011.51,119.279,500000,100000,1,4.5,119.279,534.5078144227922,4.562323724501797,392.4056677444408,1687.5326082729543,128.7074204416713,542442.0809149675,100465.1750004883,1.0221944469425503,4.6511852455912415,122.30888996086884
498.403,5.0,364.868,2011.51,119.473,500000,100000,1,5.0,119.473,483.80495746275017,5.176630193355157,350.73833877890235,2133.634459716276,132.7284294279326,486943.62893663626,102300.9963266342,1.058103924294305,5.039200940386073,114.84601664208196
500.423,0.5,368.119,2011.51,105.79,500000,100000,1,0.5,105.79,494.8783208068378,0.4957207201189616,390.2816972791588,2090.2474099299407,112.87591950573328,519919.1339676908,111633.45698519774,0.9664938463016044,0.5093517713718363,106.62251060562237
500.423,1.0,366.314,2011.51,113.387,500000,100000,1,1.0,113.387,530.7518666385067,0.9113986085787978,321.52356907437866,2079.3917012287584,123.70046093039792,486051.7502866961,101461.8554297305,1.122794951607909,1.0485533983127864,107.53966902540276
500.423,1.5,365.667,2011.51,116.11,500000,100000,1,1.5,116.11,490.7179018806519,1.5028472796157977,407.2790494001737,1830.7503455794767,109.28240919100377,456085.5533503141,98353.75663697413,1.04134901206505,1.5380833550617572,109.60793193496188
500.423,2.0,365.335,2011.51,117.508,500000,100000,1,2.0,117.508,493.2025187074197,2.034400010630504,345.2522280898078,1892.614167865256,123.09510800644348,483580.7569416336,98400.25803519804,0.958846700305926,1.858717442520038,87.16943054829252
500.423,2.5,365.133,2011.51,118.358,500000,100000,1,2.5,118.358,501.21765812704297,2.399208597640049,370.6738619091808,2271.6317511234693,70.93469501666942,519842.8401058012,105404.50765596522,1.0623519177734042,2.5497552399066907,113.06163796228348
500.423,3.0,364.997,2011.51,118.93,500000,100000,1,3.0,118.93,494.5361762074931,2.9918488738445026,370.619009763056,2306.233456774447,92.26346854348142,463418.6420734334,94217.56210494376,1.1398237534349018,2.7925516557251804,128.80150567878317
500.423,3.5,364.899,2011.51,119.341,500000,100000,1,3.5,119.341,494.2594079793069,3.677912561280279,307.7461333812132,2435.4471980929543,141.92396278501988,501218.5568266676,92188.0706914452,1.1150104192531975,3.546036008027819,105.6765733184529
500.423,4.0,364.825,2011.51,119.651,500000,100000,1,4.0,119.651,502.0370136228904,3.960637775380474,347.67463974273767,1696.483177922164,126.84932231990904,517550.5168001397,104785.59385313115,0.9545627026842668,4.139251590498964,124.99793592998272
500.423,4.5,364.768,2011.51,119.892,500000,100000,1,4.5,119.892,521.5036665802851,4.616495508534489,354.0585590900581,2013.4614245129817,106.53906177605748,498142.32871157536,99696.92397672748,1.0180144357861205,4.294783317200496,122.37246067973778
500.423,5.0,364.722,2011.51,120.086,500000,100000,1,5.0,120.086,464.5475294086136,5.177693506293799,359.8078428820502,2157.507928109758,117.13451680226552,513857.2191251656,103748.58492302604,0.9923572174114812,5.045768488222664,89.0584031839524
502.443,0.5,367.978,2011.51,106.384,500000,100000,1,0.5,106.384,510.7361681612796,0.4954513640414395,356.85445032873383,1925.27172236656,101.41248430392166,446029.6891438583,101045.27481665056,1.0410765955382633,0.4968039555308248,101.0611483297532
502.443,1.0,366.171,2011.51,113.99,500000,100000,1,1.0,113.99,499.9732452657741,0.9952424743971612,439.91527731578685,1791.8408508788118,116.30771816495172,516987.0287611343,96121.35313818122,0.9580929090047352,1.0438331259058915,128.52577537700353
502.443,1.5,365.523,2011.51,116.716,500000,100000,1,1.5,116.716,535.1668713366232,1.3869311148927046,381.57069643593314,2074.282598991216,129.312131907604,519656.8559517879,93778.67710529134,0.9334237420863108,1.4310802809743448,122.95252038157165
502.443,2.0,365.19,2011.51,118.116,500000,100000,1,2.0,118.116,468.79263939304496,2.0629135298257784,347.73653755252496,2260.942924897974,167.10289494852492,508922.3844322704,102759.98952235356,0.9127000051355354,1.8394314331372748,112.50996619397375
502.443,2.5,364.988,2011.51,118.967,500000,100000,1,2.5,118.967,522.142443893595,2.4484100901006545,309.9983069996577,1888.543509566372,127.34195579291531,490257.76918090426,101373.6229872256,0.9641837013164564,2.5103784383160908,123.04479628412338
502.443,3.0,364.852,2011.51,119.54,500000,100000,1,3.0,119.54,477.2130618203128,3.062349505880791,433.7382555139022,2099.0113789055044,116.21780302841476,490129.59151069657,99849.36412799355,1.00347773385073,2.9229480011317257,113.53330726163578
502.443,3.5,364.754,2011.51,119.951,500000,100000,1,3.5,119.951,481.0961835524991,3.5035475811214005,375.7136475303352,2200.6380650987903,109.99731299188151,424138.5729194264,106780.97523431634,0.976606981493742,3.605199946486128,115.65461703699708
502.443,4.0,364.68,2011.51,120.261,500000,100000,1,4.0,120.261,479.5696164608756,3.984175555523098,408.4232730330448,2114.478527020336,108.17509530869542,485307.5756583117,108155.78766036028,1.024684254766348,3.7449252269790088,107.3407110429166
502.443,4.5,364.623,2011.51,120.503,500000,100000,1,4.5,120.503,512.5488389756625,4.766621500710071,321.8142988466305,2169.207544511199,115.29844546273378,507010.3322502783,100915.40822131991,1.0513486275408512,4.926804759910923,132.7349228097272
502.443,5.0,364.577,2011.51,120.697,500000,100000,1,5.0,120.697,493.4472744411662,5.256283651139396,399.7551353078343,1991.4375815413505,132.57158321446155,464203.8858896142,105106.11129007798,0.9900154632143766,5.11262660056974,113.53676125776056
504.463,0.5,367.838,2011.51,106.975,500000,100000,1,0.5,106.975,535.418711705429,0.4773852196571732,292.08712404360585,2272.126019492275,113.21961957379624,464803.3027606768,91249.63507672276,1.0132668602919288,0.5258686334678027,107.49826577927811
504.463,1.0,366.028,2011.51,114.591,500000,100000,1,1.0,114.591,526.7170445458039,0.9378689927527544,400.7700989566427,2553.2597269323987,101.88660712338783,478120.4661972387,108716.9159634076,1.0486191228821022,1.0370682707112986,115.8881552070201
504.463,1.5,365.379,2011.51,117.321,500000,100000,1,1.5,117.321,495.16525844388246,1.5264008693318147,452.2377834773292,2318.7759688545966,133.61081344145475,469074.5197748177,109593.13451279885,1.006900295651067,1.5224305443985071,97.75221956583538
504.463,2.0,365.046,2011.51,118.722,500000,100000,1,2.0,118.722,536.1268758106833,2.20791566984668,348.3431676303424,1670.9880448696522,87.88481787735773,492848.17961747607,92156.56652561975,0.9179698516754776,1.9473567806433087,133.07156281058198
504.463,2.5,364.843,2011.51,119.574,500000,100000,1,2.5,119.574,506.5424410460956,2.350354175913721,360.490776699905,1869.3254693372608,112.52369817651449,474341.02871793055,90464.42285307129,1.0355022188622738,2.37217264951858,110.88370146184108
504.463,3.0,364.707,2011.51,120.148,500000,100000,1,3.0,120.148,469.0782964868228,3.054690270555725,368.2602963974076,1990.6953154112684,128.43483628274615,450592.95835450746,96718.70180248065,0.997871460396254,3.211982064299032,108.77969206549685
504.463,3.5,364.609,2011.51,120.559,500000,100000,1,3.5,120.559,541.6699804318422,3.36478215663442,350.82223748760225,1743.2339741287103,122.39794713607188,528672.7738415835,90981.81398983252,0.9478778769671052,3.391121102830444,131.64941408098952
504.463,4.0,364.535,2011.51,120.87,500000,100000,1,4.0,120.87,479.0413964446112,4.490787734585078,356.0237310109964,2127.292199280409,106.76046836914824,478560.930192794,95267.2441815239,1.0441054945559085,4.233404067649968,123.8194712706184
504.463,4.5,364.478,2011.51,121.112,500000,100000,1,4.5,121.112,482.2663257840167,4.832533515635896,377.8830594230853,1747.8990870942698,83.41013531536393,505882.1322196745,89371.2557042018,0.9128127340733002,4.423036451628677,138.3683291828562
504.463,5.0,364.432,2011.51,121.306,500000,100000,1,5.0,121.306,548.3750282576589,4.828516374012596,363.746150697542,1786.304708910326,98.07286878046511,512925.8169464113,101670.4720032832,0.9789030972612256,5.113486288262226,118.86572942282618
506.483,0.5,367.698,2011.51,107.565,500000,100000,1,0.5,107.565,473.8280001874138,0.5118335295846286,368.9372824359461,2313.044497557013,94.6122053273294,470857.8977227566,108666.5641718255,1.0224805462924589,0.5217673293539278,96.14372726091216
506.483,1.0,365.886,2011.51,115.19,500000,100000,1,1.0,115.19,530.8575674554346,0.9823760527206676,394.73505149462665,1991.5240748946635,105.12520176067385,525652.2544101469,91619.84792025582,1.0549412351099636,1.0972354156650592,120.553436939146
506.483,1.5,365.236,2011.51,117.923,500000,100000,1,1.5,117.923,515.7362985916485,1.5998102936729897,366.5971472655975,1902.8848237667253,102.82194493463362,467755.69976889424,99289.92439691968,0.9263702725061363,1.531562403805386,111.48287255766908
506.483,2.0,364.903,2011.51,119.326,500000,100000,1,2.0,119.326,487.1754134562392,1.9389779307462147,325.2830611342689,1555.8872586315129,161.76980554901263,485912.4953835999,93810.10013248764,1.0685100470458506,1.9999451155441748,115.77228728820327
506.483,2.5,364.7,2011.51,120.179,500000,100000,1,2.5,120.179,481.70818273250256,2.701669866134936,382.4830406949541,2141.1962798053646,99.13079954229178,507236.6393730303,103002.288225663,0.9683821715155524,2.4095550180900904,105.69039046962293
506.483,3.0,364.563,2011.51,120.753,500000,100000,1,3.0,120.753,552.4907920767043,3.083398115053521,298.94251415583176,2350.4323733054107,118.71671746308324,519474.85762066446,95452.59406088048,1.0335473993647446,3.077326826825716,125.64005259637722
506.483,3.5,364.465,2011.51,121.165,500000,100000,1,3.5,121.165,474.73902571679565,3.495070791021328,317.04415244403776,1789.528365213783,141.13806890275808,476486.4368159793,99866.85190101822,0.9552047715946752,3.10631515679853,118.94374584585309
506.483,4.0,364.391,2011.51,121.476,500000,100000,1,4.0,121.476,483.7608302840214,3.901380107804741,361.7636257508123,2374.3103807963607,104.86917159859092,474722.0662229535,106381.84530066444,1.0079987431205368,4.025788699783272,121.70841857891068
506.483,4.5,364.334,2011.51,121.718,500000,100000,1,4.5,121.718,462.028027372819,4.581193637152278,385.2921870031236,2054.866807344227,145.0205768899303,436869.3488442509,108545.55865338288,1.006492571873877,4.966609351336023,97.5884255162692
506.483,5.0,364.288,2011.51,121.912,500000,100000,1,5.0,121.912,485.620031537677,5.240340089954703,393.076344372647,2040.6059660371784,91.39401100134764,530779.9049911725,97135.95231332265,0.8979422297838701,5.363305126010155,98.15052994026244
508.504,0.5,367.558,2011.51,108.153,500000,100000,1,0.5,108.153,538.7877188371285,0.5395984110240871,405.9851781326309,1998.514092962133,122.14862782223317,469837.0814742083,100139.6859065671,1.0237589302697527,0.5127291146270159,96.21330978757176
508.504,1.0,365.744,2011.51,115.787,500000,100000,1,1.0,115.787,544.8305128718173,0.9928857153777426,408.1619636607868,1771.2219544175996,104.97282966369342,511481.007448902,94195.17151605213,0.9644357183717231,0.9662126165470214,124.75595896563406
508.504,1.5,365.093,2011.51,118.523,500000,100000,1,1.5,118.523,516.9799951422781,1.4724642321714576,348.52668177528614,2141.581386772909,148.56244273044848,456072.0414802267,108306.24981985812,1.0684627581154176,1.4310653562065865,126.00293341260831
508.504,2.0,364.76,2011.51,119.927,500000,100000,1,2.0,119.927,491.20230273678953,1.9161551749102423,359.2557690568024,2173.31320565699,115.82610336968884,513572.2010332958,99852.69409984954,1.0741056382775016,2.0976182456000183,112.30824289249476
508.504,2.5,364.556,2011.51,120.782,500000,100000,1,2.5,120.782,483.0453746540859,2.328717926349014,377.6763907704952,1793.139065185576,115.49891177531993,494588.45529545145,92326.7853903148,1.0034856226419555,2.819186999420976,123.47658974724264
508.504,3.0,364.42,2011.51,121.356,500000,100000,1,3.0,121.356,447.86730045382967,2.84834443049314,307.51828559389367,2137.918555392632,117.11846342070552,514190.0661209783,101150.26914549706,1.095619386758555,2.9981848320466464,108.2785467952513
508.504,3.5,364.322,2011.51,121.769,500000,100000,1,3.5,121.769,562.801719729563,3.319605602824097,385.0613160330991,1661.9859959099172,139.2404777865261,532718.0588047128,95537.69117866072,0.9847244078424268,3.5046132455057,111.4307758208464
508.504,4.0,364.248,2011.51,122.08,500000,100000,1,4.0,122.08,516.7426913631022,4.107297545424266,410.01368403193845,2260.4061441799786,107.05719623762224,538199.8138873811,95022.11783401306,1.010875704429992,4.121024628307118,121.743376405518
508.504,4.5,364.19,2011.51,122.322,500000,100000,1,4.5,122.322,480.5638344402847,4.40886353558725,346.1326499568354,1969.181673189554,146.95849439462552,506867.9519565762,102746.5442307248,1.016315391750623,4.559325848585389,113.78964791311688
508.504,5.0,364.144,2011.51,122.517,500000,100000,1,5.0,122.517,539.7948674998112,4.707239740084546,371.60550678600487,2310.397766335142,74.26915843046237,467636.6012059421,95702.62312938436,1.063040415672903,5.184950371217659,132.65714987282178
510.524,0.5,367.419,2011.51,108.738,500000,100000,1,0.5,108.738,486.3008403278112,0.5535242574082588,316.8093603536676,1858.5421297837736,101.31409583126816,488898.5109827636,92969.6771054352,0.9708778168242014,0.4934111498976166,99.66849854279567
510.524,1.0,365.603,2011.51,116.381,500000,100000,1,1.0,116.381,473.92632064068914,1.0604543199007002,312.4910879871444,2116.058982030107,118.21668004347484,487385.1210836932,96529.62922425242,1.1036049212847547,0.9922113862389332,117.49437092714108
510.524,1.5,364.951,2011.51,119.121,500000,100000,1,1.5,119.121,488.3692376313215,1.349269997484846,332.65401794518607,1964.7252120635349,108.74893420105516,483863.3956402043,97640.32577959,1.0155192928181898,1.40147830121317,120.01437770545486
510.524,2.0,364.617,2011.51,120.527,500000,100000,1,2.0,120.527,513.3084737177438,1.9196621292833709,352.68399151961523,1981.8569786081432,107.869646832906,500732.0385262673,104242.09437972266,0.9985860851692752,2.080102156786692,126.19759877744802
510.524,2.5,364.414,2011.51,121.382,500000,100000,1,2.5,121.382,572.8391139321626,2.54162526618113,378.48859333479055,1834.53013585802,132.37039887198273,518379.8485430853,92049.58733489744,1.0902964488100737,2.636853333018486,123.6033924677242
510.524,3.0,364.277,2011.51,121.957,500000,100000,1,3.0,121.957,553.7538228369441,3.100107465471085,384.86583425508775,1996.8702138083304,120.05483577870096,528998.2510665976,99179.8972121868,1.0155997837484525,3.010549551557335,126.52704961332124
510.524,3.5,364.179,2011.51,122.37,500000,100000,1,3.5,122.37,538.4700455275552,3.92854215350454,367.1787588348664,1943.3956899689408,96.87700818234283,533918.471366999,97284.26949401756,1.0287611225837356,3.5270763666744886,140.62510877032577
510.524,4.0,364.105,2011.51,122.682,500000,100000,1,4.0,122.682,491.8009900695569,3.8231239569275592,359.2129006127591,2408.2589174011014,107.53784406499712,526810.6164421921,103267.87037118926,0.9470332298797866,4.044207797530082,123.26179598196832
510.524,4.5,364.047,2011.51,122.924,500000,100000,1,4.5,122.924,494.3589542850247,4.428997269179733,402.05333174183625,1845.043260830612,94.10843122296674,472695.4629684669,104820.2390881854,1.0434313925766387,4.49234534830195,111.08838025253294
510.524,5.0,364.001,2011.51,123.119,500000,100000,1,5.0,123.119,472.88554950986935,5.370248101029373,387.00875276848177,1615.9919995359191,144.2189053887505,523108.4029931749,111591.20419793933,1.0299981736517794,4.697050769424495,124.10798233738296
512.544,0.5,367.28,2011.51,109.322,500000,100000,1,0.5,109.322,536.808026868513,0.5094409892946661,391.8287517150584,2006.1279362594885,60.908779589426224,494394.71085540496,101532.1825314578,1.0338902203692482,0.5412073695657619,103.39498993116372
512.544,1.0,365.462,2011.51,116.974,500000,100000,1,1.0,116.974,546.8671903739219,0.9577480744141862,316.1518474241311,2124.616395928105,106.6942340444056,453819.1955641901,98711.07203151815,1.090874283302621,1.0190674633139072,136.41283823555884
512.544,1.5,364.81,2011.51,119.716,500000,100000,1,1.5,119.716,523.6239894773549,1.5660760010373902,336.86232817696066,1723.1586557747703,121.50572481599666,465150.4989923279,92824.71865885824,0.9068558847593589,1.4941577401648296,109.2816134900306
512.544,2.0,364.475,2011.51,121.124,500000,100000,1,2.0,121.124,512.2963279421185,2.143174948424108,409.0838315484326,1997.899831650536,127.38065332217516,470049.51695318514,95529.80197443345,1.0440673614398226,2.053973553459372,140.98058406264187
512.544,2.5,364.271,2011.51,121.98,500000,100000,1,2.5,121.98,466.5638861975643,2.634449363524791,350.2538366267974,1772.5157302148334,123.63280938264876,483377.9167969638,94869.5595288592,0.9490921966523496,2.3549502088039094,123.47059231260288
512.544,3.0,364.134,2011.51,122.556,500000,100000,1,3.0,122.556,467.5865912197472,3.0861121923159804,430.6148382258661,2195.239718946614,111.59475224287148,490742.641216148,99996.55783277312,0.9754235972435826,2.8708178041838464,101.68085902518771
512.544,3.5,364.036,2011.51,122.97,500000,100000,1,3.5,122.97,497.7196968361405,3.43895090049154,431.60595238002486,2169.776685687524,121.92149176695943,481291.0336986041,101176.67299547896,0.9719650747676026,3.230748917086225,109.21618599112026
512.544,4.0,363.962,2011.51,123.281,500000,100000,1,4.0,123.281,538.2285066913292,3.9841869961025256,439.31881493728986,2031.449099567151,119.24490544152636,506551.1078783676,101744.55884236345,0.9925811874500658,4.048431427370586,113.96970222413016
512.544,4.5,363.904,2011.51,123.524,500000,100000,1,4.5,123.524,511.96902680868345,4.557955893572348,357.765352159095,2001.6114212288708,130.11209737121888,492261.7595356368,109224.12716129454,1.0178309237514953,4.468924264132609,127.5644513581654
512.544,5.0,363.858,2011.51,123.719,500000,100000,1,5.0,123.719,522.7631987436675,5.073733683777534,341.7664812855917,1810.123429665856,84.32902115248262,553992.9241954882,104753.13533664552,0.991644248652074,5.227193958385324,103.03137145231096
514.564,0.5,367.142,2011.51,109.903,500000,100000,1,0.5,109.903,534.7653988346977,0.4915044707922926,338.3668723897097,1771.5495838867212,92.49175238598788,481485.3337910676,87806.42774082281,1.0657094948576145,0.5394258763466504,129.05157105666314
514.564,1.0,365.321,2011.51,117.564,500000,100000,1,1.0,117.564,515.3920643563011,0.9932677954087602,347.50144417512684,2049.5846139016408,106.06730899888151,501615.364017218,100527.22814354415,0.9889646588293416,1.042925610241285,110.99752098127895
514.564,1.5,364.668,2011.51,120.31,500000,100000,1,1.5,120.31,500.23908437653125,1.5360171946429275,404.298986475985,2319.0982311702865,147.57148358355005,434830.000695642,102693.96953163638,0.960317220494692,1.4578795934179605,123.42174697794296
514.564,2.0,364.333,2011.51,121.719,500000,100000,1,2.0,121.719,489.29056465800863,1.839587898752968,389.5953657955208,1698.663187688447,113.62153475298189,512633.5877125505,103956.99219810922,0.9513345008651009,1.9129873897666752,123.92628578697597
514.564,2.5,364.13,2011.51,122.577,500000,100000,1,2.5,122.577,535.0944669449341,2.443839331508024,356.4185593919688,2220.822809504799,104.76410295779974,507958.7393798875,101140.5794284977,1.0737844272718369,2.516551878819687,145.88494164287204
514.564,3.0,363.992,2011.51,123.153,500000,100000,1,3.0,123.153,470.15685360081767,3.2909195324355185,334.793128160014,2197.679939511336,113.3866274660287,485639.7749455778,103208.86295716236,0.9329701673620726,2.955839035124161,121.08670169117023
514.564,3.5,363.894,2011.51,123.567,500000,100000,1,3.5,123.567,504.674404697542,3.521065297567223,423.2811735542243,2190.7813775382324,113.20901551375027,533233.9236187172,97577.6662868246,0.9955454584761904,3.356094393495094,111.40991272376284
514.564,4.0,363.82,2011.51,123.879,500000,100000,1,4.0,123.879,567.5601041737002,4.159513124537191,361.1039355535356,1848.7529129248207,114.60896744972231,523846.0567393232,101092.05192870989,1.0532645205143534,4.089302350899723,126.86240982989894
514.564,4.5,363.762,2011.51,124.122,500000,100000,1,4.5,124.122,515.9291206149929,4.7539336651826805,399.0688916495052,2296.402573038896,140.58003861714974,487714.6545512551,96818.21192563398,1.0989722670131763,4.707598886868204,134.06846133990544
514.564,5.0,363.727,2011.51,124.269,500000,100000,1,5.0,124.269,478.3621792351578,5.005210370534443,353.45730010143217,2289.30723985108,105.9837140911039,497973.9362850467,100723.25928350116,0.9841272163396788,4.622609278412478,97.43045375714205
516.584,0.5,367.004,2011.51,110.483,500000,100000,1,0.5,110.483,510.9011103599727,0.5123313544048258,349.7852271996219,2130.6405943553827,91.31460324964468,502191.8883587656,100172.87002377168,1.0871372065548806,0.4776265621820559,108.45178136385584
516.584,1.0,365.181,2011.51,118.153,500000,100000,1,1.0,118.153,520.8034672791912,0.9119681778331248,355.23691135475707,2085.1124261250247,121.28998679479974,507952.3810017844,93522.6913975676,1.0466136929856882,1.05468479474569,131.01895446148583
516.584,1.5,364.528,2011.51,120.902,500000,100000,1,1.5,120.902,504.2417789282016,1.4910860638484422,364.35580559561066,2182.337504168303,125.47590145015234,480493.7938811276,99039.17545057114,0.964261572120949,1.5543022609779025,131.35439782368312
516.584,2.0,364.204,2011.51,122.266,500000,100000,1,2.0,122.266,519.1491963891414,1.969271016132528,268.2610756802156,2028.753002987531,145.01367863508847,500457.65357034846,94405.8518251915,0.954231778411658,2.061757105031817,124.8234883133185
516.584,2.5,364.0,2011.51,123.123,500000,100000,1,2.5,123.123,524.5839949236596,2.401165795009676,381.7358766590513,1927.3744231423032,115.41613901507878,491954.74709027127,96924.2300581626,1.0907128289950374,2.167241333824742,132.14841631818967
516.584,3.0,363.863,2011.51,123.699,500000,100000,1,3.0,123.699,463.0819845594388,2.986541163550833,312.2135306602028,1912.48219100076,123.8023541114324,504212.1623913551,104098.08184152616,0.9927524197600738,2.962849865717636,103.9744641663199
516.584,3.5,363.764,2011.51,124.113,500000,100000,1,3.5,124.113,565.6049104595402,3.319728631573064,323.3269995754856,2093.765765691608,103.51886830530805,487802.121755695,95382.44023796864,1.0145713293347458,3.4258815264332,108.94896729973932
516.584,4.0,363.69,2011.51,124.424,500000,100000,1,4.0,124.424,491.6642529088153,3.5116586026195025,330.00003265126986,2282.4864998763205,128.21118894780426,499969.4490180714,103526.08504573256,0.9667670058042864,4.061095800043027,125.14567401653814
516.584,4.5,363.632,2011.51,124.667,500000,100000,1,4.5,124.667,509.2704133350607,4.153006598807875,403.4716796355164,2109.1638209680896,122.68514525307306,499604.0612971229,101344.09309593149,1.0227439271530565,4.416617235836616,123.8349675164208
516.584,5.0,363.586,2011.51,124.863,500000,100000,1,5.0,124.863,478.37755020263353,5.007293606692024,354.436703182782,1885.093640304848,118.52557839113442,501726.5188591561,106769.79379424344,1.01878148096001,5.35194340054621,149.05858564325476
518.605,0.5,366.877,2011.51,111.018,500000,100000,1,0.5,111.018,522.2262028253368,0.5067445982349984,407.5777466709577,1763.5873191537848,105.22728062774442,508040.9117050826,94331.47209879557,0.8977985861024482,0.5049177513915923,121.84303283278864
518.605,1.0,365.042,2011.51,118.739,500000,100000,1,1.0,118.739,508.80946202532033,0.9968743115911396,332.04766984837295,2273.679147839436,99.67210562242606,498802.45564914285,106883.94654471667,0.9307116843401628,0.9776823558719488,128.4047886355118
518.605,1.5,364.399,2011.51,121.444,500000,100000,1,1.5,121.444,513.3118640606883,1.4819209339054529,376.9822875987074,1913.1794421967984,118.6414963770031,494386.7638469727,96004.1863805781,0.9651868381797802,1.462796543655937,122.93128967522992
518.605,2.0,364.064,2011.51,122.854,500000,100000,1,2.0,122.854,537.4509513217104,1.921588846594376,387.9296321617402,2123.521421441724,140.4536969957044,482207.1660380279,101736.69485433734,1.0238224222131165,2.1365603838702625,124.02890669055756
518.605,2.5,363.86,2011.51,123.712,500000,100000,1,2.5,123.712,536.7290278879007,2.5448193074862275,402.6263007725759,2185.538098230587,84.4617513752477,506223.4944234069,101789.45579703571,1.0199647960796805,2.371877238872875,129.01803609599511
518.605,3.0,363.722,2011.51,124.288,500000,100000,1,3.0,124.288,565.7921373879625,3.0990388060059826,319.50124516294426,2036.4740000776933,130.47194968790308,550243.383742122,99612.5950122065,0.9817428825076672,3.152390253574,113.97025813632035
518.605,3.5,363.624,2011.51,124.703,500000,100000,1,3.5,124.703,541.2677727410462,3.6960226461079326,342.0951439229955,2053.5952414343533,110.11845282891991,533563.7720146262,107037.6051675482,1.050505405468953,3.764476405163813,101.2091830500619
518.605,4.0,363.55,2011.51,125.015,500000,100000,1,4.0,125.015,516.8617013268275,3.737345542549551,392.6304950690244,2068.391454987573,117.06749088161888,522848.215532931,95995.8949673395,1.0986792459973005,4.02741218485201,129.3131875645103
518.605,4.5,363.492,2011.51,125.258,500000,100000,1,4.5,125.258,540.9941445346436,4.42483805653721,300.16228026657683,2059.411634838605,76.43983463053817,490797.7086853145,96990.32174405344,0.9995637249420048,4.754630486289078,117.41692354411543
518.605,5.0,363.445,2011.51,125.453,500000,100000,1,5.0,125.453,547.6857549380716,5.386910193398818,377.6987426563099,2022.206797398664,138.21350131033032,462777.3238750378,101087.80874160943,1.0298410515840266,5.195301727660895,132.919156970075
520.625,0.5,366.741,2011.51,111.592,500000,100000,1,0.5,111.592,503.41769154672807,0.4553215353103887,394.64372658629793,2111.0732726430124,117.74234738474073,519553.44427559496,97945.99640809224,1.015595779170039,0.4944962153183151,122.79315815291255
520.625,1.0,364.914,2011.51,119.277,500000,100000,1,1.0,119.277,500.94527036852026,1.112980101387124,378.3718935922295,2106.822976588632,115.91087870997066,508046.39755350334,99050.25336152031,1.1371008380028005,0.9827179060012424,101.6868370201801
520.625,1.5,364.26,2011.51,122.028,500000,100000,1,1.5,122.028,508.7686231919989,1.4616098699179862,343.71384032735364,1917.55669831432,95.35611136974217,495195.6442532699,95634.87785187608,1.063255502002444,1.551168523828273,134.21242286208698
520.625,2.0,363.924,2011.51,123.44,500000,100000,1,2.0,123.44,556.9498934522476,2.0243826926616766,407.2349462672518,1886.2703717631384,114.90974578854356,494108.21995303815,91535.87230831108,1.013106885739811,2.1073476207731434,124.85702987462582
520.625,2.5,363.72,2011.51,124.299,500000,100000,1,2.5,124.299,508.877022312554,2.461653414417046,341.6114205309842,1763.2362464442408,141.91501223594454,523059.96872728993,101025.30119393991,0.927261781035594,2.630041975459799,122.31627231530614
520.625,3.0,363.583,2011.51,124.876,500000,100000,1,3.0,124.876,543.1178217225545,2.765410610264902,363.0027713477977,2131.184115655737,135.96451811484098,492108.5599026525,103862.10627346444,0.9757242273690344,2.8591426298506177,117.009354180477
520.625,3.5,363.484,2011.51,125.291,500000,100000,1,3.5,125.291,565.6060585897816,3.4336777870398167,368.74811540378977,1937.856329503456,148.0979934723607,494980.0813872546,96002.90140220398,0.9390408720008788,3.428930791692567,121.56574535167384
520.625,4.0,363.41,2011.51,125.603,500000,100000,1,4.0,125.603,536.4815589803618,3.729840515477863,370.7960129386165,2393.087157790187,144.96702267966057,501966.33469688,101724.41532289777,0.9413573790578406,4.101160019526829,131.44261296222743
520.625,4.5,363.352,2011.51,125.847,500000,100000,1,4.5,125.847,532.056626917889,4.88744196482974,411.3861779674918,1872.704488398288,101.8880683252916,500651.07023497816,109025.76232674124,0.973195882509524,4.530715120685672,135.68893317851132
520.625,5.0,363.305,2011.51,126.042,500000,100000,1,5.0,126.042,556.1713607276369,5.119779781945693,363.9312482654291,1963.393431080213,139.82270633578133,519407.2730496222,101065.01966148164,0.9469126414594232,5.054778704999632,114.46689105885228
522.645,0.5,366.605,2011.51,112.163,500000,100000,1,0.5,112.163,506.1779500270126,0.5157182637064909,340.0134115697271,1799.0356442968498,105.31720225495806,482016.4673790347,96357.044555782,1.047216533314988,0.5093238002582147,112.94285087899156
522.645,1.0,364.776,2011.51,119.857,500000,100000,1,1.0,119.857,525.1911725288167,0.9389524714500564,380.4396667495024,2193.7536416829444,137.87250822779683,509780.96045247314,105132.7866472345,1.056670988230088,1.0401443403849937,137.70611794607908
522.645,1.5,364.121,2011.51,122.611,500000,100000,1,1.5,122.611,493.0065560888144,1.4954335517319972,396.6043087069602,2194.338502227848,86.14217799004228,494209.6626300257,99719.07243770234,1.0185787157813493,1.3350454811528585,120.3527804038345
522.645,2.0,363.785,2011.51,124.024,500000,100000,1,2.0,124.024,498.4894630682376,1.9870920011953148,437.9681115839357,2093.264080293486,91.34829780777764,528112.9731291761,95187.4443385764,0.9936833613615844,2.108958150612135,126.85223935560364
522.645,2.5,363.581,2011.51,124.884,500000,100000,1,2.5,124.884,476.1132447591633,2.5772025831355814,297.2043769427272,1993.2627232453813,159.42206322169923,503226.14132730896,95797.94752334165,1.0292228768496354,2.506185170064441,117.93168415796038
522.645,3.0,363.443,2011.51,125.462,500000,100000,1,3.0,125.462,495.204705718643,3.1352429173387115,352.9973207241915,2060.221573404346,129.73454040552147,531700.6189638381,100706.13292718038,1.000166984829616,2.871123281600368,127.72195387798116
522.645,3.5,363.345,2011.51,125.877,500000,100000,1,3.5,125.877,514.2031760586316,3.453533499249164,393.07704023622006,2236.7512216331934,117.23594736998368,464476.28780637967,98452.33253272576,0.9407402314175336,3.706136125383882,121.34594697877378
522.645,4.0,363.27,2011.51,126.189,500000,100000,1,4.0,126.189,527.751325829381,3.959778440942115,328.0488903893516,2283.3679334878298,92.51348396644426,529819.8345462973,96625.903133953,0.9954272874877608,4.124135941474896,120.7851650692926
522.645,4.5,363.212,2011.51,126.433,500000,100000,1,4.5,126.433,529.1944796183815,4.268691301704106,361.2134787113481,2068.3888584570072,117.05316354584062,508542.4359310941,104096.16008052,1.0418177283720012,4.612446445786492,132.19748447700664
522.645,5.0,363.166,2011.51,126.629,500000,100000,1,5.0,126.629,517.9511325352976,5.108920777981126,332.6835906714698,2145.7425920162186,118.19988559993216,467036.8577182964,96494.69886084652,1.1078330230141962,5.177192407861701,141.49857775012663
524.665,0.5,366.47,2011.51,112.732,500000,100000,1,0.5,112.732,569.935556690358,0.5310241399684633,340.88269511259494,2230.675846944612,132.19760419287218,526683.1187270847,104295.01312050372,0.9893075158224384,0.4917094269940436,124.3847655045385
524.665,1.0,364.639,2011.51,120.435,500000,100000,1,1.0,120.435,587.751704455334,1.09111964162757,392.9828593907026,1732.7144612032484,118.0790544316618,492817.284191709,89694.9418245877,1.0119632198029065,1.006179703226882,126.80602107197032
524.665,1.5,363.983,2011.51,123.192,500000,100000,1,1.5,123.192,529.2947537110762,1.4356060330777511,335.1186630274939,1779.2106314062132,142.0514200512656,463307.4364149283,93979.186018535,1.0005595665260976,1.510352340972876,103.2471384026765
524.665,2.0,363.647,2011.51,124.607,500000,100000,1,2.0,124.607,513.1151653828337,2.103479913052624,312.4425455853519,1688.8398272650586,120.84565839187776,461194.6873445032,108092.52865943807,0.9684939333501116,2.0687747027775893,126.78434918582074
524.665,2.5,363.442,2011.51,125.467,500000,100000,1,2.5,125.467,552.4242406138111,2.307546788224255,330.9824777433236,2013.1027819837948,75.0592254455648,472053.546319837,103149.83234129736,1.0171083061546875,2.3856716224009853,126.62183336527538
524.665,3.0,363.305,2011.51,126.045,500000,100000,1,3.0,126.045,531.5981911555027,3.088056363610175,337.1368680368957,1834.4443677828183,146.43751006324624,527785.4881153407,107690.8844715914,0.989727389893542,3.0198371458440785,132.55538365005228
524.665,3.5,363.206,2011.51,126.461,500000,100000,1,3.5,126.461,515.2629094026764,3.75058058616054,370.8863157596465,2391.124868691086,154.56698574418215,472295.4459160185,96108.08843194394,1.060945549195428,3.595722756514661,135.93319579150244
524.665,4.0,363.131,2011.51,126.774,500000,100000,1,4.0,126.774,523.8573699855632,4.059904083883232,359.509663476952,2275.658053409265,164.120151375941,512967.52485779714,97748.8349008486,1.028281049309918,3.9482385561082416,121.56294558507456
524.665,4.5,363.073,2011.51,127.018,500000,100000,1,4.5,127.018,535.0629934607471,4.525880752427131,371.56107658238034,2140.248778338711,150.4527133077273,526676.6121696013,102231.99225832816,0.94301077804725,4.754509187549925,138.62803523429105
524.665,5.0,363.027,2011.51,127.214,500000,100000,1,5.0,127.214,531.3474256096794,5.187395642843407,377.7951629877079,1981.8489798820656,92.09386159040376,490862.4714210504,97414.13124317024,0.9784585059452208,5.007206249006225,144.08475007891118
526.685,0.5,366.335,2011.51,113.299,500000,100000,1,0.5,113.299,523.2911108902656,0.5000529605254368,423.2103061780552,1834.627444587421,113.7711153814069,514698.33145634766,102858.76472731936,0.9910696642403934,0.4907078429040192,103.67774522716988
526.685,1.0,364.502,2011.51,121.011,500000,100000,1,1.0,121.011,429.5546663242004,0.9593765083853834,388.43682424828506,1989.9847323067515,159.97919626345927,514031.38417265576,96286.39307328376,0.934637907992742,1.0785805742100802,95.55790976056583
526.685,1.5,363.846,2011.51,123.771,500000,100000,1,1.5,123.771,505.5356785209649,1.6161688465063653,350.9809580118938,1866.07999568259,159.34833791750597,502086.7244404039,96096.34086968066,1.0534497444307838,1.5064380076825763,134.37731900375465
526.685,2.0,363.509,2011.51,125.187,500000,100000,1,2.0,125.187,545.2331658343497,1.9151933073114584,377.84054926271335,2298.978354999528,135.11623858109408,498775.09136037016,97357.40126261252,1.0324240236410946,2.1982878049867507,113.66915410595934
526.685,2.5,363.304,2011.51,126.048,500000,100000,1,2.5,126.048,551.5790765116681,2.527483767796743,332.6361388431014,2188.96171947347,136.38739296817263,478349.73515430425,97284.3470483246,1.006378316491832,2.573058503922516,133.29504070132563
526.685,3.0,363.166,2011.51,126.627,500000,100000,1,3.0,126.627,517.9035627405779,3.054706765981273,316.1351776704528,2008.102787109966,112.63240659079555,444086.5250380412,96434.74070275924,0.990950237378533,2.794077409225362,125.39452105779505
526.685,3.5,363.067,2011.51,127.043,500000,100000,1,3.5,127.043,499.568721801443,3.7081246043519376,322.4442679118206,2153.159972212821,124.23833211995289,491345.7379339712,96466.02129809944,0.9651818143912696,3.620196253902704,143.56192685482768
526.685,4.0,362.993,2011.51,127.356,500000,100000,1,4.0,127.356,431.8531245878869,4.065334184308433,388.06936644753125,1881.9991758497608,156.91350649889011,533971.803196463,99991.7984323154,1.0054469269321975,4.104270096147134,120.60422945724753
526.685,4.5,362.935,2011.51,127.6,500000,100000,1,4.5,127.6,520.5254768484049,4.031936411120448,361.1038662890913,1620.941144857089,136.0799348464562,519083.9438651998,98264.97407890527,1.0382161779903816,4.703968522574898,140.45433386003654
526.685,5.0,362.888,2011.51,127.796,500000,100000,1,5.0,127.796,549.0880572135752,4.6142944627406965,362.2627416458628,2368.3972787118323,127.12131607891853,498656.3253093794,101225.06039369942,0.979196649875684,4.741750700075507,118.10144558851576
528.706,0.5,366.201,2011.51,113.865,500000,100000,1,0.5,113.865,552.2826665497261,0.4954421324820752,358.53483612090827,2186.6901436646453,135.37167364955764,503843.1510565869,100589.40296552448,0.942918339445758,0.4638385880178352,120.86188103959324
528.706,1.0,364.366,2011.51,121.584,500000,100000,1,1.0,121.584,493.46383245150247,1.0343144270865907,420.4939935410553,1937.7367109837344,141.1099430895436,518396.6217368164,99439.71521491876,0.9317899415027912,0.9860725593630292,110.6105366755643
528.706,1.5,363.708,2011.51,124.347,500000,100000,1,1.5,124.347,533.0741702954813,1.4340647930169237,357.1554742558912,2035.0596276179635,126.9558671893879,480156.3648839644,103269.4303440424,0.9338103915921384,1.4500604126808083,121.75157290088605
528.706,2.0,363.371,2011.51,125.765,500000,100000,1,2.0,125.765,528.7534480029947,2.1312549194340225,392.17778630112,1934.7091169103871,125.52772578202318,492428.3244553275,89491.97689745305,0.9256831688104776,1.8262582883900875,123.40254958719024
528.706,2.5,363.166,2011.51,126.627,500000,100000,1,2.5,126.627,538.9023817827011,2.6566329658661143,306.3881382758309,1841.831238509727,99.95104174033776,499568.2379253802,89260.76437323606,0.9874904623938094,2.7936373307221007,137.27016921212402
528.706,3.0,363.028,2011.51,127.207,500000,100000,1,3.0,127.207,532.0249145526991,2.742163506595668,383.7858729147143,2105.3523482309647,127.3945001714188,472939.1701809074,106383.82587914263,0.9353363376736288,2.944395476747358,126.7988942406029
528.706,3.5,362.929,2011.51,127.623,500000,100000,1,3.5,127.623,597.4066630103416,3.564560147545109,335.16597640117374,2260.9210267973085,106.53663216615588,515835.4949253499,100159.36526138365,0.9261274478076292,3.653124341978795,145.10445338234942
528.706,4.0,362.855,2011.51,127.936,500000,100000,1,4.0,127.936,501.77186702395375,3.965817989305051,344.3804354514074,2113.224880176412,127.6517331160597,540582.9867722141,96535.56535648332,1.049499287702445,4.016607029308903,136.71052366311068
528.706,4.5,362.797,2011.51,128.181,500000,100000,1,4.5,128.181,527.1770718008146,4.235890950652855,366.9637038843745,1961.4194295424693,111.08581675685754,535391.596589925,94189.39747740452,1.0109315750956664,4.7092638089459,133.25511103163285
528.706,5.0,362.75,2011.51,128.377,500000,100000,1,5.0,128.377,480.2314379209856,4.823503708625273,307.5867385478944,2037.2390558691568,123.36121031167713,512633.3871672485,100905.46545959654,1.002236353749086,5.150549962954061,113.40201292171147
530.726,0.5,366.067,2011.51,114.429,500000,100000,1,0.5,114.429,508.60538588371855,0.529219222925278,392.8782430134506,1964.780103894856,130.44261706627597,478503.89825388417,98116.50947074158,0.9909064876572176,0.5346851111229182,100.99296390661011
530.726,1.0,364.229,2011.51,122.156,500000,100000,1,1.0,122.156,526.001920567879,1.0563962492758414,385.6099430691362,1978.472933192949,153.06283724690957,488499.4020179844,98013.37564172898,0.9543650810514576,1.025581525763993,132.20816311480513
530.726,1.5,363.572,2011.51,124.922,500000,100000,1,1.5,124.922,517.6120252908895,1.3997698182481302,348.8050773540754,2078.997255009888,100.45149941664206,518695.23770840926,104998.06742251126,1.0071616834854358,1.5559753333291153,116.18458704545291
530.726,2.0,363.234,2011.51,126.341,500000,100000,1,2.0,126.341,523.5540977703185,1.876754560916977,441.5746559920736,2195.431639391845,120.88408869279412,541710.791855472,103369.77614269336,1.0541716658925857,1.9308664534439588,124.45597452151078
530.726,2.5,363.029,2011.51,127.204,500000,100000,1,2.5,127.204,572.9973731414113,2.244528912309188,370.4661684900039,1837.649063143857,120.64202813775782,468983.29358983657,107395.69525694668,1.0061050762705583,2.4413186545135748,139.29947183369035
530.726,3.0,362.891,2011.51,127.784,500000,100000,1,3.0,127.784,508.034929962435,3.269552477474693,380.99117030875794,1767.5132938167485,112.95984581175196,532062.9937507644,103006.85292498744,1.0656178658814537,3.014978201092034,109.52113280031614
530.726,3.5,362.792,2011.51,128.201,500000,100000,1,3.5,128.201,553.5520645472454,3.2370097005216127,364.9020603712583,2133.5064940427324,149.79271435688827,480777.6010759036,99481.49107569968,1.0720259926720466,3.350091316921617,112.17456918879606
530.726,4.0,362.717,2011.51,128.515,500000,100000,1,4.0,128.515,539.405290661471,4.092065563676297,357.7103375430772,2257.643040566427,122.91548095246286,492767.6856087464,97193.85492565486,1.0022388846023929,3.798609920786065,123.21890015604114
530.726,4.5,362.659,2011.51,128.76,500000,100000,1,4.5,128.76,546.2371055967737,3.996152400023049,377.63270572020366,1872.57936826399,129.7420260974463,487679.3566345413,96946.04735902592,1.003633731184184,4.602716673125305,130.4762529387789
530.726,5.0,362.612,2011.51,128.956,500000,100000,1,5.0,128.956,517.8378831303331,4.924791178261242,345.29619449444345,1898.8059214208488,136.119034676607,501786.4901437072,103274.32689824003,1.0298646524644204,4.688770430261204,135.86845112527567
532.746,0.5,365.933,2011.51,114.99,500000,100000,1,0.5,114.99,493.1133814456092,0.4845962967776843,394.61050866567246,1765.553977337057,139.4717930652647,522073.0613252648,98936.68956089516,1.0143581381437847,0.4781143410693079,101.91227522087794
532.746,1.0,364.094,2011.51,122.726,500000,100000,1,1.0,122.726,547.7904568507938,0.957284517479282,317.79798241152,1645.8664426657274,136.8518734113534,536801.5701657136,108323.5081105257,1.0522409220829168,0.8885855259550715,140.1827889048809
532.746,1.5,363.435,2011.51,125.495,500000,100000,1,1.5,125.495,499.2744921768206,1.5734276869100638,382.22562758632745,1985.6042302042656,146.39306423530113,521666.3056451421,96635.79972049547,1.0002120172309414,1.453307054458708,130.29700708439734
532.746,2.0,363.098,2011.51,126.916,500000,100000,1,2.0,126.916,568.977206551305,2.001741424899824,360.74634290108446,2170.285478920005,109.16803494848162,518475.1236347774,102933.94631370292,0.9912884574563822,2.229258754176789,136.04570654583483
532.746,2.5,362.892,2011.51,127.779,500000,100000,1,2.5,127.779,543.7089995310947,2.6949677434104955,409.3659657799685,2028.814343576215,119.24381120426348,549065.108965632,99717.02418924772,1.0624405199177298,2.61180140038702,112.1448264028041
532.746,3.0,362.754,2011.51,128.36,500000,100000,1,3.0,128.36,588.6685479458815,3.06181714510959,357.9150361668526,1766.9170229783333,122.03146498914684,503694.3400767301,104351.78472311197,0.972139183570961,2.9662396106873485,124.57255031285808
532.746,3.5,362.655,2011.51,128.777,500000,100000,1,3.5,128.777,560.1890701731755,3.280725042495531,274.5980846055927,1883.812033049407,156.65420094652765,490470.9893646694,98493.28126260747,1.0437002410020109,3.507363707902504,127.19543355810332
532.746,4.0,362.58,2011.51,129.091,500000,100000,1,4.0,129.091,552.0057785079707,3.762479776524531,334.6862093312137,2084.400600157584,115.62587311203184,497386.2612319946,102342.83535938844,1.0757282425118857,3.610187524098794,131.55595950003402
532.746,4.5,362.522,2011.51,129.336,500000,100000,1,4.5,129.336,541.3966826539267,4.338856234437001,313.27595132052375,2074.129031647915,84.80912460017746,517441.2320837327,97011.1891642038,1.0398062442457954,4.581053722737485,129.4857303295214
532.746,5.0,362.475,2011.51,129.533,500000,100000,1,5.0,129.533,588.0923848702065,5.2578539766085015,369.1531698264646,2167.299457466859,92.66390834120028,501517.5997532664,97874.58167934755,0.969618980673596,4.594299617651021,135.8764815875027
534.766,0.5,365.8,2011.51,115.55,500000,100000,1,0.5,115.55,533.8829605910872,0.5080458797505693,430.3853807401368,2091.942014450086,126.08072336133613,503700.6246798539,95869.61464897142,0.9180187079996052,0.4995810784820603,112.07033291233284
534.766,1.0,363.959,2011.51,123.295,500000,100000,1,1.0,123.295,546.2908211581827,1.081193070616107,327.4280431961813,1905.935967680883,147.7585064748954,536540.0854641323,97718.46989865963,0.9829807447354084,0.9922047836668156,126.32554181751355
534.766,1.5,363.3,2011.51,126.066,500000,100000,1,1.5,126.066,486.31648549546446,1.4617991177751968,341.59445727742815,1948.219411682872,116.9196485901222,502637.0642692088,101032.14226915417,1.0797386844149883,1.5448898816913743,116.8809465851822
534.766,2.0,362.961,2011.51,127.488,500000,100000,1,2.0,127.488,555.7648063369699,1.859630161525476,348.74750100859745,1997.712648750923,130.34831138153305,499725.9314516361,103439.24568074604,1.0546965966975943,1.9223157660945955,125.69784420305902
534.766,2.5,362.756,2011.51,128.353,500000,100000,1,2.5,128.353,560.2523126411345,2.4720413407252604,373.5623987781339,2190.3855164239453,137.87923368757396,550127.7252895408,98837.81623506256,1.0665419719991436,2.206603891654864,134.61207058006687
534.766,3.0,362.617,2011.51,128.934,500000,100000,1,3.0,128.934,547.2379355636939,3.1747735685841785,365.9403876189493,2174.660481080577,150.84347069133693,529578.5818574831,97100.41666573953,0.9379908575271296,3.040268954982219,134.89286943105645
534.766,3.5,362.518,2011.51,129.351,500000,100000,1,3.5,129.351,565.9003904419542,3.638768280952958,353.9600437507617,1958.2704086685103,171.85707956942562,506257.1084709687,95973.9635326486,0.9825523615920156,3.3323958239152134,142.71374256888618
534.766,4.0,362.443,2011.51,129.666,500000,100000,1,4.0,129.666,565.1458258326046,4.15957036509566,305.1153481491626,1914.4595817738127,160.49067333214606,495999.4505376709,98466.68547556255,0.9637329761380244,4.042019998653602,146.04748816416654
534.766,4.5,362.385,2011.51,129.911,500000,100000,1,4.5,129.911,546.5403171945057,4.503071905216888,353.76001265721453,2303.1717469561536,121.25611209947964,488649.3830906167,99488.29058395796,0.9718679623960892,4.515318116065294,132.0799344173471
534.766,5.0,362.338,2011.51,130.108,500000,100000,1,5.0,130.108,539.2175331637495,5.0931918060691,323.22242791777785,1873.9774977678333,144.09051320757197,539902.677470822,103555.69461515166,1.0292442592544515,5.148377159643229,119.81846925059006
536.786,0.5,365.667,2011.51,116.109,500000,100000,1,0.5,116.109,472.4768286388134,0.4773373054766807,364.1992490097768,2351.840472836988,139.79994906320846,474999.4308482757,98646.87301390304,1.053471805219329,0.555608510615963,115.19440823692264
536.786,1.0,363.824,2011.51,123.861,500000,100000,1,1.0,123.861,484.9307235909352,0.9897174044073308,419.6450424502878,2060.3052515712498,116.19253754484784,537986.1848307524,93783.32383446825,1.078614311727208,0.9706114663189188,129.78662582531345
536.786,1.5,363.164,2011.51,126.636,500000,100000,1,1.5,126.636,548.0237377881623,1.4362653747732792,393.5482385133064,1875.5904383686552,160.83748578765722,529243.5615830785,99699.59260248247,1.044919692119782,1.620509809781811,129.2523254393931
536.786,2.0,362.826,2011.51,128.059,500000,100000,1,2.0,128.059,585.9706608982871,2.1078651945959725,363.0804928268653,1793.2769944818797,123.01208551092482,495679.08866726176,98328.04617920202,1.0235781882782626,2.0044517415696235,134.80596674884418
536.786,2.5,362.62,2011.51,128.924,500000,100000,1,2.5,128.924,565.8932350826371,2.823673714673632,360.9678758450625,1975.6307781259047,153.48730429339528,479081.4156220932,104319.42160090336,0.938860251483402,2.401447593681751,129.39071267086064
536.786,3.0,362.481,2011.51,129.506,500000,100000,1,3.0,129.506,526.425961071372,2.732867753987955,285.9453009658831,2218.658153832223,162.32817096684636,518688.9547472983,102385.03802042048,1.0456065784751345,3.175504384814181,114.2150262361854
536.786,3.5,362.382,2011.51,129.924,500000,100000,1,3.5,129.924,583.6436326608517,3.3889095303932075,393.38239812694434,1814.673017034212,151.78469930299224,532873.3713814141,104419.88689372638,0.948065649103876,3.297492870568437,116.5390456137772
536.786,4.0,362.307,2011.51,130.239,500000,100000,1,4.0,130.239,577.8053493318763,4.104553348473344,303.00310142174465,2131.71424000211,128.37212156338367,532431.5794680243,102280.19004242274,1.0549205816771516,3.889394812027776,113.11942869986632
536.786,4.5,362.249,2011.51,130.484,500000,100000,1,4.5,130.484,555.0994952733338,4.389474506711149,341.2202761182454,1980.4164036773884,127.42538303903424,491040.7019678762,107491.90495445338,0.9372895992029476,4.258819349994523,114.35679518661274
536.786,5.0,362.202,2011.51,130.681,500000,100000,1,5.0,130.681,538.9237390426499,4.632994587808162,360.1405576184507,1459.048204678464,114.3095572983596,503479.67909779,100995.34207043012,1.069525169203796,5.119980535885286,122.71065651250856
538.807,0.5,365.535,2011.51,116.665,500000,100000,1,0.5,116.665,435.44615669506265,0.5245794620249755,303.2007209285841,1787.823729871317,130.77853373058278,512613.01733547327,107305.0194296866,1.0308820232603784,0.4988205347988189,128.92519596187807
538.807,1.0,363.69,2011.51,124.426,500000,100000,1,1.0,124.426,556.0903564541519,1.0560028318949892,346.0345372438237,2099.6053092796983,116.47474385787132,523752.1458139377,100102.76261522478,0.9875925408129096,0.8993895632626495,108.3876907037389
538.807,1.5,363.029,2011.51,127.203,500000,100000,1,1.5,127.203,553.4793766556132,1.5611890132558888,332.03910032856925,1823.4911024240537,100.24456008910587,503785.4250515649,102209.39290611476,0.976743073265846,1.5519105896668046,113.3001904854714
538.807,2.0,362.69,2011.51,128.628,500000,100000,1,2.0,128.628,523.208962470342,2.107735980986228,321.5467896726216,2238.2642313153674,102.21791697111904,476288.3232831941,88746.57808635352,1.091487967575814,1.96350705385568,128.38026108180412
538.807,2.5,362.484,2011.51,129.494,500000,100000,1,2.5,129.494,519.811075798047,2.4123670586276016,365.9113208452901,1578.5287606512834,178.40197623403483,528434.9108554228,98725.69923518616,1.036329222610846,2.453709222242697,119.1361399846642
538.807,3.0,362.346,2011.51,130.076,500000,100000,1,3.0,130.076,577.2597334389911,3.3342231650024474,293.78602468359566,2071.97446464142,159.41529839311838,515807.9490981133,98502.6258837142,1.0137743858360362,3.137394530168625,109.74282022653485
538.807,3.5,362.246,2011.51,130.495,500000,100000,1,3.5,130.495,561.3421754462238,3.197809439526318,351.1888656829656,1726.3361163826405,96.91983186657492,489963.9485995168,104534.44607978988,0.963099749874044,3.634282472641064,138.1496566217423
538.807,4.0,362.171,2011.51,130.81,500000,100000,1,4.0,130.81,559.8608091551032,3.9838024181195664,355.50105902510523,2006.5659359668648,133.19536929687902,459246.7825663844,93221.38692039473,1.03584647974376,4.113219064790441,116.47122437943004
538.807,4.5,362.113,2011.51,131.055,500000,100000,1,4.5,131.055,521.7378766962663,4.282621532295955,330.9929291972063,1913.3955492210896,125.39470264725828,442460.3760561708,104453.85860150986,0.9460233438688718,4.139530635347443,121.8685836805086
538.807,5.0,362.066,2011.51,131.252,500000,100000,1,5.0,131.252,566.6271549279278,5.225581440282596,352.91399762743026,1683.2358789635884,91.85559197380812,484626.45050221466,107416.9504263318,1.0415300369300002,5.224439963508829,151.53649990703647
540.827,0.5,365.403,2011.51,117.22,500000,100000,1,0.5,117.22,580.1408026960959,0.5095913755966697,406.07072194481935,2048.996215271361,126.30779866449176,496219.33459891146,99237.1156102959,1.0641555377066807,0.4508805319049652,132.34577469382964
540.827,1.0,363.556,2011.51,124.988,500000,100000,1,1.0,124.988,613.7934544676674,1.000882090436751,305.14615802076446,1710.798115080151,114.4712589856301,470730.3631377405,96309.56760657697,0.9901083090612204,1.014548209692918,136.0489215185541
540.827,1.5,362.895,2011.51,127.769,500000,100000,1,1.5,127.769,589.707777286923,1.4931457745962304,350.52867609672563,1937.2326912028336,115.76450022240525,517843.71952133806,95102.7637944789,0.97292724071141,1.5356574241194076,133.2754686297164
540.827,2.0,362.555,2011.51,129.195,500000,100000,1,2.0,129.195,560.0934687606721,1.904529016630708,384.4968141087427,1989.3457358217463,108.51848651815644,523370.8982390061,101522.66432795976,0.8686639130024346,1.8856292587696293,114.45209775934596
540.827,2.5,362.349,2011.51,130.062,500000,100000,1,2.5,130.062,487.0161664365725,2.2778420251637943,340.24287583597817,2260.7892851097213,92.65143925916884,522141.5783232866,102838.25043445808,0.9771935171397228,2.484300981049694,133.64039355822317
540.827,3.0,362.211,2011.51,130.645,500000,100000,1,3.0,130.645,566.67052557928,3.275813175136817,363.2289543136285,1456.871168007493,154.27016618958856,484737.3361198658,99937.14131200344,0.9916546312948458,3.0505040706491484,149.05018819027836
540.827,3.5,362.111,2011.51,131.063,500000,100000,1,3.5,131.063,556.203918087217,3.530173474115995,402.9732948632919,1995.479104355064,102.83125288065922,484696.2094241685,103410.14316386942,0.9722171058296872,3.6481961252987,150.16617268789162
540.827,4.0,362.036,2011.51,131.379,500000,100000,1,4.0,131.379,515.7254385638597,3.900204251388823,362.0208233080317,2278.259484617854,126.25781945405126,527890.3967183715,107048.53494967047,0.9868357308918247,4.259597315489064,152.89110476565173
540.827,4.5,361.977,2011.51,131.625,500000,100000,1,4.5,131.625,524.8927836267648,4.319039717673881,332.4763492578079,1868.000460174997,150.69530176161408,474922.4228543293,100474.58756118022,1.0130135117922228,4.535506118278804,132.24387681124284
540.827,5.0,361.93,2011.51,131.822,500000,100000,1,5.0,131.822,539.8078893775169,5.221367645735024,346.7557247248017,1894.2476323193584,137.00049300387712,510704.1931877865,102109.30352940992,1.0970530482130016,5.10140069741427,133.15668602799587
542.847,0.5,365.272,2011.51,117.773,500000,100000,1,0.5,117.773,549.1946484243783,0.4617467267814167,370.9257239951057,1860.4396442442128,124.14994325965569,512216.44490835327,114759.56901761248,0.9995328456624378,0.4602640200723647,117.57080861767034
542.847,1.0,363.423,2011.51,125.55,500000,100000,1,1.0,125.55,570.1633606922647,1.029972050765313,451.6282114094753,2079.399745740058,120.92522946942287,496763.4647367272,93057.45507227024,1.0266056125400047,1.037730467713345,104.73753657699068
542.847,1.5,362.761,2011.51,128.332,500000,100000,1,1.5,128.332,526.608292913435,1.6033767916066912,318.69157070983607,2284.7630953967955,125.90698265163287,478044.2330084563,97482.9994256344,1.0787709264560648,1.3884811305138882,124.14611934932832
542.847,2.0,362.421,2011.51,129.76,500000,100000,1,2.0,129.76,562.9599414491069,1.9159565237330287,340.70611386810856,1966.4414812110567,156.57753510527473,496288.2629322738,93999.5550789978,0.9529276938204826,1.993107217578874,124.5514602968421
542.847,2.5,362.215,2011.51,130.628,500000,100000,1,2.5,130.628,547.9517528811456,2.3879413202812247,353.91008441980745,1926.517404565984,131.14196788015516,451374.041712661,93897.11640812198,1.0426254622184543,2.2832224626803383,132.668466254007
542.847,3.0,362.076,2011.51,131.211,500000,100000,1,3.0,131.211,562.7193048305068,3.0752841584790933,368.4580897141673,1960.9718962374693,152.57139087107174,533144.2486001638,100926.4959887232,0.9296517103123422,3.054318144401146,115.5579595754826
542.847,3.5,361.976,2011.51,131.63,500000,100000,1,3.5,131.63,559.2331960744848,3.5136702461846063,421.23299925707954,2111.0447488921955,177.15399542126704,509406.2856537876,102934.1051157851,0.980306963439597,3.5455956044965307,111.7034844626768
542.847,4.0,361.901,2011.51,131.946,500000,100000,1,4.0,131.946,500.73462828198575,4.110926440128137,364.8674737137047,2100.3508558616804,158.42038638167492,521432.34923041984,95531.66968822163,1.0573490821153342,3.773662516349604,112.3697620862616
542.847,4.5,361.842,2011.51,132.192,500000,100000,1,4.5,132.192,558.3491154908321,4.471310704745441,318.987158886731,2123.162853290836,129.90917416509174,501655.55617464014,102567.72174498795,1.0506335915651823,4.1771730324283896,128.9881548213653
542.847,5.0,361.795,2011.51,132.39,500000,100000,1,5.0,132.39,571.7310936626864,4.978403753912126,396.3114745039748,2171.026499742646,140.85672767176413,480324.0712319307,104740.01890863232,0.9704949628926712,5.173840930966032,140.48403583757212
544.867,0.5,365.141,2011.51,118.325,500000,100000,1,0.5,118.325,613.1238214357547,0.4986412181399949,347.8159296538435,2266.383001716172,102.80291912240976,536300.8888782273,95942.37227949576,1.0654868471772885,0.5040894669170507,128.16125526335554
544.867,1.0,363.289,2011.51,126.109,500000,100000,1,1.0,126.109,560.7940877126296,1.0409087762735738,293.66133292627075,2051.3338575552675,149.63732032803566,495555.5707215449,102401.18534258557,1.0264226899992213,0.9166620039409538,118.82683255355153
544.867,1.5,362.627,2011.51,128.895,500000,100000,1,1.5,128.895,531.3825075024918,1.41931060786216,394.3656822260193,2108.2281234024167,119.74620326791728,522896.1466661898,105581.20573450284,0.9418783797843968,1.495629814599463,117.8076415773767
544.867,2.0,362.287,2011.51,130.323,500000,100000,1,2.0,130.323,582.5498522991976,1.8795185659062543,381.87567071137386,1796.3059884609954,85.28156690520316,484453.8539970847,102027.36462916694,0.991101448310255,2.026567929363136,145.3593827278806
544.867,2.5,362.08,2011.51,131.192,500000,100000,1,2.5,131.192,546.5229971779333,2.534807348680926,405.3362460258012,2060.5405408798683,115.55270624185064,466929.5899264236,94688.6900495389,0.9831330213988853,2.405230876470182,128.25575028078512
544.867,3.0,361.941,2011.51,131.776,500000,100000,1,3.0,131.776,549.8049647536461,3.04508803869587,306.15105333254223,1957.9846154234167,131.1646342579276,534100.5009823665,95912.91479914486,0.8857752266080692,2.9512705846155987,127.74952045410726
544.867,3.5,361.841,2011.51,132.196,500000,100000,1,3.5,132.196,578.3888537421417,3.497380176844583,391.8035415868604,2115.962383295598,135.4134366392328,494944.1070350517,100868.68189719846,0.9526514876845016,3.383042558385676,143.31254404458858
544.867,4.0,361.766,2011.51,132.511,500000,100000,1,4.0,132.511,517.9793735995303,3.714226769910068,400.1388403731862,1771.4175532464135,116.5022964850114,510387.9339991858,99798.63198541536,1.0901629780592952,3.885852995258386,137.21252458037372
544.867,4.5,361.708,2011.51,132.758,500000,100000,1,4.5,132.758,525.8075303082384,4.234608572255885,382.79949251894897,2121.436393597341,143.69340507909988,487355.3428495303,96503.097279944,0.9823054498608144,4.483169558041712,121.41445273059163
544.867,5.0,361.661,2011.51,132.955,500000,100000,1,5.0,132.955,554.277239445487,4.717527978024313,357.0434915762219,2047.3725056521496,133.17354187535423,504077.81671946606,101254.51246368334,0.9486995972189564,5.26480418914424,139.5497033744297
546.887,0.5,365.01,2011.51,118.875,500000,100000,1,0.5,118.875,536.3818020693254,0.4988828399639952,371.95364123190376,1937.4201266132447,128.58849800449636,489295.0530357001,95330.7311423729,0.9665357184957664,0.4822378450760149,126.56317235128634
546.887,1.0,363.157,2011.51,126.666,500000,100000,1,1.0,126.666,562.7938472949312,0.9339679170235096,367.1835322494573,2229.434885099421,112.49812838670078,477269.7042981448,96379.25761113816,0.9537410292319884,1.025270192638048,154.27605410966885
546.887,1.5,362.494,2011.51,129.455,500000,100000,1,1.5,129.455,539.1292239222398,1.2943882927891968,402.0471207701927,1898.7181968935129,99.36264846183664,504908.0958581832,98058.40063493278,0.9388117900554248,1.5849946641433434,143.00299575376027
546.887,2.0,362.153,2011.51,130.885,500000,100000,1,2.0,130.885,578.2369461389017,1.979727997056333,387.0812199142338,2417.9497076149,116.4041170869374,520736.08789964527,96124.19354691384,1.0710686176216042,1.9948970810974336,110.10032253819166
546.887,2.5,361.946,2011.51,131.755,500000,100000,1,2.5,131.755,553.7831043623812,2.4461125013092886,383.8450049076257,2113.847843477497,108.59626262486948,527930.2725041498,99940.79900349988,0.9732570879505632,2.35812589909069,152.32120484250638
546.887,3.0,361.807,2011.51,132.339,500000,100000,1,3.0,132.339,514.7792014550248,2.956289045797666,424.4429157391433,2021.0788325425333,146.40195687803177,570337.1106664056,100721.65171011769,0.9897719170505822,2.900463376131764,99.79880474963484
546.887,3.5,361.707,2011.51,132.759,500000,100000,1,3.5,132.759,520.034315161441,3.446118206118272,365.18684197766873,1641.3160060224857,137.8919696532724,494618.9123378326,96664.84277357555,1.0015596364773902,3.43729609555901,135.12793196306177
546.887,4.0,361.632,2011.51,133.075,500000,100000,1,4.0,133.075,559.0737726785155,3.8552989781875984,369.6602157404987,1840.2009653465832,166.85694939134413,490656.7117194842,95861.28360024677,1.0548156584906965,3.710443073450878,132.77612334825358
546.887,4.5,361.573,2011.51,133.322,500000,100000,1,4.5,133.322,602.5932007561826,4.415759899200246,272.603674290706,2363.762314825902,133.46070065329494,513816.3925214426,101967.7064357826,1.0063077046736244,4.594161415752417,137.00902845587862
546.887,5.0,361.526,2011.51,133.52,500000,100000,1,5.0,133.52,514.608075330644,4.737209098412452,348.22286850632275,2142.6297561398246,124.27894249616708,533037.595609092,98362.15078164345,1.043395293516841,4.951193783504494,154.01531641136228
548.908,0.5,364.879,2011.51,119.423,500000,100000,1,0.5,119.423,592.6017601513801,0.4601293536274795,329.3544146992491,1914.552820657044,117.40060104719394,510695.0181991815,91452.09807997086,1.0413099134037993,0.5186660425938636,117.57349759414316
548.908,1.0,363.025,2011.51,127.222,500000,100000,1,1.0,127.222,536.4837377980965,1.0388460927380097,354.6496177654184,1946.232614194412,126.12698825036615,487687.1407887413,97858.36462305696,1.026313361514992,1.0082695586685015,130.50424239588057
548.908,1.5,362.361,2011.51,130.014,500000,100000,1,1.5,130.014,556.524533753357,1.4538459517678115,359.47329804859885,2139.4044268792964,141.57665066210146,522142.2936786605,96885.35990332488,1.0774507878307895,1.3672870626070988,138.98775448615228
548.908,2.0,362.02,2011.51,131.445,500000,100000,1,2.0,131.445,497.2986943189711,2.024846242113129,367.4545706543603,1998.9933662774413,151.03952271444402,488263.9355203609,95010.81477559132,0.9541408830101584,1.985467581182713,111.22022942976687
548.908,2.5,361.813,2011.51,132.316,500000,100000,1,2.5,132.316,605.2052928568078,2.6733475821606514,393.0116182053135,2110.2552892302083,124.45567768237652,463002.1902675617,105221.38716252762,0.9946946702150627,2.388518198100075,119.29014018381731
548.908,3.0,361.674,2011.51,132.901,500000,100000,1,3.0,132.901,583.7432296175264,2.751894674960895,382.8085127161683,2031.2593924989053,120.27845127594212,477248.3239176009,96584.8213094022,1.0326034358157274,3.0783277422431228,143.0740284338113
548.908,3.5,361.574,2011.51,133.321,500000,100000,1,3.5,133.321,576.7823135273819,3.4133904221725264,388.6029209910057,1920.7921326496853,118.93909654680466,471620.899511588,97903.33797402163,1.023808322513789,3.478928783097236,128.5091813930427
548.908,4.0,361.498,2011.51,133.637,500000,100000,1,4.0,133.637,580.2563387807013,4.19374892423345,383.6097303838624,2327.9389725979136,131.85427804743642,469212.8186788344,93856.93990964208,0.9659398516366668,4.217993703012356,128.30990747459364
548.908,4.5,361.44,2011.51,133.884,500000,100000,1,4.5,133.884,567.5514906069436,4.783285125914379,368.7278208872222,2182.626606048649,172.8258882245889,473111.1294753087,100692.53091312018,1.1085766020979864,4.708919172891619,130.6457177595122
548.908,5.0,361.393,2011.51,134.082,500000,100000,1,5.0,134.082,581.5052689130335,5.335698828855426,382.1240851333009,2289.2900949901014,137.11003609632658,521319.69170005136,107398.2518122502,1.0404425323972937,4.891944441741838,135.33770242094388
550.928,0.5,364.749,2011.51,119.97,500000,100000,1,0.5,119.97,528.4526295809839,0.4929176760145572,320.6877284868448,2110.481742443453,114.68292403573436,506528.438173787,107823.86396727532,1.0454462528196955,0.4805058562712094,105.56736464911134
550.928,1.0,362.893,2011.51,127.777,500000,100000,1,1.0,127.777,560.0399030484249,1.0097314288958703,438.8413127752145,1840.224483084412,168.64944736607873,527499.5108415944,99843.47193455328,1.0151031632642509,1.0770189393871097,109.73655393651174
550.928,1.5,362.228,2011.51,130.571,500000,100000,1,1.5,130.571,558.2323114815466,1.6613373031069327,298.6653306601579,1890.06488275291,125.18132755160048,478709.0747965174,106067.3953463731,0.9668028953888664,1.3900019596565696,165.90946044692114
550.928,2.0,361.887,2011.51,132.003,500000,100000,1,2.0,132.003,576.9207217843251,1.950167702705759,361.8484993677115,1716.6049114645512,139.81219319911605,471230.3234059938,105040.95206476524,0.966908142379662,2.1032108291773515,114.358776589848
550.928,2.5,361.68,2011.51,132.875,500000,100000,1,2.5,132.875,562.9165108428767,2.570808185513692,385.0012283646994,2232.0547149170666,80.97927276900424,465737.99968079175,97749.10299830456,0.9691030212515124,2.568054790648851,135.3749184755956
550.928,3.0,361.541,2011.51,133.46,500000,100000,1,3.0,133.46,532.6602029345481,3.307147785584528,361.7444465411269,2241.7339331157323,131.44037670958454,483562.74989224767,94306.1082643873,0.9741821132512778,2.62925192601063,108.6401744187793
550.928,3.5,361.44,2011.51,133.881,500000,100000,1,3.5,133.881,558.5854154912465,3.6677082250699,290.6532278328618,1858.321980212364,105.93810463038572,536090.4748152317,104792.84280864496,1.001200009337377,3.228894859827528,139.9054780707285
550.928,4.0,361.365,2011.51,134.198,500000,100000,1,4.0,134.198,517.200127043793,3.773398686843721,329.45522063865826,1665.5928765431715,120.37250589608664,544435.0313092128,101513.94307379988,1.042515760127476,3.908641633683421,145.0581293804464
550.928,4.5,361.306,2011.51,134.445,500000,100000,1,4.5,134.445,549.0469608064417,4.423439322460312,381.3239989017828,2245.8456403494883,145.313355421595,505716.2827903902,104535.86600996232,1.1802795341831889,4.591352738292148,118.30713401163996
550.928,5.0,361.259,2011.51,134.643,500000,100000,1,5.0,134.643,568.098836351309,4.929577919802718,375.0196744332532,1901.5960552620647,112.56492285885668,467612.2301486372,99004.06650810664,0.899562455860469,4.855803972236815,151.80403148251133
552.948,0.5,364.62,2011.51,120.515,500000,100000,1,0.5,120.515,549.7251053560663,0.4931291905485693,370.7908129616531,2076.559062909141,132.07729773134176,496132.1725119688,109502.93528710055,0.9862119181850052,0.4881020425291381,118.691382631868
552.948,1.0,362.761,2011.51,128.329,500000,100000,1,1.0,128.329,530.2680509036862,0.8809004363431671,404.17481778205325,1680.0217313221851,141.5998353731692,434552.633930073,98378.01120534688,1.098059087091087,0.9761649739604896,123.13422542732526
552.948,1.5,362.096,2011.51,131.126,500000,100000,1,1.5,131.126,522.874577273027,1.3945742394221998,327.73820213831914,2107.537461941036,161.39754023222747,527158.5247547084,96512.21783641756,1.0338295150021004,1.3666669419775377,156.5260936019949
552.948,2.0,361.755,2011.51,132.56,500000,100000,1,2.0,132.56,525.6694431969004,2.007069702166484,396.255981520069,1995.2700094371053,130.79427290928814,463943.8729627852,98616.36942171254,0.9730010576691432,1.958153792542744,134.5615472108885
552.948,2.5,361.547,2011.51,133.432,500000,100000,1,2.5,133.432,525.6322908895455,2.5005661613814447,342.88593709181305,2159.709197630664,179.4867274816834,472293.3120132014,109021.08262211364,1.0000863429620277,2.417362859348928,142.175946387007
552.948,3.0,361.408,2011.51,134.018,500000,100000,1,3.0,134.018,581.9991771183987,2.9357367404999946,394.7781357426812,1820.4903485090624,126.44467135205504,538784.7551489257,101237.26979257943,1.0865994626776023,2.9092446864520123,136.5178871394885
552.948,3.5,361.308,2011.51,134.439,500000,100000,1,3.5,134.439,542.9033675792786,3.6372297804017832,396.92932800584254,1834.552899077181,139.0384699419068,483819.1022607418,106822.510133659,0.930391443028196,3.554660468730683,150.86942572859653
552.948,4.0,361.232,2011.51,134.756,500000,100000,1,4.0,134.756,551.5314623607072,4.270391461079692,389.1648501291485,1954.2062690214464,154.71859585705403,528908.8871511816,99663.99947904528,0.9853810476404848,4.6983333971118135,136.82170294824553
552.948,4.5,361.173,2011.51,135.004,500000,100000,1,4.5,135.004,595.0969363131838,4.721674538882048,362.7736711721326,1898.0518618227352,106.63865123013338,433619.7358754501,100329.61425715587,0.9914286642721704,4.27097496401548,128.17178154880634
552.948,5.0,361.126,2011.51,135.202,500000,100000,1,5.0,135.202,575.0985927016868,4.977313310665219,315.8340597495031,1967.51617231582,100.34981628308952,503506.2079370932,93620.43877552424,1.027641893414453,5.092902177728286,129.06520102659562
554.968,0.5,364.49,2011.51,121.059,500000,100000,1,0.5,121.059,576.2066851859208,0.5066276773628061,386.1697994555198,2086.7365630859163,164.89896532645554,492707.0561486648,102367.59982721784,0.945264344387958,0.5342043430923216,137.4757162205756
554.968,1.0,362.63,2011.51,128.88,500000,100000,1,1.0,128.88,518.9415324956914,0.986891803993743,388.9645588421337,2273.3147572301605,149.45453112662514,478838.162088202,100529.63985169493,0.9716201868950056,0.9866808770988984,122.7531197381085
554.968,1.5,361.964,2011.51,131.68,500000,100000,1,1.5,131.68,526.2316444112299,1.4857666275324015,289.112399264726,2037.1148090060888,124.99887965124852,539458.3882404135,101423.90716313498,0.974759163731308,1.540447023946799,132.44424185373924
554.968,2.0,361.623,2011.51,133.115,500000,100000,1,2.0,133.115,522.2310828476564,1.7681757019647502,379.3245400180999,1753.3805305033004,141.38014825741777,540111.6830297634,101446.72629853066,0.973365115877476,1.9537777244977408,126.71289356126374
554.968,2.5,361.415,2011.51,133.988,500000,100000,1,2.5,133.988,546.6011277344738,2.512304702990573,333.34080568016867,1807.908260472812,166.19161185746282,495243.2003837513,105950.9673104736,0.9713501480632092,2.4583450997654217,133.00120702561875
554.968,3.0,361.275,2011.51,134.575,500000,100000,1,3.0,134.575,535.8139389696407,3.3075594976667264,443.1481624176283,1691.1292071451817,115.30867019773726,514710.8713061674,97695.32025191707,0.9277808676025708,3.0156473292587984,133.72796197336663
554.968,3.5,361.175,2011.51,134.996,500000,100000,1,3.5,134.996,530.0891857839055,3.336305479503099,308.5099859706414,2103.1744550983185,120.88446908556838,510933.06844142015,96182.22421417476,1.000736910227107,3.38276971017672,138.92257076581137
554.968,4.0,361.1,2011.51,135.313,500000,100000,1,4.0,135.313,522.9287445152165,4.225186066126812,341.50758385646793,2059.048621256836,96.65635246129432,530063.5867156222,96574.07381900512,1.030161827949451,3.787791452343752,156.39270620408004
554.968,4.5,361.041,2011.51,135.561,500000,100000,1,4.5,135.561,551.3298701297584,4.111878277320465,308.85691598090585,1855.3357214963269,161.53502401544918,506544.1439878189,97554.91137831748,1.0294749589122998,4.33365284732241,122.18750890988926
554.968,5.0,360.993,2011.51,135.759,500000,100000,1,5.0,135.759,541.0973785861405,5.021298982492697,352.21209351932947,2311.0273912688467,133.08885623140293,495670.9340436282,92266.23243326116,1.0548436962391408,4.7326505669174965,125.21677029436724
556.988,0.5,364.362,2011.51,121.601,500000,100000,1,0.5,121.601,547.4887664956156,0.5204421578263638,338.18087651787147,2048.946505591588,129.25614163420397,463916.9324864712,108396.58825472296,0.9554096089853804,0.523611878009401,114.50224373877674
556.988,1.0,362.5,2011.51,129.429,500000,100000,1,1.0,129.429,572.0271717673085,1.0440240650457058,389.7790552895806,1853.0524367842968,145.41412679929,516182.9241797553,99678.79066785454,0.9504616084184891,0.9897806474348504,126.38500312400782
556.988,1.5,361.833,2011.51,132.232,500000,100000,1,1.5,132.232,575.9711041486305,1.4072058762844029,364.4673660024744,2352.2480676371606,128.4571290723324,435468.9257588711,107749.28629043423,0.9387934801836908,1.537937188642304,155.49120573352005
556.988,2.0,361.491,2011.51,133.669,500000,100000,1,2.0,133.669,564.6162594220419,1.806916639927592,364.3628688381216,2159.7161206097167,131.28135292715683,514426.6535965023,95688.67741790703,1.0311890717397094,1.969775325882576,146.67997310083223
556.988,2.5,361.283,2011.51,134.542,500000,100000,1,2.5,134.542,545.0395700629682,2.63282150071667,292.9351013866451,2216.2800282911626,136.47634803498653,482041.0006030945,94172.91272737518,0.9123840009197391,2.392368805155787,135.44423954251988
556.988,3.0,361.143,2011.51,135.129,500000,100000,1,3.0,135.129,544.097730156626,3.3106756953799668,401.7268285315372,2175.61859568122,145.6681565599808,461269.1864132464,94995.99781683084,1.068154152579475,3.0200057133410416,128.5244138203012
556.988,3.5,361.043,2011.51,135.551,500000,100000,1,3.5,135.551,522.0642215434573,3.4499911746936376,329.5960399416725,2036.518502112625,127.1554588603618,492063.6944529498,94996.8263163655,0.9757583388043036,3.9624220168245934,120.2152958435172
556.988,4.0,360.967,2011.51,135.869,500000,100000,1,4.0,135.869,542.1316694566087,4.240791793002047,316.50598340867464,2159.32368622567,121.7474100383026,534422.4565753295,107265.24436445165,1.0293147457170435,3.90099984148036,141.41085069031644
556.988,4.5,360.908,2011.51,136.117,500000,100000,1,4.5,136.117,554.5037416812658,4.384155450959149,344.49629023259524,2092.8981081537304,127.0382580084634,544745.4394739377,98616.06678260674,0.9964244150089732,4.43743567450077,128.19627924960025
556.988,5.0,360.861,2011.51,136.315,500000,100000,1,5.0,136.315,544.2267635690241,5.181023550626524,312.4856236717761,2036.8910641474783,130.4820840354753,468323.3293596586,95393.68478523358,0.9577799123286684,4.961439812798719,150.95980208448074
559.009,0.5,364.233,2011.51,122.142,500000,100000,1,0.5,122.142,605.5239168176347,0.4882292405874054,329.0726972410514,1833.1157588702545,133.185270199045,430863.7902611831,102996.39460645543,1.0517838733380185,0.4968345152319242,136.58746594097934
559.009,1.0,362.369,2011.51,129.977,500000,100000,1,1.0,129.977,533.1752822266866,1.017353313610014,414.88857982089576,1970.4198773184555,117.28488510046428,483804.0361146271,106559.82336414453,1.0705042108413594,0.9631602075156972,142.4013700491617
559.009,1.5,361.702,2011.51,132.782,500000,100000,1,1.5,132.782,585.2532756623943,1.541300949196878,318.2019717203726,1988.208544063723,145.1573303685481,524875.9308779382,94775.6016188759,1.054435607665119,1.552884012992454,140.68526474381812
559.009,2.0,361.36,2011.51,134.22,500000,100000,1,2.0,134.22,555.3026563413429,2.102847900919011,315.1996788764693,2076.3235342725525,128.71024753952952,520997.8485830979,97430.68744042255,1.0150100935595885,2.2707619582695595,143.9816119321086
559.009,2.5,361.166,2011.51,135.033,500000,100000,1,2.5,135.033,550.6324319266026,2.538307040081196,336.260088489126,2007.7202546794315,158.38003445307584,452567.0746726509,102949.99149898898,0.9463911976845956,2.509451415092116,131.2808527019643
559.009,3.0,361.027,2011.51,135.62,500000,100000,1,3.0,135.62,545.7215729035945,2.867311657978576,401.8098206830755,1798.6828881410515,152.6018532810779,514768.25428029866,102804.28759342936,1.0260104548663451,3.1325451639130475,135.16120387400505
559.009,3.5,360.926,2011.51,136.042,500000,100000,1,3.5,136.042,552.1075216334224,3.444045462503187,464.2258325653245,1972.0197234059729,146.8152914047129,486948.1771839592,109153.93239811984,0.9150255010898122,3.4825789604964656,126.28384311464455
559.009,4.0,360.851,2011.51,136.359,500000,100000,1,4.0,136.359,570.1231471115228,3.8272863280580216,381.8408685706853,2212.719492499287,135.6243035237871,511367.31327637605,105024.05672156136,0.9881750181279044,3.849836982128319,125.81103542726112
559.009,4.5,360.792,2011.51,136.606,500000,100000,1,4.5,136.606,559.5713946262933,4.686776474511426,342.89406248359563,1535.379008556824,148.92371799456643,521641.57763928594,104437.84916444766,0.9856860641452933,4.512838510087707,122.037298743907
559.009,5.0,360.745,2011.51,136.805,500000,100000,1,5.0,136.805,529.2966578074158,4.832271405578807,387.2791134824917,2254.3572511415523,158.79801064936422,498914.5044313113,101352.30256922964,0.969694955505489,5.3759012695857145,125.80883185724764
561.029,0.5,364.105,2011.51,122.681,500000,100000,1,0.5,122.681,572.845599780981,0.5353977660123169,374.2783684629451,2137.2881998298094,106.11963342449468,500482.152239968,99756.211299343,0.9919730795809254,0.459749643754515,138.22889150466656
561.029,1.0,362.239,2011.51,130.523,500000,100000,1,1.0,130.523,534.2948330939441,0.96098696372606,359.58807332532496,2308.416219901047,145.62196701644552,458482.6989651488,103496.26201135728,0.9642112429322078,1.0471762449329765,108.69190911231318
561.029,1.5,361.571,2011.51,133.331,500000,100000,1,1.5,133.331,563.7431157568401,1.654516055446851,422.7757363841384,2098.8018858296164,149.82711460259958,474305.9577864895,100054.56758585444,0.9191807376087784,1.4731857457953972,130.60275638135113
561.029,2.0,361.244,2011.51,134.708,500000,100000,1,2.0,134.708,585.4815214947959,1.934424873936086,361.50716525124,2209.6597369589376,128.06929759738333,472129.61276137456,96893.85920743596,1.0117372503708144,1.9474904728643392,136.52129741538133
561.029,2.5,361.036,2011.51,135.582,500000,100000,1,2.5,135.582,561.9003741524583,2.625392125413196,334.258176541707,2204.608190021527,122.91325723211207,531758.6744051991,92568.37999168842,1.0736288480637033,2.577987996315752,143.90171466164128
561.029,3.0,360.896,2011.51,136.169,500000,100000,1,3.0,136.169,574.5647702343634,3.0364832359878338,300.2582579660788,1777.5147202955256,106.51212534171437,478812.1825766628,103481.69094034942,0.9798370062004508,3.069786067667565,142.84121508126128
561.029,3.5,360.796,2011.51,136.591,500000,100000,1,3.5,136.591,551.9662569580826,3.714618240186336,421.9265845155313,1978.158595573496,172.5959173656548,471054.9958138,106936.1715817297,1.0156523719758512,3.356928352005512,139.66159984299625
561.029,4.0,360.72,2011.51,136.908,500000,100000,1,4.0,136.908,595.3023930303897,3.996795001917276,348.1739721011119,1940.4579434944087,141.08379122830084,494717.6626171885,96879.35417064304,1.0506032641477998,3.956921845434544,138.37591020041995
561.029,4.5,360.661,2011.51,137.156,500000,100000,1,4.5,137.156,589.8420759258049,4.20499264009793,401.44003032690057,2211.5490399422683,132.82085010358955,493543.5784461422,107704.72926613124,1.0840476430152843,4.076175557122835,148.22084046729378
561.029,5.0,360.614,2011.51,137.355,500000,100000,1,5.0,137.355,578.9792058074038,4.980457515966052,246.6928635083396,1923.6228387441136,149.0777021144153,519161.44811862224,110034.36603530942,1.0469860477107096,4.974531038884486,134.29787401777492
563.049,0.5,363.99,2011.51,123.163,500000,100000,1,0.5,123.163,583.1846621661687,0.5181886843447655,408.9106174010842,2025.683017120669,109.17691006482605,491900.0235228685,101361.91058591296,0.99860340711506,0.494095702849955,124.6460634070286
563.049,1.0,362.11,2011.51,131.068,500000,100000,1,1.0,131.068,537.5055344036002,0.9795417465393028,315.0473399415652,2331.8811826715846,113.57816714810464,518548.69402471033,105594.46277292554,0.9982698081556592,1.074311047485388,129.33152311866246
563.049,1.5,361.456,2011.51,133.815,500000,100000,1,1.5,133.815,571.2742683276654,1.497982511063296,372.0842915201957,1774.645432055823,153.1105477432041,545065.890994002,98584.7539422304,1.0235648031815965,1.6028291984519736,121.91986668284412
563.049,2.0,361.114,2011.51,135.254,500000,100000,1,2.0,135.254,545.119366903727,1.9654296094372925,367.9633049936165,1951.602737786,90.4174299111833,466913.284830219,101495.13215839105,1.0965269433890692,2.0053815595509112,133.841880197414
563.049,2.5,360.906,2011.51,136.128,500000,100000,1,2.5,136.128,603.4245973117867,2.442146184571204,340.07446288025824,1936.926187955664,163.3040503951711,493201.6076556035,105691.22816566507,1.0329654011848972,2.6283537899536045,132.9547787253537
563.049,3.0,360.766,2011.51,136.716,500000,100000,1,3.0,136.716,542.4329735410041,2.9513287263755363,421.2949068751196,2188.253361925431,132.9229974304946,487699.9570732821,87562.8838238491,1.041636277730366,2.9409668795682533,128.95632044236822
563.049,3.5,360.665,2011.51,137.138,500000,100000,1,3.5,137.138,603.4092984905649,3.662141032260628,333.08105803328084,1917.17757871108,158.84536021500531,472738.01774481486,88276.15757719486,1.04380482620113,3.3955278349694,133.17968906715797
563.049,4.0,360.59,2011.51,137.456,500000,100000,1,4.0,137.456,607.8337975916891,3.908601192288708,367.10318461897776,1980.4271960492968,116.48972684075636,533070.9591933686,97795.48157448266,0.9685379970276822,3.588806344332032,145.59479500521476
563.049,4.5,360.531,2011.51,137.704,500000,100000,1,4.5,137.704,549.5297871538094,4.258127347395659,355.2862978744904,2028.5072139850893,132.58646338431322,477532.68572878384,101195.33698494193,0.9427077568268872,4.552760717476708,135.60741814243704
563.049,5.0,360.483,2011.51,137.903,500000,100000,1,5.0,137.903,609.9268376674447,5.392421420244439,426.02263801395287,1438.4940567912822,151.10200733696735,487578.0851715231,99847.58283169572,0.955056996899022,4.78954252628927,147.50873130282247
565.069,0.5,363.863,2011.51,123.696,500000,100000,1,0.5,123.696,557.5037003049835,0.5083155196195259,371.729769311122,2106.8265961521,112.26215423574448,505185.04519346514,99856.05049963693,1.0148259703637508,0.505041790425406,142.82100456195272
565.069,1.0,361.995,2011.51,131.55,500000,100000,1,1.0,131.55,536.2560940085265,0.9401073127337044,334.19142967750537,1880.066154516036,132.59002378884944,521331.2741344453,94435.843149065,0.9945941112131912,0.9984166167789974,152.70965528883164
565.069,1.5,361.327,2011.51,134.358,500000,100000,1,1.5,134.358,592.0160176995532,1.4782887548109114,321.5995703360141,2080.943686183789,113.70033839893036,514049.1980743011,99418.24690732236,1.1272317122423456,1.5621436040509085,122.16579564179578
565.069,2.0,360.984,2011.51,135.798,500000,100000,1,2.0,135.798,548.2024806582972,1.970630747429437,313.1757076865645,1834.193389095756,128.79356384522598,462712.374608072,99108.084840365,0.9877497350594576,2.111261368997593,137.61198070420926
565.069,2.5,360.776,2011.51,136.673,500000,100000,1,2.5,136.673,604.8673604270996,2.5935150040314845,376.3172984191864,2055.048834133115,113.50471917434793,495879.62090556585,100864.4220586829,1.0659270732152637,2.4919704608947506,169.70337015485086
565.069,3.0,360.636,2011.51,137.261,500000,100000,1,3.0,137.261,621.8152917921209,2.767443469360314,367.2442614552568,1862.6499559385888,145.13959125773076,508226.1016242219,106407.14415824208,1.075511498516831,2.962488441758256,127.47030639435444
565.069,3.5,360.535,2011.51,137.684,500000,100000,1,3.5,137.684,537.1986526807243,3.3911910046719544,356.20056049255385,1899.6956353272944,153.5747968629752,504188.3386374925,102594.47528716575,0.9182767611331212,3.5846466361816582,133.22241628178242
565.069,4.0,360.46,2011.51,138.002,500000,100000,1,4.0,138.002,586.349214585271,4.141178839220911,388.2039580476176,1922.9653043158776,136.00080164465896,477816.3417224202,113023.27453357769,1.0035321636931942,3.98598072929605,131.1899527125067
565.069,4.5,360.401,2011.51,138.25,500000,100000,1,4.5,138.25,506.8906122320232,5.0126663960901,363.5857584757238,1928.1171735921373,163.20898465575738,445941.77161047794,104802.45319839544,1.0261648635487894,4.643286361645953,120.2650111660058
565.069,5.0,360.353,2011.51,138.449,500000,100000,1,5.0,138.449,555.9098852654313,5.1367421182818,328.7756617528865,1926.195243447804,149.2624275769204,495597.1101574528,106334.10878968722,1.0617993494319518,4.828457611821543,137.62948579518996
567.089,0.5,363.737,2011.51,124.228,500000,100000,1,0.5,124.228,504.78006762134805,0.4933879912807844,336.737977695429,1953.7588398826908,125.49720318190404,512480.9995725704,99765.05925049758,1.0966503321742709,0.4835456671991121,116.741576454144
567.089,1.0,361.867,2011.51,132.089,500000,100000,1,1.0,132.089,585.1146760076323,1.0121129078310145,365.95170995666695,1930.58447025849,119.25089328821532,463645.6638969288,109043.9501801946,1.1072214564554803,1.0054435689832235,158.23296550974612
567.089,1.5,361.198,2011.51,134.9,500000,100000,1,1.5,134.9,572.2543479549314,1.5487733398122256,398.2434160291792,1798.1002556452706,128.78473081319996,504663.35151500936,105569.888523273,1.0057984692300386,1.4274514622936811,143.633895921874
567.089,2.0,360.855,2011.51,136.34,500000,100000,1,2.0,136.34,547.465871927722,2.0284511982521645,363.8866708907467,1941.8013346307416,125.91721453653984,475555.2439807738,100633.80092383453,1.021159352234625,2.1263549473563463,141.80489742614176
567.089,2.5,360.647,2011.51,137.216,500000,100000,1,2.5,137.216,560.9409882458287,2.696024961315936,424.7082242044905,2332.219358870468,140.4831746991009,508781.6817154456,97763.44447304928,0.9782905111448584,2.3981866332494324,119.7902721043002
567.089,3.0,360.507,2011.51,137.805,500000,100000,1,3.0,137.805,604.0904993111735,2.9820818398115496,375.85163843792895,1973.5258704202456,170.7859116337844,501884.7122826803,97904.42311540466,0.9745930997679302,3.068970965841753,121.80744556256828
567.089,3.5,360.406,2011.51,138.228,500000,100000,1,3.5,138.228,563.8682715117377,3.775613504913085,395.8388510133167,1970.9059566047888,132.75303230744436,506777.87594607007,105887.86587696144,1.0456044242449989,3.229841048034789,130.05909582019854
567.089,4.0,360.33,2011.51,138.546,500000,100000,1,4.0,138.546,612.1567334026861,4.117845656977328,385.4303709301535,2161.097371315316,118.81812341921184,499128.2565557987,101917.72882198228,1.014797605010197,3.83500817631735,126.1030920703754
567.089,4.5,360.271,2011.51,138.795,500000,100000,1,4.5,138.795,566.5748134991624,4.579540646500896,270.5364380490625,2054.243462849213,144.25982932319164,528777.642570203,101677.76142210534,1.014295120362496,4.507526616815199,141.32383791922123
567.089,5.0,360.224,2011.51,138.994,500000,100000,1,5.0,138.994,524.8611637881431,4.97014420981604,341.56437220599054,2076.4613936216087,151.11576261604304,507013.6650554354,100995.6579581646,1.0164636473210855,5.446806508216314,139.9321153834976
569.11,0.5,363.611,2011.51,124.759,500000,100000,1,0.5,124.759,562.1100796494194,0.5008806326586953,373.9887084953668,2178.5050151764744,87.20101295898326,506664.6977732758,100092.2571228092,1.0057124349000903,0.5187667929650331,107.36953039652352
569.11,1.0,361.739,2011.51,132.626,500000,100000,1,1.0,132.626,588.4019745068462,1.0984429425602438,290.604361830476,2021.830780152664,139.1353306306938,511899.8040723583,96151.89123714934,0.9846928825481924,0.968169949799192,108.6424684436584
569.11,1.5,361.07,2011.51,135.439,500000,100000,1,1.5,135.439,572.043142332771,1.5202537210083895,314.16379221594605,1876.028486780071,144.71265249814695,483489.4873396327,98139.26187725096,1.0789793959111096,1.5497409198530367,157.98157137540187
569.11,2.0,360.726,2011.51,136.882,500000,100000,1,2.0,136.882,533.6786177857678,1.940851174292908,335.1552691210624,2236.1685880893983,150.0814510843009,457517.2087535604,88690.28058215434,0.9909278088097312,2.090192572296298,154.81216575334406
569.11,2.5,360.518,2011.51,137.758,500000,100000,1,2.5,137.758,585.3999602578983,2.484860075234669,363.1235168568493,2005.3735535790247,157.51365739398022,509863.1157551805,99756.45969419269,0.9616823370581749,2.53437055831219,149.3253519985901
569.11,3.0,360.377,2011.51,138.347,500000,100000,1,3.0,138.347,598.8947336268462,2.9097521356666314,369.84588946347225,2140.6186658683337,99.36648759678374,483960.1843792985,100783.84579338004,1.015628757356868,3.193193553013084,133.54285550024764
569.11,3.5,360.277,2011.51,138.77,500000,100000,1,3.5,138.77,595.6608767990936,3.622308163512809,408.07951555228334,1752.266890096087,158.6357209333702,480501.8342379794,101794.95394141752,0.9489131002164186,3.55664003783636,169.68651942431995
569.11,4.0,360.201,2011.51,139.089,500000,100000,1,4.0,139.089,573.8296015370696,4.067514746687802,356.72728563001743,2125.2842329428195,151.9984336790197,510193.0619198526,98587.97011736948,0.9765220853452086,4.136431112857014,125.62421532344815
569.11,4.5,360.142,2011.51,139.338,500000,100000,1,4.5,139.338,524.5778853751674,3.9674319845610686,295.3513997748508,2040.2148664127144,136.7633811718656,526016.9977080292,98527.44198248471,1.016825802143902,4.817726909801687,149.99594242459597
569.11,5.0,360.094,2011.51,139.537,500000,100000,1,5.0,139.537,535.4447101208103,4.992151015733494,352.7462658293301,1903.813009706432,147.48374351756323,521277.2471348384,100921.84166607972,0.9958246701461724,4.864641674119509,130.5109501050165
571.13,0.5,363.485,2011.51,125.288,500000,100000,1,0.5,125.288,597.7963574322107,0.5477194068344434,394.5414048481284,1786.2140293060406,117.66395813244044,499633.8308967387,101156.53767674656,1.0212221559904564,0.4954656691551444,126.5477217831804
571.13,1.0,361.611,2011.51,133.162,500000,100000,1,1.0,133.162,551.0845564112353,1.119614919183488,277.33164490434206,2121.8321701689783,125.27840047369811,489387.45140789135,101731.31453876582,1.0274818063734483,0.9258370688845444,108.72801692649234
571.13,1.5,360.942,2011.51,135.978,500000,100000,1,1.5,135.978,548.0989077787309,1.5615900862313867,385.7139838362274,2116.5681589577925,146.54580731134917,505539.2285061507,95660.7827971892,1.0313478921466646,1.579700480185939,139.62385348125568
571.13,2.0,360.598,2011.51,137.421,500000,100000,1,2.0,137.421,561.0250265282277,1.9752814634645584,333.496028371657,2111.1259701924646,125.02502089547666,511849.4943453368,100140.81948725918,1.0364672060784834,2.052056499223823,151.83443463476056
571.13,2.5,360.389,2011.51,138.298,500000,100000,1,2.5,138.298,558.8222570084229,2.417126254841119,345.8926966922971,2274.3005147706403,115.14784260241548,500378.6520544305,100375.75842909224,1.0309978691528636,2.511020152893697,140.90206348814522
571.13,3.0,360.249,2011.51,138.888,500000,100000,1,3.0,138.888,588.0259686610619,3.060045913973223,384.2508972866633,1847.74256827174,168.9598135919192,491479.902546878,103974.8840133878,0.9467164456359708,2.880735256543782,140.44585566978782
571.13,3.5,360.148,2011.51,139.311,500000,100000,1,3.5,139.311,580.3133289271547,3.479491919038706,297.4740877233866,2288.51854886762,123.43649064904046,535489.774594264,100001.9119481338,0.9954591318445116,3.5862302669394235,150.4416506664212
571.13,4.0,360.072,2011.51,139.63,500000,100000,1,4.0,139.63,532.2693159421452,4.162864570281555,420.567216000096,2118.4483258480336,97.59999811312206,502587.6143311307,107390.06006280078,0.9777675799280264,3.8752315739830703,137.28602426629536
571.13,4.5,360.013,2011.51,139.879,500000,100000,1,4.5,139.879,578.4398113817076,4.451088105131286,334.9337986932298,2250.213372731883,114.49448624228364,523256.0004679887,96858.82006234444,0.8429610767369613,4.154282621570825,128.87463245324128
571.13,5.0,359.965,2011.51,140.078,500000,100000,1,5.0,140.078,598.1621057218381,5.148957966127637,351.8560213573376,2078.683566460366,150.3692411775479,477835.1044231153,100731.39126685153,1.0180314614415291,4.823666402051692,162.5739553016548
573.15,0.5,363.359,2011.51,125.816,500000,100000,1,0.5,125.816,599.9348672754993,0.5030310932955094,361.4115375080572,2061.17227549421,127.19911445163255,490465.3784155229,97009.95981804428,0.951787883676954,0.4758571866330225,106.57581556840282
573.15,1.0,361.484,2011.51,133.696,500000,100000,1,1.0,133.696,600.8885098217327,0.9081755580714788,351.551674306442,1830.718052018516,139.03519305401625,485819.38644726505,100788.21596689206,0.9133697055774632,0.945395326989759,138.2082078909117
573.15,1.5,360.814,2011.51,136.514,500000,100000,1,1.5,136.514,523.8897516907751,1.3661230620697724,341.4746318624354,2197.277494352072,171.68439559186052,467780.3017154468,94306.87452008486,0.9593208624978484,1.4658156760320482,114.52918790521429
573.15,2.0,360.47,2011.51,137.959,500000,100000,1,2.0,137.959,552.4493292522448,2.057160871080712,325.27249552675386,1813.187942672395,171.7592793933719,504660.26862314617,100828.3000256634,0.9816121179733478,2.00409127534123,138.40450047567882
573.15,2.5,360.261,2011.51,138.837,500000,100000,1,2.5,138.837,567.619636453398,2.7176072596268046,377.85510652693455,2272.6586239554854,155.36711477633705,523079.7241724957,104807.1439963833,1.0122663498448197,2.604577727784472,161.616208422092
573.15,3.0,360.12,2011.51,139.427,500000,100000,1,3.0,139.427,593.1257384260995,2.8557715969006177,328.2083287322963,2190.443971851604,120.61017827203958,519691.2821748336,92688.2138443108,1.097286467283921,2.9899024021363805,117.2650736836248
573.15,3.5,360.02,2011.51,139.851,500000,100000,1,3.5,139.851,559.204366724466,3.6124010988805777,339.43157806715493,2391.053139239112,152.20236534947873,503449.0905259647,97558.36821319078,1.1001370305539349,3.4730331418882106,159.41548965969042
573.15,4.0,359.944,2011.51,140.17,500000,100000,1,4.0,140.17,547.3318530450343,3.793394230993011,311.6738353354149,2081.322375095637,136.11775843741026,492066.5063582307,93877.70684596786,0.9492376153134536,3.971158659913748,146.51105653873176
573.15,4.5,359.884,2011.51,140.419,500000,100000,1,4.5,140.419,545.0385191706143,4.958231030251218,397.466390941342,2556.7282656599764,184.99175107181145,493519.8422150549,101399.3372786649,0.99473756377225,4.589074158633171,150.80973764380568
573.15,5.0,359.837,2011.51,140.618,500000,100000,1,5.0,140.618,591.6165621072704,4.595020049202891,351.6008992926473,2083.114604065432,172.59054784559126,499840.0603509827,92569.80944115372,0.9503255983710608,4.950894518495819,142.30630106128095
