hot_inlet_temperature_k,cold_inlet_mass_flow_kg_s,hot_outlet_temperature_k,cold_outlet_temperature_k,hx_1_heat_load_kw,hot_outlet_pressure_pa,cold_outlet_pressure_pa,hot_outlet_mass_flow_kg_s,cold_outlet_mass_flow_kg_s,hx_1_logarithmic_mean_temperature_difference_lmtd_k,hot_inlet_temperature_k_noisy,cold_inlet_mass_flow_kg_s_noisy,hot_outlet_temperature_k_noisy,cold_outlet_temperature_k_noisy,hx_1_heat_load_kw_noisy,hot_outlet_pressure_pa_noisy,cold_outlet_pressure_pa_noisy,hot_outlet_mass_flow_kg_s_noisy,cold_outlet_mass_flow_kg_s_noisy,hx_1_logarithmic_mean_temperature_difference_lmtd_k_noisy
373.15,0.5,378.649,2011.51,61.3959,500000,100000,1,0.5,61.3959,382.417444309807,0.4830376317378194,391.8368239392793,1613.1159681532563,57.050382172536295,502455.1536419764,100394.18879834068,1.0160076203919732,0.5166000269288452,67.29539866538349
373.15,0.727273,377.661,2011.51,65.5662,500000,100000,1,0.727273,65.5662,368.7815897257207,0.6992350928624722,352.95500933490285,2151.1361391451737,64.98629902107915,525288.5937792616,103263.8977454212,1.005486320444979,0.7376777481243342,57.203806044265065
373.15,0.954545,377.113,2011.51,67.8812,500000,100000,1,0.954545,67.8812,364.5037843963515,0.998546487997264,407.3932855639546,1957.340996021367,57.25822115153721,493949.2531059296,95118.50481894775,0.9842584408906344,0.977908588284114,64.59504181713149
373.15,1.22727,376.707,2011.51,69.5941,500000,100000,1,1.22727,69.5941,354.25310337236044,1.161384449032362,326.25574972644785,1735.3942264140187,67.56455187393479,499803.9289361672,100733.95268761886,1.0001341835269872,1.3623004204812892,72.9978743319088
373.15,1.45455,376.48,2011.51,70.553,500000,100000,1,1.45455,70.553,368.9375786736724,1.4984844955752743,384.19743141788587,2161.004889128996,64.40982844024695,479625.2173907872,104123.0947791005,0.9581083964246752,1.615734725013869,76.17674076978251
373.15,1.68182,376.312,2011.51,71.2628,500000,100000,1,1.68182,71.2628,351.67533732924335,1.7024642296507655,446.8169279940219,2221.65188011442,91.27686322003152,479236.43239733,97208.91741217989,1.0457214236582686,1.5781473634352297,85.22309624549048
373.15,1.90909,376.182,2011.51,71.8093,500000,100000,1,1.90909,71.8093,407.7088802274755,1.9993549660117544,420.7937339344117,2155.0956487289827,54.085315409519445,497496.7523160442,110959.43791242098,0.9840134592110684,1.9672563138943344,81.95158660167536
373.15,2.13636,376.079,2011.51,72.243,500000,100000,1,2.13636,72.243,377.0468725238012,2.103850489563759,409.6654055305359,1815.4820944098392,69.35014132555933,454407.8086555569,93780.0633211972,1.0353355727153628,2.0245779131516413,70.24619313968496
373.15,2.40909,375.981,2011.51,72.6584,500000,100000,1,2.40909,72.6584,370.9922921713414,2.3778655661254984,275.51107953790773,1847.0611868282965,100.35206341687233,462799.33338485815,100480.03534955948,1.0073743828744617,2.368064904300583,70.44731364773767
373.15,2.63636,375.914,2011.51,72.9405,500000,100000,1,2.63636,72.9405,392.8732579356794,2.6640003975282616,345.1612655565861,1775.1619415311282,74.04189467799362,484541.40937270696,92230.1202487772,0.9881795639603146,2.919076013961992,77.37431401119208
373.15,2.86364,375.858,2011.51,73.1788,500000,100000,1,2.86364,73.1788,360.5203277792916,2.7675627523683586,321.44478295636054,2075.9594885741617,82.76109038504194,481015.7998842023,107811.5179890369,1.0249041172314317,2.6186754979495817,74.97761731805441
373.15,3.09091,375.809,2011.51,73.3828,500000,100000,1,3.09091,73.3828,367.380870097556,2.830969293294583,417.4778247933401,1878.8745838442244,72.62772185022544,466159.68517761707,96642.26938179629,0.987717406875832,3.0401481553074,82.48194327662023
373.15,3.36364,375.76,2011.51,73.5919,500000,100000,1,3.36364,73.5919,350.83177491121484,3.663287310757568,396.8181402198743,2136.226350555419,51.8327656192412,488419.5818173959,98389.61422557636,1.016290777792875,3.178565443135391,66.89767053508643
373.15,3.59091,375.724,2011.51,73.7423,500000,100000,1,3.59091,73.7423,379.8972241373262,3.629632357311662,380.86137403946674,2471.169920450164,73.89140714847201,469509.5579149038,102443.19612084104,1.0032887041149532,3.507540426285588,89.10372572787514
373.15,3.81818,375.693,2011.51,73.8751,500000,100000,1,3.81818,73.8751,402.3423390083498,3.905846211104985,331.4618726042236,2020.460583000312,86.85090413097859,469925.0906936553,96497.32970714956,0.9795473576100217,3.9333070575684506,74.08867472389966
373.15,4.04545,375.665,2011.51,73.9932,500000,100000,1,4.04545,73.9932,374.86202668821113,4.118049156957182,366.2856604548309,1911.5746700000168,87.40362734710676,486939.5869954761,96224.11437411784,0.9859790054489824,4.066978214676325,75.0578470164144
373.15,4.27273,375.639,2011.51,74.099,500000,100000,1,4.27273,74.099,363.4803734025594,4.607467355657678,420.4440555009714,1878.0359231898256,81.33427464104399,496341.289138763,95605.29329493453,1.0398792098667438,4.328937700780581,81.19743984656597
373.15,4.54545,375.613,2011.51,74.2121,500000,100000,1,4.54545,74.2121,382.7262871333125,4.887755848779024,413.0059719323911,2145.113140508804,62.456511695273285,563007.6629043809,94004.86120814332,1.0018114975045742,4.72796700437033,79.76209620320893
373.15,4.77273,375.593,2011.51,74.2966,500000,100000,1,4.77273,74.2966,365.8342421329368,4.745607328904978,398.1102225602604,2015.34623133301,72.282207683183,475943.3303470967,106908.19251356291,0.992596461742696,4.626294414848256,79.52683326878858
373.15,5.0,375.574,2011.51,74.3736,500000,100000,1,5.0,74.3736,368.7731905590532,4.854208570686011,402.224769401184,1976.7317091749912,69.9105631394951,544312.3737891999,98776.70984648264,1.138195694143281,5.441208716556111,83.74009019177001
375.17,0.5,378.441,2011.51,62.2757,500000,100000,1,0.5,62.2757,348.6197679352473,0.5351411899376991,306.1745587999237,2114.5646969784234,63.9868348922524,493173.0837766418,100460.54961341084,0.9420176642306088,0.4675007038411576,48.749683260023374
375.17,0.727273,377.451,2011.51,66.4554,500000,100000,1,0.727273,66.4554,382.7493879975555,0.7074088467626738,357.8674439349911,2136.902138860999,75.0945610393852,520145.2988876446,90264.82817964778,0.931438650384564,0.7571995090437316,65.51003560528088
375.17,0.954545,376.899,2011.51,68.7851,500000,100000,1,0.954545,68.7851,339.1767301578129,0.9213048274524782,316.1509821356737,1821.273831349008,76.38890923367642,512113.8231565323,104134.41188953418,1.012750334056599,0.9099820106025706,73.23690277363877
375.17,1.22727,376.494,2011.51,70.4937,500000,100000,1,1.22727,70.4937,374.5188592679842,1.25455172088967,388.0340006662639,2054.1881149120563,78.27966079399303,500500.62785287935,104044.18214776817,1.0337477960231427,1.154795226528632,69.05646704654947
375.17,1.45455,376.266,2011.51,71.4541,500000,100000,1,1.45455,71.4541,358.1112554292329,1.4193510289417008,367.12596339257146,1946.5506969417384,69.80052737325141,520246.8361602623,103427.3648074202,1.062298964294602,1.4932125381024834,72.6158766636178
375.17,1.68182,376.098,2011.51,72.1649,500000,100000,1,1.68182,72.1649,356.589024345036,1.7215794920453014,511.5997960614199,2045.7270882884031,71.9479746625981,522697.7351917839,104286.42388519229,0.9927690557515702,1.727348312749325,76.50797445007854
375.17,1.90909,375.968,2011.51,72.7122,500000,100000,1,1.90909,72.7122,376.4561385628989,1.810167714680412,442.6737320715331,2061.4866222962114,74.4463802601846,509181.2432703817,106126.74896046692,0.947444983147971,1.8062884056013813,66.508745490596
375.17,2.13636,375.865,2011.51,73.1465,500000,100000,1,2.13636,73.1465,360.4773431157107,2.00888598715574,387.8363323112159,1864.9505133618013,75.56357556954227,525997.7791011896,103467.8035356619,0.9962623583799622,2.1943790209102523,65.1227721982448
375.17,2.40909,375.767,2011.51,73.5625,500000,100000,1,2.40909,73.5625,345.0160257444832,2.3350172156034814,303.84497720248555,1969.512335095407,86.3198168082914,537613.9616454357,105426.54790591248,0.9783656028829576,2.4247402301926937,69.81505948304334
375.17,2.63636,375.7,2011.51,73.8449,500000,100000,1,2.63636,73.8449,350.4002146234586,2.616567813079125,332.1457602608972,2253.9663459451463,60.13947426907447,478851.06508097646,96421.43526501852,1.0276652305605338,2.746767148532307,63.55165124331988
375.17,2.86364,375.643,2011.51,74.0836,500000,100000,1,2.86364,74.0836,362.4137562602699,2.798206995249236,427.0708293856723,1715.3326857092263,64.18285988205862,474545.05552417465,108287.14279539546,0.932303580817726,2.825520846160696,62.97512335688792
375.17,3.09091,375.595,2011.51,74.2878,500000,100000,1,3.09091,74.2878,384.05839484692376,2.9946788805022786,335.33273201987976,2280.0213250048064,97.67284298560072,481917.6153027676,106844.37719770212,0.9824595486970394,2.961328599318823,69.2811302126216
375.17,3.36364,375.545,2011.51,74.4972,500000,100000,1,3.36364,74.4972,359.77523073119943,3.3464759521112595,385.5092624414937,2226.5695585411268,100.20754783924416,496009.2005402339,96960.01724904156,0.9690884169460752,3.4037419799373674,83.75910755137824
375.17,3.59091,375.509,2011.51,74.6478,500000,100000,1,3.59091,74.6478,370.56688702596017,3.4057795481082547,377.70342558770415,1937.240045522354,86.46348749138443,480323.6827502533,100771.07229034082,0.9243607509808346,3.912998749994345,70.51292249426533
375.17,3.81818,375.478,2011.51,74.7808,500000,100000,1,3.81818,74.7808,381.5694993195981,3.886222369909964,413.19843979521664,2107.846693488408,86.22048201115672,485770.10250633874,111832.44951420292,1.0368870465361697,3.8836146144175534,53.74677164898446
375.17,4.04545,375.45,2011.51,74.899,500000,100000,1,4.04545,74.899,370.2054347937058,4.350662797040602,385.9538785866559,1873.6136213739344,72.84520311290352,517839.0553481044,97196.23303501874,1.0311333963417166,4.004443541051306,74.02055775659267
375.17,4.27273,375.425,2011.51,75.0049,500000,100000,1,4.27273,75.0049,384.2204588013393,4.4049411549209445,403.4180332529992,2155.5104726382547,70.01432250478268,531230.6042343625,97986.3128224515,1.0086997875279382,4.05433454426747,76.56452103114238
375.17,4.54545,375.398,2011.51,75.1182,500000,100000,1,4.54545,75.1182,346.75373833573025,5.026541122309272,334.2186489251746,2178.4216818319496,79.04303158902827,452293.17089806165,97861.90217835996,0.9425453493291454,4.475989091083359,63.89374786236327
375.17,4.77273,375.378,2011.51,75.2028,500000,100000,1,4.77273,75.2028,378.4186143975794,4.692881307268381,440.00655293580655,2081.6103696722453,86.72167006186291,491963.95674123,101266.70154762513,1.042187540277601,4.720205216262908,85.47954689284944
375.17,5.0,375.36,2011.51,75.2798,500000,100000,1,5.0,75.2798,353.7295916681443,5.07675076500134,356.153058823922,2062.8845487269564,78.72251750572141,520530.48337539606,99679.39850691496,1.0083080440845895,4.905433685139878,83.64802713438782
377.19,0.5,378.234,2011.51,63.1484,500000,100000,1,0.5,63.1484,383.93769072248847,0.5072933181344578,363.5919085144816,1477.0972541088242,65.5272514737243,504516.1132749079,98529.27601431785,1.0180509643975302,0.4909827086610093,77.45956534818552
377.19,0.727273,377.242,2011.51,67.3356,500000,100000,1,0.727273,67.3356,359.5030886597208,0.7707867298022695,413.3831140808077,2155.3048107327822,75.81361585365683,450909.9479304582,97284.2719120433,1.0276499861892252,0.7739478440986141,67.71158563431888
377.19,0.954545,376.689,2011.51,69.6685,500000,100000,1,0.954545,69.6685,387.9567095864178,0.9397031870761526,390.24097833365937,2026.554538532088,90.13698122811468,536462.1763938932,97436.23211017708,1.0512363402954867,0.9100664895900616,69.50413606901635
377.19,1.22727,376.282,2011.51,71.3878,500000,100000,1,1.22727,71.3878,362.6149028664287,1.282282357512328,411.1941760586263,2440.3606430806985,77.60076248618454,489371.557547212,101844.4614413072,1.1505204763359729,1.2987893164024569,69.51579329728251
377.19,1.45455,376.054,2011.51,72.3501,500000,100000,1,1.45455,72.3501,341.9743121003159,1.440108559461115,367.04564685406285,2215.3335924057333,53.44075201903793,482580.21365640895,113040.48223947769,0.9489877117888664,1.5498943486757215,72.90821499121917
377.19,1.68182,375.885,2011.51,73.0622,500000,100000,1,1.68182,73.0622,378.40228902013087,1.6260936104620076,350.02378066320483,2067.643702684555,74.24703480615645,517436.2697865446,97995.86445831462,1.0382242061017075,1.8504397731519235,75.35396642379254
377.19,1.90909,375.755,2011.51,73.6105,500000,100000,1,1.90909,73.6105,381.2723007702213,1.7947801519943396,326.99274666807764,1943.6659979997803,95.33283298699624,497297.6227128197,96095.08737443696,0.9448253062418294,1.768189066004474,86.3234140504274
377.19,2.13636,375.652,2011.51,74.0456,500000,100000,1,2.13636,74.0456,338.9968233869308,2.260429432632748,370.5380296101424,2285.198304467242,60.1769727737706,434168.35349936667,100354.6256819042,1.095975046572451,2.142883799963707,69.66878545641633
377.19,2.40909,375.553,2011.51,74.4622,500000,100000,1,2.40909,74.4622,386.7138075879319,2.3514459850796507,357.27623227211643,1924.68589964718,50.0112446766012,541558.7908815638,96712.93373566844,1.018599422163042,2.3237178310974684,71.25657111379626
377.19,2.63636,375.486,2011.51,74.7452,500000,100000,1,2.63636,74.7452,364.8685373382761,2.719592337841616,408.30698354306,2220.334246051137,80.53114315714959,494318.8496027063,100600.32974106463,1.0179477136743926,2.6561623104319385,76.9576595559227
377.19,2.86364,375.43,2011.51,74.9842,500000,100000,1,2.86364,74.9842,417.2128047975598,2.939245251203187,375.5880755852396,1754.8803085190232,65.73988869375589,508103.9405279913,92929.29512416024,0.9940466791756662,2.712965149923118,87.37175900270005
377.19,3.09091,375.381,2011.51,75.1888,500000,100000,1,3.09091,75.1888,363.8437077131626,3.050382981902942,446.42762416892936,1864.794938374769,85.24617749184267,477400.5332371651,100831.83547379584,0.9215655340014574,3.3765723077579457,74.31146253130626
377.19,3.36364,375.331,2011.51,75.3985,500000,100000,1,3.36364,75.3985,357.87056127825593,3.337334774674069,289.24275394815976,2064.471297840891,91.28945356083858,485327.2230116694,89078.30198376474,0.9053720628033614,3.550419749576521,73.66209658003064
377.19,3.59091,375.296,2011.51,75.5494,500000,100000,1,3.59091,75.5494,368.8909810031382,3.5642972473112176,349.0322250904937,1972.2485530524257,78.24821915511426,478117.1602252672,105376.64555612544,0.9560176319792932,3.665553885418091,70.36469070157523
377.19,3.81818,375.264,2011.51,75.6825,500000,100000,1,3.81818,75.6825,377.3829904142989,3.997583961084858,365.31110313555706,1749.5578439662995,61.23402487920708,489434.22639770247,93852.26102469106,0.996519634209072,3.888311280985997,81.41174894915936
377.19,4.04545,375.236,2011.51,75.801,500000,100000,1,4.04545,75.801,378.5064324218693,4.073230373073095,334.4467087842113,1879.6751270978584,82.42068910191327,482535.43069213495,93933.16775053817,0.958370034981224,3.976180848455016,87.48082128619933
377.19,4.27273,375.211,2011.51,75.907,500000,100000,1,4.27273,75.907,353.845418599875,4.3225681996803695,362.9610128249049,2121.138151796185,77.51208329331001,517264.3830237448,108893.52741997017,1.0107055784441976,4.133788275830917,60.21811657069675
377.19,4.54545,375.184,2011.51,76.0205,500000,100000,1,4.54545,76.0205,365.4461984059435,4.374730348078032,334.40473722863686,2004.799703338212,85.16648125201631,504432.9799020439,100041.89166754392,1.0064660104651155,4.971478533312779,79.38886322601368
377.19,4.77273,375.164,2011.51,76.1053,500000,100000,1,4.77273,76.1053,383.9231335575578,4.797337618963288,366.6611096444369,2063.238583382772,69.68178981580151,490020.7899441008,103583.05601728738,1.0188384830824653,4.684495369185839,76.77428566706755
377.19,5.0,375.146,2011.51,76.1824,500000,100000,1,5.0,76.1824,389.0644851442584,5.111439962804282,410.3858296034194,1746.1107229940694,81.48951129438039,493271.5665107501,93757.0698651118,1.0394316684075589,4.923023303581171,77.08186578213
379.211,0.5,378.029,2011.51,64.0117,500000,100000,1,0.5,64.0117,363.4927986456616,0.5476872668138317,391.0093949962833,1988.5121850931148,64.31408288031233,480662.223774981,91057.45370899235,1.0645965523201528,0.5112793668853755,69.77813865431072
379.211,0.727273,377.036,2011.51,68.2069,500000,100000,1,0.727273,68.2069,381.43559171759534,0.6809516253518836,422.7512735592893,2099.6795984646565,72.53199387628234,483589.6022406598,111541.54787216986,0.9850848381016,0.7516640275705453,70.66255551972154
379.211,0.954545,376.482,2011.51,70.5435,500000,100000,1,0.954545,70.5435,375.08364466215016,0.9592706873842908,316.85118200760644,1839.8078776724828,70.23989077859615,500115.4017565063,96684.84050432578,1.0423535041200327,0.9432707678752928,78.19501777580979
379.211,1.22727,376.074,2011.51,72.2655,500000,100000,1,1.22727,72.2655,392.1412034098867,1.3022998750994423,363.8524000176613,1817.4985744888008,68.58806809495081,505792.9701243388,99274.2933693457,1.056432349517984,1.249628387329642,75.97186707625676
379.211,1.45455,375.846,2011.51,73.229,500000,100000,1,1.45455,73.229,390.4955045386479,1.4981198950860293,407.76966683310656,2314.9409007234603,69.24844137644972,529391.1107660681,108209.86882654742,1.0504333544304032,1.4359539557310743,84.18926055592144
379.211,1.68182,375.677,2011.51,73.9421,500000,100000,1,1.68182,73.9421,401.16941912254174,1.693477958184154,375.4195111757393,2157.5032364102995,79.81263467731746,476616.0317463411,105440.52401400164,0.94892061079737,1.7257186448361108,56.44685041227572
379.211,1.90909,375.546,2011.51,74.4911,500000,100000,1,1.90909,74.4911,362.1985636267243,1.8582502883451093,326.54499174917873,2165.0291712209173,92.00688502971336,522871.0379058605,102730.10258990752,1.0305043960809206,1.972235816441574,79.07273800453177
379.211,2.13636,375.443,2011.51,74.9268,500000,100000,1,2.13636,74.9268,363.5591191253558,2.04858969749575,375.0261610068791,1647.621598744846,70.71532581921028,474091.1005863226,93446.59927897136,1.0024402538033792,2.13525619524867,68.32053323422532
379.211,2.40909,375.344,2011.51,75.3439,500000,100000,1,2.40909,75.3439,383.8557009198355,2.3306394940491835,410.4292101934568,2127.4755535068384,69.54936891761338,524477.9294361558,101503.81410137238,0.9651919131554316,2.422388433708152,80.00110823568612
379.211,2.63636,375.277,2011.51,75.6272,500000,100000,1,2.63636,75.6272,352.5247127327446,2.820705362998412,342.018509944266,2536.205433386933,65.52656178187289,514935.3043194888,106415.90093916332,0.9655665886384216,2.691414632841523,80.70647461935756
379.211,2.86364,375.22,2011.51,75.8665,500000,100000,1,2.86364,75.8665,395.4726981687031,2.844485201883664,386.6151535091112,2178.287569694542,78.10454649427223,495536.90955052455,99919.0840440805,1.0718538899283694,2.813484712305477,92.06830023450792
379.211,3.09091,375.172,2011.51,76.0714,500000,100000,1,3.09091,76.0714,373.7378734438228,2.7831882501097267,455.3858449859153,2139.303600579317,78.33564276149448,473006.4839920651,95375.92358596268,0.952502031362551,2.952372699794468,64.42872011348487
379.211,3.36364,375.122,2011.51,76.2813,500000,100000,1,3.36364,76.2813,386.8276751924431,3.154673724245224,362.8432275856718,1925.9087117502504,87.46054575719553,489197.6456347184,107390.07570724354,0.9411979976672522,3.4911210337625755,80.86529435558131
379.211,3.59091,375.086,2011.51,76.4323,500000,100000,1,3.59091,76.4323,381.0629925503401,3.3450289418474908,337.0343695804659,2094.3771806748964,85.47212662263021,508078.2967852782,96042.071627738,0.9650685703801848,3.606462959952047,85.9874323589078
379.211,3.81818,375.055,2011.51,76.5656,500000,100000,1,3.81818,76.5656,397.3993024615299,3.710249605917968,378.2353776587276,1855.436056828371,68.72660556061669,482277.7011910438,109572.64692501372,1.0683173836115385,4.03505208362199,77.03142476593966
379.211,4.04545,375.027,2011.51,76.6842,500000,100000,1,4.04545,76.6842,420.7308680054204,4.010697467960473,433.24920571394944,1953.868459762028,79.22097268165388,515353.88226583577,104457.55143048197,0.913355038368152,4.013406810327933,68.59253196635851
379.211,4.27273,375.001,2011.51,76.7904,500000,100000,1,4.27273,76.7904,369.24239562367086,4.294091121348299,403.894093423825,1915.0310273640875,85.66722107350577,508386.6648269419,110592.60499343908,0.9888853741110794,4.5576058647027295,83.22497839254032
379.211,4.54545,374.975,2011.51,76.904,500000,100000,1,4.54545,76.904,368.2725893916302,4.677058118590727,378.5471642539659,2047.698779997938,65.78300514698736,491168.8364268136,102725.25762310032,0.9411467458752424,4.555273109381647,65.73048065436191
379.211,4.77273,374.954,2011.51,76.9888,500000,100000,1,4.77273,76.9888,401.573833380942,4.943895261666023,349.38131924294646,2059.183431083239,66.32955705817369,523925.896598879,94016.014148242,1.0709627754496724,4.720789203472538,74.32545369177124
379.211,5.0,374.936,2011.51,77.0661,500000,100000,1,5.0,77.0661,402.6806780739884,4.5325670845112525,401.95865878177744,2232.969395724091,65.44862048618891,551125.0227770355,104822.44116010625,0.9403808590420478,4.9628301730377045,77.72629934135217
381.231,0.5,377.827,2011.51,64.866,500000,100000,1,0.5,64.866,350.83873746050824,0.4984174194304666,357.6411382759835,2191.102262718549,52.24876524345423,484326.5470613847,102356.568809885,1.003776204409866,0.51990765845388,59.704779582793606
381.231,0.727273,376.831,2011.51,69.0696,500000,100000,1,0.727273,69.0696,393.1034851279385,0.7652750558955367,334.091038134305,2205.666116564238,65.6295135020595,485323.5022551705,101090.78569750822,1.0333861537164224,0.7738428972962677,71.69250490157866
381.231,0.954545,376.277,2011.51,71.4101,500000,100000,1,0.954545,71.4101,394.79548257943526,0.9546846483432012,412.8408260657753,1906.466488424856,73.30330410543485,427115.2548879521,107281.02141441016,0.9914421131602342,1.0384797583089989,67.32898204480831
381.231,1.22727,375.868,2011.51,73.1347,500000,100000,1,1.22727,73.1347,410.7983609390213,1.3053506590689663,395.4087357797755,1893.608104407797,74.99190143154173,514962.3933932154,101037.4219546124,0.9934355477586108,1.2079299010151991,68.706241633308
381.231,1.45455,375.639,2011.51,74.0998,500000,100000,1,1.45455,74.0998,414.69051723527326,1.483461199916174,390.7196274597485,1966.2500387318328,85.97385589344844,574273.3800931919,104674.69912724322,0.9831028711663076,1.3985292149798083,88.36106851516577
381.231,1.68182,375.47,2011.51,74.8139,500000,100000,1,1.68182,74.8139,362.8380632099793,1.6784391436681014,406.8155774390913,2546.9456890350584,86.53898594287448,488079.7328313671,99498.0670596663,1.0325048323846535,1.6900226665002267,72.5851421821486
381.231,1.90909,375.34,2011.51,75.3636,500000,100000,1,1.90909,75.3636,342.36007388201693,2.007190379305376,384.813514288478,1882.68284693206,63.82909513668289,499022.3174347178,93093.72645225204,1.0175081891766873,1.8591990866216976,79.52122146761006
381.231,2.13636,375.236,2011.51,75.7999,500000,100000,1,2.13636,75.7999,412.27493665268446,1.9743531401308303,353.8036447712173,2082.5347238715763,55.42387502268761,488500.9145491983,97625.46657688176,1.07285104041427,2.02840161551271,67.44158085901316
381.231,2.40909,375.137,2011.51,76.2175,500000,100000,1,2.40909,76.2175,341.82234903798485,2.3986086247828253,399.5655376589201,1873.2180266912508,71.881972502364,489827.35460412095,96476.05446803228,1.0913320481852269,2.281802279668753,71.7699893038623
381.231,2.63636,375.07,2011.51,76.5012,500000,100000,1,2.63636,76.5012,363.3154344589318,2.497827037355304,299.9912823753456,1829.643069990149,75.79292725562502,498835.536341215,96858.57922371132,0.9379668231507704,2.655423052357025,83.71025784619498
381.231,2.86364,375.013,2011.51,76.7408,500000,100000,1,2.86364,76.7408,362.4415336814727,2.9947451430013183,372.56376340836,1856.374343141184,82.79817309413446,491790.9943480971,92667.21142253498,0.9307400421876288,2.7855658531742704,80.25768930093037
381.231,3.09091,374.965,2011.51,76.9459,500000,100000,1,3.09091,76.9459,361.497676709087,3.4977334421949866,336.6908147079245,2226.5290412933296,86.48448643310478,482970.514806652,101173.0415468362,0.9595519644476096,2.981500882177438,75.34276000703038
381.231,3.36364,374.915,2011.51,77.1561,500000,100000,1,3.36364,77.1561,385.3097887674559,3.221410280222301,399.0562646255184,2180.6237957975363,85.06760741066051,538347.9147329645,97671.11422792696,0.9753577376835624,3.2023167793015967,83.83561434106394
381.231,3.59091,374.879,2011.51,77.3072,500000,100000,1,3.59091,77.3072,371.11882584976456,3.8106366378509375,394.3591174467061,1591.8406414489473,87.99027550087004,476096.7744270841,98051.47810095508,1.0160425238250173,3.5385364591464064,83.48696137105362
381.231,3.81818,374.847,2011.51,77.4407,500000,100000,1,3.81818,77.4407,407.2857421926072,3.63621365392471,334.9842006757379,1905.686935563628,54.68806152920985,482216.7449007479,99344.52412913751,1.0081127080597378,3.664588754808584,74.8844289643475
381.231,4.04545,374.819,2011.51,77.5595,500000,100000,1,4.04545,77.5595,439.91924047441,4.429899033291731,299.111189803691,2276.3651323752306,83.09652446047272,505456.5169808039,99325.16222262522,0.9192132474043762,3.8831725792713288,85.75935630496431
381.231,4.27273,374.794,2011.51,77.6657,500000,100000,1,4.27273,77.6657,385.1093322682648,4.403512202001009,412.2415273164953,2133.85861980598,79.27813442825614,502494.65770221327,96274.1740041804,0.9655648543099858,4.071800557089852,72.99156858815573
381.231,4.54545,374.767,2011.51,77.7794,500000,100000,1,4.54545,77.7794,398.0364203090798,4.369590953384073,382.3568143659549,1719.6912620089993,89.75450514785591,523018.6861744405,97157.4294114421,0.9925704014856572,4.980279777476763,81.28285329837227
381.231,4.77273,374.747,2011.51,77.8644,500000,100000,1,4.77273,77.8644,410.2641057550794,4.604310962774569,426.6157334275974,2165.0212606465284,86.47452301192686,527447.6189291686,91042.2435845561,1.0042851382736713,4.8684289446355695,83.59016300168484
381.231,5.0,374.728,2011.51,77.9417,500000,100000,1,5.0,77.9417,354.87269378823675,5.03387284307919,332.1255224618652,2059.573936110792,82.41676443633965,491129.7222299052,92830.06607400764,1.091030671262085,5.069464179427594,65.00379417579215
383.251,0.5,377.627,2011.51,65.7115,500000,100000,1,0.5,65.7115,400.9989235634524,0.538533028620033,336.11640649518296,1951.0222090862896,56.66626639611001,522202.68930765474,86344.1428333099,0.9974136728257712,0.4653987677982189,60.22806329619995
383.251,0.727273,376.63,2011.51,69.9206,500000,100000,1,0.727273,69.9206,373.9164354773398,0.7550475475922972,378.2798110154975,1947.503257405552,42.51770558456799,505181.40579504974,111006.07033533989,1.060648271928937,0.7626000965509437,80.00913836749102
383.251,0.954545,376.073,2011.51,72.2683,500000,100000,1,0.954545,72.2683,388.4336424468474,0.9086246450668504,407.6768059975364,2125.5487305973343,57.76668649601167,490250.838111893,97490.10210230992,0.9671898237150734,1.01160323323002,67.42148336725222
383.251,1.22727,375.664,2011.51,73.9958,500000,100000,1,1.22727,73.9958,392.84985065371154,1.1580310120529955,424.8135624321097,1822.0889241823645,78.49855636939908,492743.59348805406,106765.92338090368,1.1005769078058067,1.2160000767830283,74.95330520718183
383.251,1.45455,375.435,2011.51,74.9623,500000,100000,1,1.45455,74.9623,393.6631668544901,1.4651403601367277,360.0370492562012,1833.9677074007377,68.42565626869214,490629.93745352805,97067.86200777178,1.0155524393136048,1.4557951303935284,74.55712871730209
383.251,1.68182,375.265,2011.51,75.6774,500000,100000,1,1.68182,75.6774,352.063136656942,1.6344699491495889,462.7575128523341,2047.7647291715264,88.09951770777124,463431.6899341743,97002.48590217944,1.037638270187521,1.661831576326445,88.33634440337052
383.251,1.90909,375.135,2011.51,76.228,500000,100000,1,1.90909,76.228,351.4120387307679,1.858834890064228,360.6232417225732,2321.7445794306536,64.77698587248597,467327.34238775866,96455.2440152052,0.9899822786167812,1.949840183889049,80.93577789363229
383.251,2.13636,375.031,2011.51,76.6648,500000,100000,1,2.13636,76.6648,366.763285867078,2.253591149670002,367.3924197997695,1491.4032681753424,77.47220281696987,513618.7723579892,102062.34095072432,0.972018060211316,1.9209140139045933,72.50705855745416
383.251,2.40909,374.932,2011.51,77.083,500000,100000,1,2.40909,77.083,393.4033990495105,2.417411622347005,388.157734745676,1839.8827407446329,85.36950793657573,494750.7247662452,108511.33186475562,0.9759465101403432,2.446715987347512,84.89886091637081
383.251,2.63636,374.865,2011.51,77.3671,500000,100000,1,2.63636,77.3671,379.3601326376818,2.7554602894976097,377.0571006271309,1965.416682238147,75.30795517842147,507483.4928909692,101618.673466979,0.993944620306532,2.7741007995829605,75.47339925586496
383.251,2.86364,374.808,2011.51,77.607,500000,100000,1,2.86364,77.607,405.6286821456591,2.67782865571321,389.8814493119936,2189.697752126513,67.91081771607408,498729.21705538064,95417.24220098376,1.0244067539996669,2.861706067012901,89.03441063252487
383.251,3.09091,374.759,2011.51,77.8123,500000,100000,1,3.09091,77.8123,374.9620820979971,3.049812612464979,386.4973509645629,2082.5599070663307,93.9928786322156,486390.51026629534,106607.74852578444,1.0485897644046345,2.9400808391464284,67.26647746712183
383.251,3.36364,374.709,2011.51,78.0228,500000,100000,1,3.36364,78.0228,377.0035577636571,3.338073156412882,375.9534153294668,2060.0993907112065,65.76751021097459,502885.93411098886,108456.55831191664,1.063034554073092,3.3954489668393544,71.06531334881186
383.251,3.59091,374.673,2011.51,78.1742,500000,100000,1,3.59091,78.1742,347.401856273746,3.504813445076339,322.65697849566584,2121.622630536492,64.11320831607499,460291.4988428851,103174.17886660804,0.986083308030715,3.382021194636846,95.73916606829404
383.251,3.81818,374.642,2011.51,78.3078,500000,100000,1,3.81818,78.3078,379.05247516167367,3.8968504421951455,373.465511093337,1753.7782570579166,70.78527027449479,466293.763544388,99400.61785675892,0.8659476946064555,3.951070966892022,86.94348775163581
383.251,4.04545,374.614,2011.51,78.4267,500000,100000,1,4.04545,78.4267,354.91751713593146,4.124062650073273,432.17927866275977,2095.181650264587,83.4417419600249,481541.1998835528,102412.51723175267,0.94630010773769,4.130679883899626,78.4402788926164
383.251,4.27273,374.588,2011.51,78.5331,500000,100000,1,4.27273,78.5331,426.7632654223196,3.798967757748104,339.86800644435846,2092.236195646502,82.89223890584381,509011.3153350781,94026.7167847771,1.053948334782272,4.116012731397706,64.6715119578384
383.251,4.54545,374.561,2011.51,78.6469,500000,100000,1,4.54545,78.6469,366.84625088183,4.461354069133004,393.2812844320089,2084.1621540825927,81.39190350195796,512177.6093340295,105612.87236172642,1.0453765834001592,4.362367449218715,83.56814120753751
383.251,4.77273,374.541,2011.51,78.732,500000,100000,1,4.77273,78.732,403.1329110588392,4.852929860176332,374.6557457830668,2268.164183629421,70.59189206789917,478285.28473924845,102456.91649114616,0.9746516263039532,4.807029081662338,98.6228445745815
383.251,5.0,374.523,2011.51,78.8094,500000,100000,1,5.0,78.8094,390.4810395629966,5.089712018169729,378.6179185145989,1847.368940409242,77.58085894148772,532559.6691571828,103954.06791605472,1.05545140261753,4.827711933359481,78.45416451050056
385.271,0.5,377.429,2011.51,66.5485,500000,100000,1,0.5,66.5485,399.8532880661786,0.5297201560298289,320.4806750186403,1821.7821461958235,88.17751170836783,503448.9705317925,94805.78454782622,1.002258899175711,0.4847824327649929,75.04033640509289
385.271,0.727273,376.429,2011.51,70.7687,500000,100000,1,0.727273,70.7687,421.42474997500295,0.6598645295865921,366.1056790347719,2304.233042017724,73.55892448152402,477250.3406454927,105123.5412544338,0.9508004048571947,0.7237646973834149,58.41455583123563
385.271,0.954545,375.872,2011.51,73.1183,500000,100000,1,0.954545,73.1183,397.8764055394592,0.9448411773623072,373.07740991701166,1968.597870573236,72.04345087488957,513084.3631980607,101431.00318304168,0.8813244893707822,1.011863188891733,76.77663649531925
385.271,1.22727,375.462,2011.51,74.8487,500000,100000,1,1.22727,74.8487,387.3783320956111,1.2501986807558334,375.6829134999257,1999.5954739455744,76.91655095883539,465980.4131669965,90434.60996530551,0.985528143522122,1.1302886773164504,73.62690129880714
385.271,1.45455,375.232,2011.51,75.8167,500000,100000,1,1.45455,75.8167,394.3531542711072,1.4871268823677446,447.76296382574094,1871.2044392959629,77.37017984267173,530821.7885641147,95762.37661907694,0.9721083314494412,1.6203437126877958,62.69072264866031
385.271,1.68182,375.062,2011.51,76.5329,500000,100000,1,1.68182,76.5329,366.2076980647078,1.7911274727397322,301.89613046613897,2116.117872353596,78.3171370428599,559565.4680914042,92281.07135793086,0.9636454736343096,1.644592091716068,81.61210632881799
385.271,1.90909,374.932,2011.51,77.0843,500000,100000,1,1.90909,77.0843,414.7355690564455,1.919186259074104,357.914451451632,1799.4663924242338,65.75740355109136,526183.6796735598,96869.4153026676,0.9696387687997496,1.924996711394188,78.45593129437319
385.271,2.13636,374.828,2011.51,77.5217,500000,100000,1,2.13636,77.5217,401.1281877026796,2.051638941502086,422.0724230852055,2138.717901442739,74.86224650155845,488588.2812173788,94494.94136996794,0.9487324511728854,2.222033804282166,83.69601617426771
385.271,2.40909,374.729,2011.51,77.9405,500000,100000,1,2.40909,77.9405,380.2703490234396,2.5378900342119786,372.0565118205272,1848.514496965612,73.22476636694017,461031.1516016348,99548.70519608718,1.036277702853894,2.440509678905589,92.9080010132546
385.271,2.63636,374.661,2011.51,78.2249,500000,100000,1,2.63636,78.2249,384.2250881240908,2.680540195559526,393.7075916789323,2127.6482105540167,85.46406518200541,504487.1187935947,92290.30580485228,1.0376491717791982,2.650298307925945,81.4512627743331
385.271,2.86364,374.604,2011.51,78.4652,500000,100000,1,2.86364,78.4652,380.0912492650625,2.808145392828245,369.2973897903962,1946.842767126224,57.26817563217466,465375.54658111365,100861.38425471062,1.0043278383218377,2.7826510946770213,77.40175892841218
385.271,3.09091,374.556,2011.51,78.6708,500000,100000,1,3.09091,78.6708,384.8062651782021,2.9538839062756908,434.4738806727773,1973.318728457624,64.02872312295517,482078.7321784097,104392.32111367384,1.0145557638086555,3.108384619381797,79.1282677740308
385.271,3.36364,374.506,2011.51,78.8815,500000,100000,1,3.36364,78.8815,374.80270975002617,3.0751921706841463,340.1560588982355,2119.2424461142027,66.87573717311004,510174.6636386392,102876.6932054772,0.9545457327015032,3.710972094615559,76.44720069068924
385.271,3.59091,374.47,2011.51,79.0331,500000,100000,1,3.59091,79.0331,334.2039105475308,3.6027213449640887,322.9039760261505,1764.664935647883,69.3644462282816,497613.28331717686,94702.1530358026,0.9871548765621652,3.657565806930616,80.40154148248396
385.271,3.81818,374.438,2011.51,79.1669,500000,100000,1,3.81818,79.1669,378.1157303058468,3.6425146576446448,425.46419497798377,2087.1840118997216,86.96837173295131,522106.657705394,98807.97428427207,0.9812757871910353,3.980335782369794,77.44536128773132
385.271,4.04545,374.41,2011.51,79.2859,500000,100000,1,4.04545,79.2859,403.2954875103158,3.9382925617036815,386.07769478907767,1958.341575409748,78.34708604055297,539345.9408663448,100614.70713793689,1.0292944505063286,3.813847030141604,84.21899876736911
385.271,4.27273,374.385,2011.51,79.3925,500000,100000,1,4.27273,79.3925,394.6980913289421,4.439180739893506,422.5597295240549,2094.1368644989902,86.2607945837265,448180.2275220564,107879.97875696556,0.9579669168791318,4.102599925502388,85.61822163604653
385.271,4.54545,374.357,2011.51,79.5065,500000,100000,1,4.54545,79.5065,393.8290885139769,4.430575749044018,408.9158918835017,1699.932087215888,71.15030505548297,509539.8294113618,97688.98143329722,1.0619566299432934,4.611350972273616,84.04523395194848
385.271,4.77273,374.337,2011.51,79.5916,500000,100000,1,4.77273,79.5916,396.6962357379369,4.936127956268478,350.3757016675248,1955.5118171999404,90.38170357940255,511692.3986128203,91701.31409553514,0.9569883115014703,4.838962353887433,82.24408412644641
385.271,5.0,374.319,2011.51,79.6691,500000,100000,1,5.0,79.6691,381.7091284495237,4.4789170946643,387.888475925534,2425.283289308817,80.73014081698291,459564.04864744464,100710.81400652592,0.9324501554055328,4.846366353300371,77.84807052122899
387.291,0.5,377.232,2011.51,67.3773,500000,100000,1,0.5,67.3773,377.168703933008,0.4860442434400553,424.9593506900267,2191.324768889071,58.260166954278205,538180.5089829676,89511.52817361621,0.937369554561292,0.4907076015942562,64.44080191973597
387.291,0.727273,376.23,2011.51,71.6074,500000,100000,1,0.727273,71.6074,399.0261100033302,0.7015829721565778,311.093043899682,2477.696352659585,82.71275386299827,510699.31166748825,101311.7123957826,0.9230660685830472,0.7049840380760962,78.41143108157854
387.291,0.954545,375.673,2011.51,73.9587,500000,100000,1,0.954545,73.9587,391.37725829451847,1.0106131501301725,283.9513637177346,2303.331829001489,71.51797532341001,435047.7603630896,101944.57929384288,1.0462538253894311,0.9613528676195338,79.92714907609965
387.291,1.22727,375.262,2011.51,75.6917,500000,100000,1,1.22727,75.6917,389.5029670138985,1.2301057057418603,279.5874766415424,1799.4145656368607,67.87645070488239,512074.8314384068,95163.11761126916,0.9390217871849522,1.160770653809476,84.3807276795218
387.291,1.45455,375.032,2011.51,76.6612,500000,100000,1,1.45455,76.6612,354.17435865198115,1.310667010979931,307.35361616859404,1966.9810201133948,80.44804416563741,477597.087387946,99978.20784529977,0.9857259960952685,1.482253531448473,68.21257778473155
387.291,1.68182,374.862,2011.51,77.3784,500000,100000,1,1.68182,77.3784,387.6479648185415,1.6452359917935664,418.4172581377756,2040.6579735983787,84.33036112532406,461879.1511235362,91733.1145229919,0.9936421718366564,1.7378809625052258,73.14105950060775
387.291,1.90909,374.731,2011.51,77.9305,500000,100000,1,1.90909,77.9305,368.3452514292349,1.9412307038032264,380.03861973944,1830.1540166786413,84.77003401781842,519938.26992911584,104188.49186268244,1.1441498727802069,1.860625226052452,70.4144537490226
387.291,2.13636,374.627,2011.51,78.3685,500000,100000,1,2.13636,78.3685,392.24890059160776,2.297474737559716,407.5158713802814,2022.6160201390712,65.94497690171733,501457.76321487984,94008.0760328052,1.0216298013698049,2.139957027121592,81.9047247731552
387.291,2.40909,374.528,2011.51,78.7878,500000,100000,1,2.40909,78.7878,375.1916694112832,2.3095505827459424,408.5572805698404,2173.4530973440123,75.6236274703369,493751.4529316737,96974.70693140026,0.946539971557711,2.2752639394316585,70.517430575906
387.291,2.63636,374.46,2011.51,79.0726,500000,100000,1,2.63636,79.0726,372.6633494372975,2.512268975260094,338.1643418787009,1339.795067960626,64.3515894562636,506418.388853118,95176.21742491708,0.9590573919815256,2.78995878903018,72.642471437148
387.291,2.86364,374.403,2011.51,79.3131,500000,100000,1,2.86364,79.3131,368.39365359905776,2.5416957691972706,348.4481359033165,1795.878866392249,51.01621823615648,507816.2581737033,95607.9120543634,1.0195713759313176,3.0831376653145224,76.94153567844283
387.291,3.09091,374.355,2011.51,79.519,500000,100000,1,3.09091,79.519,390.8702683590956,3.0721035612261183,370.1194525699512,2120.1589612754165,73.35349352347025,467996.50543046783,93104.12212950332,0.9560457342455284,3.0193191465639404,77.11819463221883
387.291,3.36364,374.304,2011.51,79.73,500000,100000,1,3.36364,79.73,385.43084326878704,3.6328839078918618,385.4008995842489,1998.6756494085669,80.27778403884908,468059.1645175405,98790.4710429943,1.0456361690688565,3.160352553891769,72.83363561914635
387.291,3.59091,374.268,2011.51,79.8818,500000,100000,1,3.59091,79.8818,375.1500650611159,3.733605316296485,346.0810928123468,1973.432021245624,79.31857878952684,493130.014612699,93806.19204104584,1.0145457160510791,3.7738624355202655,71.71896774583422
387.291,3.81818,374.237,2011.51,80.0157,500000,100000,1,3.81818,80.0157,406.1240792675193,4.075657669860216,324.7158136575009,1910.684167724391,65.86186801741653,462816.1253883808,97866.07575755114,0.9857229382595536,3.826035536781252,74.10488383050222
387.291,4.04545,374.208,2011.51,80.1349,500000,100000,1,4.04545,80.1349,385.8496301405207,4.124325271251286,352.174574335845,1863.3283360426049,52.97276808522068,508886.7456203232,109423.51742728364,1.0001146279273296,3.648014707041535,73.4071268604169
387.291,4.27273,374.183,2011.51,80.2416,500000,100000,1,4.27273,80.2416,399.1147181938359,4.445292651652008,395.4082203578128,2046.190512512328,83.16821473697478,486756.156615575,94560.83934580509,0.9320765609091448,4.120327492407832,75.55452626951461
387.291,4.54545,374.156,2011.51,80.3557,500000,100000,1,4.54545,80.3557,355.1272389548829,4.441990880531336,365.934155821515,1918.8047530710164,76.64510580185507,517632.1754753432,99656.10464695744,1.102103267816088,4.585881655679589,69.4472579172448
387.291,4.77273,374.136,2011.51,80.4409,500000,100000,1,4.77273,80.4409,366.3568265704372,4.97629055896927,400.1653785995374,2119.517943173842,79.78769523826105,497971.0477148303,109312.57768465042,1.0188928987093924,4.535205066594111,66.63760167021239
387.291,5.0,374.117,2011.51,80.5186,500000,100000,1,5.0,80.5186,387.8672142510723,5.305701980533352,340.7955909994518,2053.854711068046,70.13550938850338,491028.6733362413,92535.45275452518,1.0093097455976594,4.746555489810612,87.75850994391314
389.312,0.5,377.038,2011.51,68.1982,500000,100000,1,0.5,68.1982,407.5762572536064,0.4858048039453974,329.64232228425857,2170.021008012905,66.21527759428626,489633.19420215633,99108.5638681458,1.017094007412627,0.5067428406082185,63.55748302221813
389.312,0.727273,376.033,2011.51,72.4374,500000,100000,1,0.727273,72.4374,383.2937791134089,0.703242402015708,400.54784725895246,2152.2898006018213,83.33817395146023,502132.917629432,94943.44528179402,1.0027813437925028,0.7297203752696295,85.03404189166699
389.312,0.954545,375.475,2011.51,74.7941,500000,100000,1,0.954545,74.7941,385.6744313234127,0.9205062925914416,277.8313772648588,1592.7228629901638,74.62787431101206,480343.0363078156,101697.4824867514,1.021380507559965,0.9839745263279012,79.73296911181801
389.312,1.22727,375.063,2011.51,76.5303,500000,100000,1,1.22727,76.5303,394.5102936553047,1.233161464716737,427.2716082521232,2083.486940177857,74.229673107654,508390.60348445614,94086.40754497456,1.0303443307471998,1.0920428751962403,70.27184168356156
389.312,1.45455,374.833,2011.51,77.5014,500000,100000,1,1.45455,77.5014,416.7457935316765,1.4498806185025763,377.3341277769874,1842.995759323995,89.01782098279129,490225.145069513,107632.37730599265,0.9699810339346456,1.3585619997690983,87.16918313753155
389.312,1.68182,374.663,2011.51,78.2198,500000,100000,1,1.68182,78.2198,420.0593195599358,1.6505327388185635,424.95227329254897,2085.008929809761,95.85323864714924,509377.4982970723,102734.42557773282,0.9993397506444468,1.6185307571545793,86.55733232358037
389.312,1.90909,374.531,2011.51,78.7727,500000,100000,1,1.90909,78.7727,371.4298886705172,1.9362531807013503,321.9791168880019,1502.8562952965428,52.66723243788621,502923.52642883145,102563.23393680828,0.9599214135195674,1.804264884409003,78.06988397242272
389.312,2.13636,374.427,2011.51,79.2114,500000,100000,1,2.13636,79.2114,419.4934223929217,2.062732849668108,373.0824175296874,1938.3120394563853,97.17698682491402,520904.5932933105,96787.44395284304,0.9939862911860332,2.133412233152561,69.08055388476929
389.312,2.40909,374.328,2011.51,79.6314,500000,100000,1,2.40909,79.6314,367.4575422170769,2.3091946289664884,377.79280307045485,1978.1076458450684,69.49859440462211,514349.0204405733,100645.86579419552,0.9715602951795622,2.18403223530227,80.86551679973614
389.312,2.63636,374.26,2011.51,79.9166,500000,100000,1,2.63636,79.9166,437.1058904034495,2.8070652524905824,337.18155574852915,2139.1665006459625,83.80404416200258,473292.9998279718,104641.13146734172,0.914796980851246,2.710423416915654,72.1746481214213
389.312,2.86364,374.203,2011.51,80.1574,500000,100000,1,2.86364,80.1574,376.9048771347023,2.834329608889812,403.0612324550104,2308.5483602879854,75.82806774113155,441464.91543298896,102698.42492010644,0.962765063186875,2.7556836798713302,78.45250057068162
389.312,3.09091,374.154,2011.51,80.3636,500000,100000,1,3.09091,80.3636,398.4883866543952,2.8876149354793204,333.98694264317623,1991.1178524446848,63.20183694469996,502466.22336283966,96474.0669084505,0.9322833232133324,3.1590411905767386,75.4002613737412
389.312,3.36364,374.104,2011.51,80.5749,500000,100000,1,3.36364,80.5749,424.2698364334082,3.3084223272164164,346.90690134894794,2254.9483159428064,95.8681283655506,478932.9909455502,103484.0921139177,0.9557439083581932,3.062671707175908,90.79031629050075
389.312,3.59091,374.068,2011.51,80.7269,500000,100000,1,3.59091,80.7269,402.1309593941402,3.463195711000961,403.8554120072856,1784.4722742035904,77.84472711580338,528099.3948963898,104701.3486073313,1.033616059983722,3.3411533538606912,76.69524608759556
389.312,3.81818,374.036,2011.51,80.861,500000,100000,1,3.81818,80.861,375.0840082145066,3.934584419024487,382.1683147414302,1892.853181566213,89.10256983548517,504064.05774867017,97897.2649564888,1.0321413140888984,4.062740032338433,75.95468783562032
389.312,4.04545,374.008,2011.51,80.9804,500000,100000,1,4.04545,80.9804,388.99231847420623,3.774663009150692,315.6299250754526,2495.4148721931697,81.67444365901252,486147.192292501,99725.00150818044,0.9764527078798692,4.025983317784445,78.08411862590845
389.312,4.27273,373.983,2011.51,81.0872,500000,100000,1,4.27273,81.0872,409.6372179686757,4.324558815871212,359.3695480835761,1846.891177811828,87.06935203874936,515822.4633478832,102414.68564963213,1.0543833790637032,4.067723719174979,100.18390847199709
389.312,4.54545,373.956,2011.51,81.2015,500000,100000,1,4.54545,81.2015,410.8935804181947,4.692437111062434,403.3525435480952,2009.1161080251893,82.71134127760416,507026.5074267795,103491.74204780994,1.0048871544941425,4.307184197142263,83.2251733576854
389.312,4.77273,373.935,2011.51,81.2868,500000,100000,1,4.77273,81.2868,416.2165540559401,4.692532219779308,376.4280154990654,2021.449572061969,72.0224155539899,470841.2740538777,103234.5110674635,0.9228898900030252,4.80875497056411,81.33407854107095
389.312,5.0,373.917,2011.51,81.3645,500000,100000,1,5.0,81.3645,373.4098570028309,4.906402491698271,322.9883947395232,1835.03167300988,74.42583352336335,487227.82636647485,101277.1164988617,1.0097584763366103,4.940422504083755,62.09743417207053
391.332,0.5,376.845,2011.51,69.0117,500000,100000,1,0.5,69.0117,398.5456831653925,0.4768371686305063,379.6549093967189,1999.8590920624565,82.6102109682997,504662.280307343,102609.33857841372,1.0343958871994596,0.5199199776919596,71.1457675954089
391.332,0.727273,375.838,2011.51,73.2595,500000,100000,1,0.727273,73.2595,392.2406053631521,0.6652654273734956,351.2698199580701,1877.201726697292,88.20000727098537,543238.4943587037,108100.53575192802,0.9900265816653304,0.7059944060475472,83.7700576133435
391.332,0.954545,375.279,2011.51,75.6211,500000,100000,1,0.954545,75.6211,385.3098263879686,0.9509848966562664,376.9171954476481,1920.9298956515463,65.64306904591099,490059.9974432458,95826.79850103112,0.987292978328288,1.0125935714550718,69.35559216784492
391.332,1.22727,374.866,2011.51,77.3603,500000,100000,1,1.22727,77.3603,403.2264678470197,1.2250964961966766,361.76551149268647,1843.8872997200249,81.77069742969428,521017.8474681451,101214.37913036706,0.9964709557049652,1.2274053417856663,89.54356385390756
391.332,1.45455,374.636,2011.51,78.333,500000,100000,1,1.45455,78.333,371.2465857425435,1.3555187792219563,399.8387744038856,1972.4147247833207,71.45891997938183,506439.0167883156,101128.92592723308,0.9610290412897472,1.3913052778341106,71.34375552860594
391.332,1.68182,374.465,2011.51,79.0525,500000,100000,1,1.68182,79.0525,380.3957997831757,1.616963183482174,347.19580245736915,1749.5435619370949,83.24156652334432,554798.3397324029,105133.44381658788,0.953247192923955,1.6372245839324404,78.3453055446478
391.332,1.90909,374.334,2011.51,79.6063,500000,100000,1,1.90909,79.6063,428.1398479149162,2.0857553885606315,403.0131346566209,1706.4935338548612,63.01691985100615,497903.62159932376,101071.6155714829,1.0509521006412164,2.036879950358454,87.56188025120103
391.332,2.13636,374.23,2011.51,80.0456,500000,100000,1,2.13636,80.0456,371.34994596033016,2.209725539409281,362.2352652272484,1802.1220875805163,90.25855936124492,559689.7924575707,94442.48594508224,0.9957039099020526,2.077727212278989,86.42507940377988
391.332,2.40909,374.13,2011.51,80.4663,500000,100000,1,2.40909,80.4663,404.0542263686459,2.4919509014437624,361.8134696721752,1890.0472563558333,84.08299838777283,492494.5445412907,104657.91206614125,0.998564357124975,2.487089746827918,80.08812446603739
391.332,2.63636,374.062,2011.51,80.7518,500000,100000,1,2.63636,80.7518,377.79371155986166,2.7409262756918,366.8135642107476,1854.4579632831365,68.91490905525134,480647.11794679146,95825.7287997456,1.0048233519620189,2.7520418748161704,81.68194865564152
391.332,2.86364,374.005,2011.51,80.9931,500000,100000,1,2.86364,80.9931,366.84362870263527,2.984455543485776,345.8514932387958,1948.6075926072128,75.9123624258384,506367.5073836287,101446.72701810724,1.0635332327621885,2.995888885472638,86.94256133305107
391.332,3.09091,373.956,2011.51,81.1995,500000,100000,1,3.09091,81.1995,400.2691075378944,3.125593107041804,432.4432426194417,2104.0748213841143,80.58665677433235,508525.1091648303,101262.45360621857,1.0729871950155596,3.076901366798363,94.15301454782988
391.332,3.36364,373.906,2011.51,81.4111,500000,100000,1,3.36364,81.4111,405.20479292323137,3.412691782701601,401.52299875607247,2329.5519014425327,68.78289876677002,490315.2630209428,93997.62726729047,1.0668055869475794,3.612845486136044,74.79587511729802
391.332,3.59091,373.87,2011.51,81.5633,500000,100000,1,3.59091,81.5633,390.5462454429224,3.700474949214832,407.4331162799925,1889.650999500276,89.14201286511927,507604.0073735837,103812.3192757744,0.9092750731740749,3.400367247746457,81.47332052986431
391.332,3.81818,373.838,2011.51,81.6976,500000,100000,1,3.81818,81.6976,378.5623676465818,3.912335495693914,398.8572040067796,1879.4959431831703,81.7758083231041,479391.0086771413,92924.00221986204,0.9722090812014154,3.934825837085485,80.7645280851379
391.332,4.04545,373.81,2011.51,81.8171,500000,100000,1,4.04545,81.8171,360.34040701398425,4.265779820567371,407.46058753163294,1908.092803988765,102.2669660366012,542878.9749872674,95180.79061449858,0.9712157896169366,3.884712815140422,94.51245800475114
391.332,4.27273,373.784,2011.51,81.9241,500000,100000,1,4.27273,81.9241,390.3984509789123,4.387491215449346,342.8194304043864,2274.9210375547914,85.09313067504978,503120.2473677772,90414.2562292791,1.055451556314243,4.531155004237456,79.48676131889077
391.332,4.54545,373.757,2011.51,82.0385,500000,100000,1,4.54545,82.0385,391.8580644572704,4.728391311066994,394.7886740761608,2037.714538002357,66.70894978249095,504429.694464417,98413.3510892247,1.0520935684666184,4.296246690562576,68.43620978997085
391.332,4.77273,373.737,2011.51,82.124,500000,100000,1,4.77273,82.124,371.73370191439017,4.459522292648559,345.5859153868795,1832.5779547451505,88.37487314363736,530281.9789110112,100646.70963436348,1.0060167489882446,5.003026395890495,82.75153582073919
391.332,5.0,373.718,2011.51,82.2018,500000,100000,1,5.0,82.2018,402.5354982496834,4.928801110838141,290.1305446628661,2184.2128902441004,74.2512486549383,453485.1763351373,92612.93169986836,1.096325102268113,4.993702175675351,88.48887794712873
393.352,0.5,376.654,2011.51,69.8174,500000,100000,1,0.5,69.8174,420.8739629845989,0.470545507816643,471.2368118617633,1746.0946669927807,63.82924959106274,497928.2811215992,93869.5669553586,0.9621650324663812,0.4781285278155497,63.70292228702776
393.352,0.727273,375.645,2011.51,74.0743,500000,100000,1,0.727273,74.0743,401.0909131663208,0.719567923248843,390.16678167091135,1899.115390947272,65.5945445460527,524625.2949389828,99927.34139653028,0.9991086823787094,0.7252960781682342,77.45716396078078
393.352,0.954545,375.084,2011.51,76.4404,500000,100000,1,0.954545,76.4404,419.2619795252696,0.9644091548466937,383.508035308194,1713.7145715606412,70.60766725597189,566172.7320018029,101751.4552251826,0.9997709706708868,0.8051370602214145,79.29451854996232
393.352,1.22727,374.671,2011.51,78.1826,500000,100000,1,1.22727,78.1826,380.5401712721125,1.216565509638485,364.97448216307833,1777.3723553012935,86.28513985941215,519576.5645438029,100827.84041283626,1.011393781688215,1.3231107771169568,82.46212283413618
393.352,1.45455,374.44,2011.51,79.1569,500000,100000,1,1.45455,79.1569,382.0686978025376,1.3364465151044926,279.1073863603137,1662.9477517596026,101.1656594725148,511489.6708528524,95162.83031397608,0.9633641919788312,1.469001933405052,83.34185420578473
393.352,1.68182,374.269,2011.51,79.8775,500000,100000,1,1.68182,79.8775,394.0994372072209,1.7000441714257557,364.39956143147487,1822.114932024028,78.37994322678885,464773.7990133471,98682.11027487348,1.036447103223067,1.6121331653838735,82.17725989132678
393.352,1.90909,374.138,2011.51,80.4321,500000,100000,1,1.90909,80.4321,360.5349558686051,1.963838771994716,341.2506380244092,2245.8381989834274,71.68686234096404,502151.15626227454,109762.59046948048,0.9951312685676726,2.019245173477041,69.9065095325241
393.352,2.13636,374.034,2011.51,80.8721,500000,100000,1,2.13636,80.8721,369.2441312463352,2.12420146547166,426.0163212810015,2178.431876907764,84.82939224923652,444488.2139578821,94061.14120675402,1.015110575439752,2.1764489802486144,73.31470864624235
393.352,2.40909,373.934,2011.51,81.2933,500000,100000,1,2.40909,81.2933,414.5670631595933,2.382026294789125,353.2321419655742,2282.1564490296164,102.29252621014476,477625.17432979366,92658.22294729478,0.8834192555202067,2.4990069185647146,76.48537874664746
393.352,2.63636,373.866,2011.51,81.5793,500000,100000,1,2.63636,81.5793,362.3481496132965,2.558848574857585,362.3367775221493,1813.9780256323347,88.86144203367722,513316.6909201522,106083.30881848517,0.963895646735187,2.575688624584287,81.9786333231517
393.352,2.86364,373.809,2011.51,81.8208,500000,100000,1,2.86364,81.8208,403.0683880917344,2.919072670190233,396.63110085109946,2252.013224803828,68.05623143488579,472162.8057478328,104117.48659176678,1.0177745478545288,2.7624906855504,78.30003823483923
393.352,3.09091,373.76,2011.51,82.0276,500000,100000,1,3.09091,82.0276,416.4167652591855,2.9864263132695914,345.06756031270345,1804.300850158992,84.90556648254321,472621.5808654584,96510.948971116,0.9321635905697848,3.23503895723615,96.93491126471912
393.352,3.36364,373.709,2011.51,82.2394,500000,100000,1,3.36364,82.2394,359.1360052845038,3.53301908977714,346.4446459046542,1658.5243798052288,73.09966344744971,499698.0876442799,95056.61924744803,1.0083835268563228,3.271963825284361,71.67202379651388
393.352,3.59091,373.673,2011.51,82.3918,500000,100000,1,3.59091,82.3918,384.1534398530782,3.8556466092557327,387.8075168699685,1562.484301668159,72.91867806019738,475340.5083876504,104774.4974237045,1.0651758622824798,3.37122303033672,74.54368539562576
393.352,3.81818,373.641,2011.51,82.5264,500000,100000,1,3.81818,82.5264,368.1186221315489,3.832158252039702,380.7071435201881,1728.526265048362,67.74787173609927,501286.0249144888,98450.89175837256,0.989795571994606,3.8126991184150736,81.35750971061945
393.352,4.04545,373.613,2011.51,82.646,500000,100000,1,4.04545,82.646,422.86834325827937,3.807368869326909,430.1079984431769,2080.988961131522,100.99708772769154,469290.426491512,104217.6691329286,1.0553647642499298,4.124800605360549,97.81824041013392
393.352,4.27273,373.588,2011.51,82.7531,500000,100000,1,4.27273,82.7531,434.1966486414812,4.180868140433456,373.392740590706,1781.6138789875909,93.31161342342716,479475.6357984418,104314.63819615624,0.9858175784663856,4.291414173837048,90.61009597650786
393.352,4.54545,373.56,2011.51,82.8677,500000,100000,1,4.54545,82.8677,389.4902697081363,4.910162138081782,287.11209026328726,2190.5636189634047,100.53932201405809,517087.99192735273,106604.43965796268,1.103121772086991,4.230409499698633,95.10596736349224
393.352,4.77273,373.54,2011.51,82.9533,500000,100000,1,4.77273,82.9533,407.7612719826451,4.630197445225927,420.5192658307286,2304.759763456569,76.62620196373253,434605.5419346496,98713.2662095487,1.0000731688925772,4.87046985953587,86.61900592079567
393.352,5.0,373.522,2011.51,83.0312,500000,100000,1,5.0,83.0312,400.16659674857135,4.950332716544274,453.52976397133375,2008.012609968638,71.78073477008725,551152.5620908627,92409.35773426574,0.9405152917854148,5.197191862856094,86.7222247719891
395.372,0.5,376.465,2011.51,70.6161,500000,100000,1,0.5,70.6161,415.10126265777154,0.5092716948117756,350.69108434055534,1835.297036285197,77.62975690674222,494051.30464190623,104519.93222579088,0.9613509883674888,0.5502844873990113,74.44123902205759
395.372,0.727273,375.454,2011.51,74.8823,500000,100000,1,0.727273,74.8823,374.8145156890262,0.6590960415063152,405.0733644706559,2178.572061609372,61.92903605773847,489944.08658536186,99947.58345910204,0.9706529896966444,0.7689026362460996,79.10095917274127
395.372,0.954545,374.892,2011.51,77.2526,500000,100000,1,0.954545,77.2526,391.6024758922697,0.913899651073299,385.0424454626648,1924.796926469292,79.12284968088655,479033.1173661939,96801.29582995435,1.0756978859565482,0.9276280165481074,83.25298492779352
395.372,1.22727,374.478,2011.51,78.9978,500000,100000,1,1.22727,78.9978,442.8841613383414,1.254300284015319,397.1963262638664,1663.0790221046404,66.92729612930606,549065.2708283577,101486.3506590558,0.9431509346302884,1.3414453200562797,77.70813045426867
395.372,1.45455,374.247,2011.51,79.9736,500000,100000,1,1.45455,79.9736,418.837927298501,1.4585217784415925,326.7306448368386,2173.627324343243,76.3763926628374,499165.8165085437,93669.32310826628,1.0501610739502998,1.391385969256541,88.0827922415997
395.372,1.68182,374.076,2011.51,80.6953,500000,100000,1,1.68182,80.6953,401.3546794581244,1.596194011175882,380.0251649765789,2236.6528409937846,73.86711541732333,538819.7912499607,100931.41478431904,0.9542321707768212,1.6663474151104751,85.77707975596516
395.372,1.90909,373.944,2011.51,81.2507,500000,100000,1,1.90909,81.2507,403.71278262217567,1.9467713691986088,370.1283427033141,2072.4954136313413,64.23626941503636,490003.0528610063,100405.1289352281,1.1031089783743484,1.9243695393786795,89.45224919989471
395.372,2.13636,373.839,2011.51,81.6914,500000,100000,1,2.13636,81.6914,418.88616630735567,2.0338836218134886,370.7903132314432,2267.251079620798,73.8463730855406,473325.2702416063,107203.88468227058,1.0047305249691671,2.3253048169749744,84.80199508605476
395.372,2.40909,373.739,2011.51,82.1132,500000,100000,1,2.40909,82.1132,392.4056111221888,2.2494538949821545,350.8762627918969,2065.336402814158,100.4742656597389,532015.2494020647,95668.43853771382,0.9604669647472008,2.575486065413694,75.55206207599034
395.372,2.63636,373.671,2011.51,82.3996,500000,100000,1,2.63636,82.3996,366.90421012234646,2.681501189991341,306.0207471360934,1750.2438361007476,94.8799738431087,509097.06458789017,96681.25707507091,1.00884423745056,2.778797192623652,86.28118284687383
395.372,2.86364,373.614,2011.51,82.6415,500000,100000,1,2.86364,82.6415,382.7406207946253,2.688421765366062,364.8518951495178,2091.233817556096,81.6382430348954,547919.9300958383,97276.8538345742,1.0441115000151713,2.7823961893237,71.33479935569204
395.372,3.09091,373.565,2011.51,82.8485,500000,100000,1,3.09091,82.8485,439.8995024615296,3.0647409871127267,353.955582426467,1945.710421621796,95.5428859522442,467456.7284801896,98610.5231421484,0.8903900338225641,3.396975935225341,84.18173572464974
395.372,3.36364,373.515,2011.51,83.0607,500000,100000,1,3.36364,83.0607,362.844770330908,3.7604846453239738,340.0491777687582,2076.8132507225346,77.66523070485025,524668.204936964,98715.03175928154,1.0495835697764944,3.589999128344148,94.293550444975
395.372,3.59091,373.478,2011.51,83.2133,500000,100000,1,3.59091,83.2133,407.1294606786444,3.571522015103023,417.5602745940381,2290.6493821028603,76.91800802932644,516010.7976469945,100965.39596668094,0.9546216375700828,3.573735175060547,80.40622083866458
395.372,3.81818,373.446,2011.51,83.348,500000,100000,1,3.81818,83.348,394.1346214918055,3.756183841915435,391.3120182606,2142.0143963909645,69.8901407494731,493543.4648094684,112281.50759471116,1.0066284566430668,3.6196545489327647,89.12798154468545
395.372,4.04545,373.418,2011.51,83.4678,500000,100000,1,4.04545,83.4678,375.8289378391764,3.972284600581732,326.8051737152892,2180.388463413817,70.42681923665792,482631.10362149193,102727.32251212232,1.0196678079004389,3.7956151951836814,76.40177053321551
395.372,4.27273,373.393,2011.51,83.575,500000,100000,1,4.27273,83.575,364.3254017672149,4.189327492425729,352.7064477994415,2106.552955061964,80.21898640308378,511339.74984065926,98705.77781261136,0.9786690896845188,4.284002493235623,92.45133023954176
395.372,4.54545,373.365,2011.51,83.6898,500000,100000,1,4.54545,83.6898,376.2291858095828,4.153129037330925,354.69043649589923,2249.6061777138643,55.6133980908011,476857.713684877,97870.49318182984,1.009696363995221,4.35913648736981,76.61624910166253
395.372,4.77273,373.345,2011.51,83.7755,500000,100000,1,4.77273,83.7755,363.8807440793058,4.690136887947369,393.44848533845294,1929.6342921174053,87.33181679513721,507310.4151171449,101860.92345475334,0.9819190848146092,4.59858654657743,81.95523783558262
395.372,5.0,373.327,2011.51,83.8535,500000,100000,1,5.0,83.8535,422.33914650398094,4.989417026084947,370.3565472303152,1864.5121009980487,99.0435783576702,560163.2534907025,109188.21517050295,0.9777374914436952,5.163036516993212,95.14256521981429
397.392,0.5,376.277,2011.51,71.4081,500000,100000,1,0.5,71.4081,399.8801607778129,0.5226708536593232,448.33045224197593,2031.904655260608,63.45235832442568,563996.4935634289,110781.36124561664,1.0379261380097788,0.4871566330742878,68.86085068104367
397.392,0.727273,375.264,2011.51,75.6842,500000,100000,1,0.727273,75.6842,398.1985406675447,0.7255822145977172,395.01361402250745,2100.942125107392,65.53631319461977,482858.6969196528,103035.44882514018,0.9243151306628892,0.7601364201635592,73.11622830198988
397.392,0.954545,374.701,2011.51,78.0583,500000,100000,1,0.954545,78.0583,372.6769350580693,1.0020587512952033,334.5623460619664,1609.5467892782783,63.84251557537666,474991.982557572,104663.38841512596,1.0243107667675524,0.9482338040849464,89.62373422032839
397.392,1.22727,374.286,2011.51,79.8065,500000,100000,1,1.22727,79.8065,384.010010692524,1.2950446175794306,428.2447983378418,2168.790781965992,84.06286642716105,499714.3446280377,107988.57781090205,1.0451696193532647,1.2764676572849298,83.12249479125457
397.392,1.45455,374.055,2011.51,80.7838,500000,100000,1,1.45455,80.7838,403.54801358392695,1.4349503928820384,400.38126703681127,2010.134690832416,83.70969995293764,484105.84466983343,88201.77832006475,1.105869691111944,1.2812640661518149,70.26949918162853
397.392,1.68182,373.883,2011.51,81.5067,500000,100000,1,1.68182,81.5067,398.2625164236361,1.9101116712583444,332.1657064753061,2279.014346863836,64.92414187383237,481655.53921017057,97303.9273717888,0.9676915286354124,1.647737651541959,94.41818560400806
397.392,1.90909,373.751,2011.51,82.0629,500000,100000,1,1.90909,82.0629,370.1745627169556,1.852851989744709,335.2871753688555,1881.945289626561,87.5510767091225,483561.6572293629,98509.4761138426,0.8832675783548436,1.8635571947757683,89.79089136868656
397.392,2.13636,373.647,2011.51,82.5042,500000,100000,1,2.13636,82.5042,430.7272440953733,1.9960515876354228,403.0477904102685,1920.5930173195643,81.3274407128221,457230.1710581152,108323.64236656572,0.9813988652998232,2.1360279206956645,87.69361552141567
397.392,2.40909,373.546,2011.51,82.9267,500000,100000,1,2.40909,82.9267,385.834232912206,2.3664909583280203,385.01489012124415,2012.1765704690536,78.55489037832385,500762.6982439593,103409.31444767956,1.0016534975257374,2.331599096217897,83.84839727214533
397.392,2.63636,373.478,2011.51,83.2135,500000,100000,1,2.63636,83.2135,382.0929398881572,2.623654770010243,380.91100071524,1973.8761539317736,73.29285010596222,521644.0544775568,100311.71010073934,1.0435371591827078,2.643423387345808,82.4894654369139
397.392,2.86364,373.421,2011.51,83.4557,500000,100000,1,2.86364,83.4557,357.7772702763622,2.7405808378772663,445.1938956024816,1736.3705735589838,70.61690920767593,508277.3395521391,89594.09482964405,0.984838947091062,2.9055995903535754,96.78650392714673
397.392,3.09091,373.372,2011.51,83.663,500000,100000,1,3.09091,83.663,405.7177401084996,3.0917144498021853,390.1351914158362,1917.4330980836164,81.3687938108868,510017.686660824,103450.40082128152,1.0384339086837269,3.2592366040490224,77.94232114435478
397.392,3.36364,373.321,2011.51,83.8755,500000,100000,1,3.36364,83.8755,379.0985839749502,3.133680301088173,330.9500309785645,2024.5913746306312,79.2066870005725,494729.2105026832,107017.7181477386,1.0001975161723575,3.317426845454302,99.3944100896081
397.392,3.59091,373.285,2011.51,84.0283,500000,100000,1,3.59091,84.0283,382.7773142527184,3.787433763194861,422.0308355557245,1741.0419229283923,75.04308044119293,456452.4562344128,100979.03919462045,1.024407403378642,3.671009320079049,90.73963860416012
397.392,3.81818,373.253,2011.51,84.1632,500000,100000,1,3.81818,84.1632,391.1050906679442,3.967750643456027,357.5532568570262,1920.660626299366,84.52737167499501,501248.1721679519,95494.20029519296,0.9725093019872656,3.662921506490213,98.66065133803056
397.392,4.04545,373.225,2011.51,84.2832,500000,100000,1,4.04545,84.2832,401.2079391250104,4.1316497527110325,367.1851273311467,1865.3422917642188,69.93077167176493,498767.2616678535,104192.46113504768,1.0019791088364698,4.472547268767426,84.04670857671526
397.392,4.27273,373.199,2011.51,84.3905,500000,100000,1,4.27273,84.3905,416.4012923537817,4.198651566909618,332.99095160618805,1996.6434530430413,94.91310546541663,475016.7086777851,93946.4377473505,1.0655108523067418,4.316815774396392,90.5826373744448
397.392,4.54545,373.172,2011.51,84.5054,500000,100000,1,4.54545,84.5054,354.6149250742713,4.988395718746479,393.9926757807014,1989.5779683107105,116.4479791829502,535693.0876195655,101371.21766216328,1.0444837300323295,4.5650118148632055,88.82882611134998
397.392,4.77273,373.152,2011.51,84.5913,500000,100000,1,4.77273,84.5913,399.0179166225967,4.350003922302371,381.4682145913863,2091.5167975446016,109.50976637985583,519324.6477349999,104804.73313792468,0.949409509839244,5.005668057152598,84.91369041399504
397.392,5.0,373.133,2011.51,84.6694,500000,100000,1,5.0,84.6694,403.7840067299923,4.88825561179849,361.8918204450761,2002.5548685293163,76.09135125258372,546229.681553648,104207.7723725798,0.940691849855464,4.901837722459587,76.01214638019452
399.413,0.5,376.091,2011.51,72.1935,500000,100000,1,0.5,72.1935,386.0707993819535,0.5054827228283013,369.1538333677053,2142.8099381505654,77.45249110562563,513589.5191072303,97448.4030330754,1.0499743623461455,0.504603197121962,70.76007175818906
399.413,0.727273,375.076,2011.51,76.477,500000,100000,1,0.727273,76.477,381.4700103994449,0.7073006778444701,328.4858089798486,2261.475194305307,63.62312052976164,502011.9077125471,102098.6573840488,0.986458937500274,0.7128344176313129,67.51664816623196
399.413,0.954545,374.511,2011.51,78.8581,500000,100000,1,0.954545,78.8581,398.9131953663363,0.9485399883538148,320.2684776809518,2124.509287753064,84.60959287172847,498732.02452376793,97908.14670621618,1.0464799463867314,0.9992914292031788,77.04984729429744
399.413,1.22727,374.096,2011.51,80.6092,500000,100000,1,1.22727,80.6092,378.1419878245038,1.2829134563481377,408.9419021387069,1940.4618786083668,72.62966615312688,488163.5940728276,94688.31289889224,0.9995817386776252,1.3498673024463088,89.58431786200994
399.413,1.45455,373.864,2011.51,81.5881,500000,100000,1,1.45455,81.5881,409.9913086047943,1.504782948930103,380.1617678650042,1741.635334312652,92.39927923747166,527613.5793949822,97709.10220553288,0.9782295754442352,1.5751243797564678,74.03127720635908
399.413,1.68182,373.692,2011.51,82.3121,500000,100000,1,1.68182,82.3121,380.6538616174335,1.693051649357836,361.1627247840667,1723.340748098434,77.15875338772359,484877.5898471697,103307.0815855627,1.085010876389788,1.6725550674733658,92.6881236183216
399.413,1.90909,373.56,2011.51,82.8692,500000,100000,1,1.90909,82.8692,423.752466373599,1.941744934962319,361.991527350236,1904.574520462824,78.51849203729873,483400.7418214524,94586.82557664192,1.0280657973786362,1.9922751709764568,75.89432977630929
399.413,2.13636,373.455,2011.51,83.3112,500000,100000,1,2.13636,83.3112,387.16295009735614,2.160882490374269,365.9000049732916,2217.2894612200207,68.3683874019258,475334.6183071313,104215.41040502887,0.9655072740724512,2.087571792674453,87.09909399053798
399.413,2.40909,373.355,2011.51,83.7343,500000,100000,1,2.40909,83.7343,408.1389392596449,2.3512522922591232,450.7610757723591,2251.895454195509,90.08077773168426,510149.073473648,103064.68858745135,1.0201700965614493,2.40005127424242,79.62166792018162
399.413,2.63636,373.287,2011.51,84.0215,500000,100000,1,2.63636,84.0215,418.0719759353906,2.813560904138274,376.3440964195677,1996.990233983855,85.7209846526775,481039.8574405269,102941.02756199289,1.000428923593984,2.7069092164918502,88.65587880628708
399.413,2.86364,373.229,2011.51,84.2641,500000,100000,1,2.86364,84.2641,410.226362633023,3.08618526855475,357.300973615541,2167.796956825738,79.85641581403205,483698.8688316703,97348.1238791957,0.9924589667119612,2.821233974436778,91.57423422270892
399.413,3.09091,373.18,2011.51,84.4717,500000,100000,1,3.09091,84.4717,407.2375806604924,3.187980487524435,394.8401859605115,1883.3604838961696,101.5098662736192,499777.58079089073,99865.6297988098,0.9600655343672866,3.0260532448328985,91.60961236208372
399.413,3.36364,373.129,2011.51,84.6844,500000,100000,1,3.36364,84.6844,379.98018075578375,3.380035884742884,419.916831754829,1874.954577244672,105.749545536967,519058.1944233686,97825.9183315387,0.8934963894900474,3.432498453425274,84.96826272509502
399.413,3.59091,373.093,2011.51,84.8374,500000,100000,1,3.59091,84.8374,390.5603653102423,3.359354460153533,403.3337546013111,2079.272680843174,108.21641772297014,461966.9654487707,107636.98288425384,0.9922220243643955,3.424499163348885,75.31909206886645
399.413,3.81818,373.061,2011.51,84.9725,500000,100000,1,3.81818,84.9725,367.1891300694929,3.7695730439980752,431.9619643122652,1803.0675468346592,86.34757479513058,484800.0823378707,94746.99634368316,0.9567733558844778,3.4502455263089407,90.67184697966124
399.413,4.04545,373.033,2011.51,85.0927,500000,100000,1,4.04545,85.0927,387.318464021354,4.163770005430328,416.1598903791049,2240.379099206207,86.03235431003557,499137.0814072751,110184.93505312764,0.9906228756778344,4.462512279604017,77.62754697000047
399.413,4.27273,373.007,2011.51,85.2002,500000,100000,1,4.27273,85.2002,387.3164792729234,3.969175182125812,420.11883112381935,1966.8450211409715,83.38067642401624,466776.2181919098,99652.52100823092,1.033228073031692,4.041927058851013,74.70108523979961
399.413,4.54545,372.98,2011.51,85.3152,500000,100000,1,4.54545,85.3152,384.366755407571,4.481749447092167,400.2921176880832,1865.342057423424,64.09220577016026,508732.31703958486,102559.68492235323,1.0595162882174036,4.618255421462665,83.60750601946857
399.413,4.77273,372.959,2011.51,85.4012,500000,100000,1,4.77273,85.4012,392.1172911612889,4.573626455337567,334.9481144249864,2348.254524882768,96.13283282365283,503540.3355673337,102605.0289571733,1.0692980898897373,5.177572433870495,76.21044535038381
399.413,5.0,372.941,2011.51,85.4794,500000,100000,1,5.0,85.4794,386.2943942676599,4.947366264911752,395.9771698148318,2329.518955734013,99.0849938265903,467466.4003034624,97620.8379461406,0.9824032726249392,5.085629149783498,90.46579704433024
401.433,0.5,375.906,2011.51,72.9726,500000,100000,1,0.5,72.9726,380.419769174452,0.4960212632115568,380.4548100573893,1890.3810214738369,81.72419108650598,527649.2813261772,99192.4318355694,1.0288059242364027,0.5434607332937103,82.76990516182533
401.433,0.727273,374.889,2011.51,77.2648,500000,100000,1,0.727273,77.2648,386.2428738605148,0.7480403761001765,381.88498455318944,1658.499602507712,86.75913939919204,530816.3995987523,104619.1604738409,1.0143143617927304,0.7145399607579284,81.51982460997581
401.433,0.954545,374.324,2011.51,79.6483,500000,100000,1,0.954545,79.6483,428.0920479472446,0.9238980358427455,412.40853491295474,1987.262319517168,86.79124692075968,476817.1508471421,107731.5167559851,0.98165188948714,0.9586536552831808,70.07177832136564
401.433,1.22727,373.908,2011.51,81.4023,500000,100000,1,1.22727,81.4023,402.5773474883405,1.225148527241401,378.8920272701729,1669.1848578901088,56.74079809587106,480677.5924995999,98233.43705748522,0.9888752816538612,1.2286737313988514,77.03776342288535
401.433,1.45455,373.675,2011.51,82.3828,500000,100000,1,1.45455,82.3828,422.9599918969143,1.4989102395221865,253.61495595907988,1912.3042503891904,66.20798805913232,519623.8230979889,95789.73003304304,1.057499970983866,1.4197839837809674,94.0960671661132
401.433,1.68182,373.503,2011.51,83.1079,500000,100000,1,1.68182,83.1079,442.7044698396667,1.4025441559059535,376.2534347429858,1790.712627104621,78.10310636618787,528014.9615814905,109808.0002999844,1.0197423633956386,1.7258756222306808,80.92377915555615
401.433,1.90909,373.371,2011.51,83.6659,500000,100000,1,1.90909,83.6659,417.8061918220644,1.942277004138225,369.12849978316206,2154.4298683647567,80.55648593154199,460142.42943758913,99321.37023399056,0.9747972664522156,1.8444278351499963,72.83684955806302
401.433,2.13636,373.266,2011.51,84.1085,500000,100000,1,2.13636,84.1085,396.441358757138,2.116367350508278,356.1782799415725,2122.7707979534302,99.90032744805714,515704.0970119597,100897.09788992107,1.0191228102125625,2.229925984171797,77.52828578046889
401.433,2.40909,373.166,2011.51,84.5321,500000,100000,1,2.40909,84.5321,405.0664013687552,2.3435647499339,374.2643283084927,1945.401183165633,103.41309240623843,489734.8705363617,103288.03874359308,1.02333454786213,2.4090384627401416,84.06253898632833
401.433,2.63636,373.097,2011.51,84.8197,500000,100000,1,2.63636,84.8197,413.2022933570457,2.745183282495156,366.44770210679707,1939.374314563467,65.47182291881391,490948.18274130207,111965.56801297163,0.995190748645089,2.572958263620297,92.7819995318528
401.433,2.86364,373.04,2011.51,85.0626,500000,100000,1,2.86364,85.0626,406.2653135550817,2.6040899845048973,392.8744895727578,1952.235491182625,115.58722912806108,522777.3131412797,101687.70274480876,1.1293705411529529,2.779556894240031,91.61020560030651
401.433,3.09091,372.99,2011.51,85.2705,500000,100000,1,3.09091,85.2705,409.0834776959324,3.2190434329618536,385.528177092083,1941.5889504661948,91.56007065258166,467692.3102177252,101241.09337556762,0.994962157653255,3.106659239320633,93.29783744572978
401.433,3.36364,372.94,2011.51,85.4835,500000,100000,1,3.36364,85.4835,384.3616511252699,3.109686328585648,312.8087345122691,2425.306703282128,95.4579931509686,542642.1952716685,96242.99964748694,0.90801174820447,3.4146891115774687,83.62081198378068
401.433,3.59091,372.904,2011.51,85.6368,500000,100000,1,3.59091,85.6368,377.4296537379015,3.547329174067857,383.3879443501694,1963.8750545742523,104.56399902918572,503395.7895455389,95798.15709510942,0.9225062575434466,3.524638869242909,80.29697080267569
401.433,3.81818,372.871,2011.51,85.772,500000,100000,1,3.81818,85.772,401.7278163037363,3.787320744839883,366.8577280042531,2429.530755691259,83.42597699671491,483293.4520233229,94512.15363029324,1.0740860116206783,4.088388405385807,90.17997353003727
401.433,4.04545,372.843,2011.51,85.8923,500000,100000,1,4.04545,85.8923,383.6195676294185,3.786796901806072,395.1263720699492,2052.043082364207,95.44459334345804,502455.2970672748,92595.62222543088,0.964132451815983,4.115097212255955,85.93161473103608
401.433,4.27273,372.817,2011.51,86.0,500000,100000,1,4.27273,86.0,393.4116423550087,4.170148250623512,390.1050417329834,2310.7182782725467,110.78732189478929,487139.8163662136,104448.3941048506,1.045147718767663,4.089355505560883,86.2867363246935
401.433,4.54545,372.79,2011.51,86.1152,500000,100000,1,4.54545,86.1152,426.7751462195542,4.81988226987471,310.36371892450245,2167.912098139789,87.04672290278903,478721.2708084929,92030.28923676324,1.0415876115977498,4.742890809944479,89.7938690688458
401.433,4.77273,372.77,2011.51,86.2012,500000,100000,1,4.77273,86.2012,432.385691229459,5.074027053377001,379.44336261973376,1901.833509640352,94.55413628764826,543440.9574561279,95161.79017801111,1.009434479718428,4.365848593789476,85.06738328105833
401.433,5.0,372.751,2011.51,86.2796,500000,100000,1,5.0,86.2796,413.3259935399339,4.8914916614191,332.9289605886636,2178.507448613578,77.20366216915966,512942.1503126087,101792.51856438372,1.01965726841927,5.346350549516049,93.14937306991168
403.453,0.5,375.723,2011.51,73.7456,500000,100000,1,0.5,73.7456,419.1546055631329,0.5138406852339558,414.75146294028303,1900.749236181739,72.06351868368561,497183.8007595209,98180.86889607317,0.9971323692906598,0.4850094805483493,69.73905440098422
403.453,0.727273,374.704,2011.51,78.0464,500000,100000,1,0.727273,78.0464,394.3101891907381,0.7318062160056846,397.6093238034759,2075.330171509062,66.94745702534237,493324.6282457528,104047.64906061778,0.9738881995365136,0.8082241123683489,74.39052745407669
403.453,0.954545,374.137,2011.51,80.4342,500000,100000,1,0.954545,80.4342,380.4221050917747,1.0026739211014617,330.92134724008366,2354.951416602462,90.918655061588,472717.97514604987,93397.90206054556,0.9917695979044024,1.0015429897894064,81.49342580499888
403.453,1.22727,373.721,2011.51,82.1911,500000,100000,1,1.22727,82.1911,433.98329196301336,1.2082568323951457,424.3083271191927,2017.0100706405844,99.44662225047404,485746.4769482877,92463.13398701018,0.9168877754498472,1.3180441097119664,94.64933590876996
403.453,1.45455,373.488,2011.51,83.1732,500000,100000,1,1.45455,83.1732,415.19545323787617,1.2430103757057942,358.2371149819005,2165.1673488555093,88.35228076877829,474294.62899027753,99087.1583653068,0.945431004855046,1.4098655723118894,91.41791984355936
403.453,1.68182,373.316,2011.51,83.8994,500000,100000,1,1.68182,83.8994,441.4700999444117,1.7062095688966057,404.16273241634894,2246.527843574604,54.29164979422488,527641.4674531316,102256.06194037816,1.067109326239603,1.6025787994593206,85.85640703502787
403.453,1.90909,373.183,2011.51,84.4582,500000,100000,1,1.90909,84.4582,367.7788916322785,1.9469204970862195,352.60446487714734,1905.6070514310347,65.60165471712939,503922.7630764991,99802.22106216496,1.021339115192367,1.9266362873082017,78.35316580703791
403.453,2.13636,373.078,2011.51,84.9014,500000,100000,1,2.13636,84.9014,413.8136751897936,2.302692811915831,411.2600506735096,2055.0562459428866,64.83471434646151,501975.8102789567,102666.30856149436,0.9291012228109952,2.230409108209308,92.1102550206954
403.453,2.40909,372.977,2011.51,85.3257,500000,100000,1,2.40909,85.3257,436.965000694349,2.442262715685603,334.52996102625065,1854.212054087425,74.22575070482121,501878.2500062591,103265.24939318096,1.092720876446975,2.122948162018758,72.65304470646687
403.453,2.63636,372.909,2011.51,85.6137,500000,100000,1,2.63636,85.6137,409.54094236789314,2.440744848339124,401.465645519705,1954.903477962419,106.7070429418398,551512.3997910782,108921.27129843432,1.0055717202330687,2.551659600097195,92.76738186185244
403.453,2.86364,372.851,2011.51,85.857,500000,100000,1,2.86364,85.857,385.7417645712652,3.0320236048825784,366.0277193329348,1951.571293196116,100.88838697691573,530138.2625514629,93296.85128342196,1.0391498286877694,2.922894203309897,83.68967339754938
403.453,3.09091,372.802,2011.51,86.0652,500000,100000,1,3.09091,86.0652,387.2507521405581,2.7796824461281626,410.3474273353212,2188.4023060784416,74.52769978975634,459999.8440563107,94634.56636618724,1.0145085414195647,3.245178152330624,80.61248006919168
403.453,3.36364,372.751,2011.51,86.2785,500000,100000,1,3.36364,86.2785,421.2865383649027,3.633561094373975,359.6494123137288,2301.4588883696083,76.48234103430174,483353.91913864034,101198.66716581528,0.9212997362764458,3.59436009296065,89.00736723263488
403.453,3.59091,372.715,2011.51,86.4319,500000,100000,1,3.59091,86.4319,371.9323093200777,3.6932287388634313,337.35547075080177,1929.8449868066368,88.62667658262686,529245.4254391759,104500.51666962467,0.9885478514845696,3.4146162819789345,93.2321260310036
403.453,3.81818,372.683,2011.51,86.5674,500000,100000,1,3.81818,86.5674,376.0871500589636,3.822325210645922,382.2881493143759,1851.0804322906088,93.66793182891271,501533.0383266364,94721.4729187802,1.0839101793974733,3.824846441708108,79.25231793963465
403.453,4.04545,372.654,2011.51,86.6878,500000,100000,1,4.04545,86.6878,388.6343412283048,4.291414682641971,370.6175597445741,2372.858834171218,89.11980564568312,533207.4360278771,105507.57897554734,0.9868372646334304,3.541949362345272,90.1949614332012
403.453,4.27273,372.629,2011.51,86.7956,500000,100000,1,4.27273,86.7956,404.6972460230356,4.371925819493046,461.7114823649433,1743.438949792886,70.7755108179721,538802.5417377447,109984.8293521352,1.0232720852144526,4.236065331557025,83.00153571376623
403.453,4.54545,372.601,2011.51,86.911,500000,100000,1,4.54545,86.911,405.1907504023354,4.325506506410282,327.07898069162013,1530.2592836506724,87.4834849564023,478479.66535487527,99425.0687592413,1.0635707483018466,4.955661188164283,86.27616266464152
403.453,4.77273,372.581,2011.51,86.9972,500000,100000,1,4.77273,86.9972,355.7863910041669,4.775731037642226,417.0665109323247,2221.61194676777,74.16953119076454,514023.7325813368,103501.66668406656,0.9522729289748209,4.912965917344469,82.35851856823004
403.453,5.0,372.562,2011.51,87.0756,500000,100000,1,5.0,87.0756,388.7672514676141,4.969875646525161,323.03012157566616,1997.659488107554,65.23340960158787,518144.63823285874,111267.21128588132,0.9839606429551764,5.202215729619863,97.7097993650526
405.473,0.5,375.541,2011.51,74.5128,500000,100000,1,0.5,74.5128,401.76502156679487,0.4536016678202891,390.740928289369,1991.718385585394,100.41890708355264,500348.4525136379,100505.1031444878,0.9852335178083188,0.4543057373198056,67.93045865299825
405.473,0.727273,374.52,2011.51,78.8221,500000,100000,1,0.727273,78.8221,386.1455494611758,0.6880822967605702,395.1299731989884,1625.8321226235144,82.59649479370022,513819.05840227066,102433.49982321548,0.9715324770216835,0.7563031321236356,81.00550585320588
405.473,0.954545,373.953,2011.51,81.214,500000,100000,1,0.954545,81.214,399.5569204679504,0.986201214485955,316.9491352622555,1944.0816114396696,73.95208437186453,483253.9675759133,101743.16082831004,0.9518326441997996,0.9622629874064093,83.14491753959612
405.473,1.22727,373.535,2011.51,82.974,500000,100000,1,1.22727,82.974,411.529811900688,1.205828062041666,391.6356541710392,2150.3189062033366,54.3592293741291,496319.83254657954,96389.87084009028,1.0040769167133166,1.2922393738646418,68.66919072626126
405.473,1.45455,373.302,2011.51,83.9576,500000,100000,1,1.45455,83.9576,376.31385566488615,1.5509503172297776,418.04499484817137,1987.8285953848408,95.7400341864902,477318.577411458,105420.02800377012,1.0784003819734445,1.413652280709759,79.36331695565201
405.473,1.68182,373.129,2011.51,84.6849,500000,100000,1,1.68182,84.6849,396.404152450078,1.619698721850383,413.4794142502623,2267.2847435505764,95.35983873905408,503234.7524421056,98874.96419924538,0.9144931645978016,1.4968763899006603,80.24183028780459
405.473,1.90909,372.997,2011.51,85.2445,500000,100000,1,1.90909,85.2445,388.3142614015443,1.8775271427121984,344.26453613073096,1873.8297437565147,100.02135859962672,520546.2365058221,90906.79716988224,0.9642112684953748,1.9703955267888125,97.55364573266613
405.473,2.13636,372.891,2011.51,85.6884,500000,100000,1,2.13636,85.6884,386.109179119174,2.1310760797843926,324.65286802247374,2112.6485612377505,85.617917374407,482328.24303873314,100466.7737417562,1.0044724059841914,2.004126984858909,86.52065654798749
405.473,2.40909,372.79,2011.51,86.1133,500000,100000,1,2.40909,86.1133,403.8583783083713,2.5909189577785443,381.13478074829584,1995.399133805402,80.46573070472671,461497.281920639,98996.56926815676,0.951339363297304,2.296924693254968,93.35666414749916
405.473,2.63636,372.722,2011.51,86.4018,500000,100000,1,2.63636,86.4018,425.4573449269151,2.627808776383228,395.4313967160752,2097.061284291437,82.0024963945344,498610.9989809339,96160.75702708832,0.9748237942073112,2.550227776069193,96.04079316440476
405.473,2.86364,372.664,2011.51,86.6454,500000,100000,1,2.86364,86.6454,409.4138792956734,2.9018661265797707,379.4321452406148,1999.893027425398,90.04902102705535,475910.57959545945,101934.43612888416,0.9816752305943754,2.706531274662617,79.23199463454955
405.473,3.09091,372.615,2011.51,86.8538,500000,100000,1,3.09091,86.8538,432.1855112777784,3.259756805763912,399.7145204664825,2091.980609877068,95.76307669748452,504605.70038920233,105165.44862422971,1.0245390972573003,3.135989605698969,90.9525846070596
405.473,3.36364,372.564,2011.51,87.0675,500000,100000,1,3.36364,87.0675,393.150229771343,3.257947251652476,378.3601686309779,2204.499007926547,80.50130899971973,515947.4720252362,101331.54018247747,0.9729982609235224,3.18563578362876,86.15912511398565
405.473,3.59091,372.528,2011.51,87.2211,500000,100000,1,3.59091,87.2211,422.515436200344,3.5733874561952805,369.7496776039998,1655.5308962060155,97.5184451614061,540344.3471985197,106394.5128201076,0.9985250645129434,3.527399264409321,93.3512867053372
405.473,3.81818,372.495,2011.51,87.3567,500000,100000,1,3.81818,87.3567,386.772378763042,4.22005998522871,340.7873542722444,1825.69769612476,75.4955565780644,478745.1893849802,102609.3986082951,0.988199531191976,3.7891087018798206,68.6320115088244
405.473,4.04545,372.467,2011.51,87.4774,500000,100000,1,4.04545,87.4774,425.7124057402374,3.822111738116947,437.0484250902465,1842.0455539563209,83.29217672585789,483661.2696087904,102163.73513482144,0.9234301967834542,4.0972805545184885,106.80282748071576
405.473,4.27273,372.441,2011.51,87.5853,500000,100000,1,4.27273,87.5853,412.0489465518752,4.289380251256159,323.2888939575208,1961.165044511804,92.65154792013124,501199.2727784639,96081.3856892145,0.9834722490099896,4.3359086998122205,90.06558644660959
405.473,4.54545,372.414,2011.51,87.7008,500000,100000,1,4.54545,87.7008,400.2240511798643,4.842525935458021,288.8375375155001,1946.040181976468,107.6920416995182,489600.7279094506,101819.25464423258,1.0402138499008453,4.648945092731273,87.92665268498614
405.473,4.77273,372.393,2011.51,87.7871,500000,100000,1,4.77273,87.7871,408.0351753628712,4.652656818887095,400.35346216959886,1798.9579373457946,79.6214670053341,480472.9786473149,100530.58687222558,1.067898155410925,5.039902814968398,92.4920505631402
405.473,5.0,372.375,2011.51,87.8656,500000,100000,1,5.0,87.8656,409.11377819341976,4.635988376663391,401.42853439797096,2134.9696434203,84.54101913534419,486917.4127700902,91533.98882474827,0.9547758791640092,4.818985992607318,79.49762744307552
407.493,0.5,375.361,2011.51,75.2744,500000,100000,1,0.5,75.2744,414.636965552164,0.5150933254047555,354.6018472858363,1854.5180837650785,90.19691942105618,542019.253279171,104709.39620788574,1.0113614862569749,0.5131663340181692,62.57292140848171
407.493,0.727273,374.337,2011.51,79.592,500000,100000,1,0.727273,79.592,402.5774597273263,0.7545347564575137,351.9791471964916,2036.898970980252,76.21568304748206,494889.4765775866,104675.69949572509,1.01950814419338,0.7812019921632516,79.38853484678687
407.493,0.954545,373.769,2011.51,81.9881,500000,100000,1,0.954545,81.9881,430.0493811584878,1.0500912536931613,461.0868991501252,1667.3792365945226,62.99811163013709,525306.0762478767,88210.73728258706,1.0083637249920043,0.938473665848548,76.14222075308315
407.493,1.22727,373.351,2011.51,83.751,500000,100000,1,1.22727,83.751,414.256983042228,1.2500391560649786,363.41597848697694,2145.7304884146893,86.03013757152789,475064.8941683804,98035.80132479292,1.0280323167769858,1.220459727028378,82.60530800600817
407.493,1.45455,373.117,2011.51,84.7362,500000,100000,1,1.45455,84.7362,402.2048272855648,1.3815823660877296,374.0760928467607,1987.5848141776987,97.21458001668906,506577.5808268207,103213.09705788305,0.9643853162070604,1.6290258374772624,76.05335418434147
407.493,1.68182,372.944,2011.51,85.4647,500000,100000,1,1.68182,85.4647,396.5729323930071,1.7263293607452572,394.21123317292535,2013.2746525018704,71.4260975977103,524291.6591126128,103568.75380483094,1.0366308046792527,1.7231972272389111,89.67351110850018
407.493,1.90909,372.811,2011.51,86.0251,500000,100000,1,1.90909,86.0251,400.3757925399704,2.1425497113349623,436.7881989652777,2028.0191208667352,101.24076542943595,514133.0947253971,103046.01668018528,0.9656483691700832,1.7710560606035068,104.85919126755329
407.493,2.13636,372.706,2011.51,86.4697,500000,100000,1,2.13636,86.4697,386.0245894987397,2.100043618745856,441.0537479446665,2135.651254568779,82.65583129980526,470172.3354382934,101375.2986867447,1.0196601066001167,2.033451487872106,78.01490558480302
407.493,2.40909,372.605,2011.51,86.8952,500000,100000,1,2.40909,86.8952,408.920288305174,2.3960066351377294,433.123180966588,1963.96964616758,65.65771986352067,498457.3915533438,94493.0610215107,1.0112422780922634,2.1527756126855007,71.9329330252949
407.493,2.63636,372.536,2011.51,87.184,500000,100000,1,2.63636,87.184,417.70261832956487,2.2364255902607346,330.85493935214106,1603.304594289174,81.04171959679711,472962.2771701227,98974.7752574195,1.0738162617084843,2.43308403194309,65.4845885563947
407.493,2.86364,372.479,2011.51,87.428,500000,100000,1,2.86364,87.428,394.1664368827678,2.7310192313813464,304.8561112408736,1800.744174580388,81.88405403946358,503445.7832522949,105320.09012642958,1.0155095367372082,2.546478901565673,64.93275356259859
407.493,3.09091,372.429,2011.51,87.6367,500000,100000,1,3.09091,87.6367,426.9074853931684,3.3580155282843145,388.6032734646356,1911.7235807031009,90.06608392412377,480248.07039051736,97842.8245095661,1.0020862056969029,2.9344220432608763,86.50165258227803
407.493,3.36364,372.378,2011.51,87.8507,500000,100000,1,3.36364,87.8507,374.8535072706293,3.37799331712735,318.5026989908142,2325.8456404922945,72.88114804483779,526220.0252976884,97815.0002001127,1.03476197520623,3.247564594462596,80.87051973717075
407.493,3.59091,372.342,2011.51,88.0045,500000,100000,1,3.59091,88.0045,410.00325481655153,3.592229780603795,351.9683913543901,1925.8764507695885,105.15837519131124,530975.5887609387,106822.66579659763,1.0253202819955336,3.400568776756628,73.0964307637824
407.493,3.81818,372.31,2011.51,88.1404,500000,100000,1,3.81818,88.1404,411.4580587878495,3.907351865026869,373.2499200163383,2212.770417588878,52.80189730569104,503691.7652420987,99748.04120629732,1.0760829743582403,3.928639010643745,85.58664671623457
407.493,4.04545,372.281,2011.51,88.2611,500000,100000,1,4.04545,88.2611,398.7461174312394,3.975160245627736,377.0746292531531,2447.982060829755,84.41429896497965,537660.2719787508,95225.33620519278,0.978594756657958,3.6975281962279776,99.13647102835142
407.493,4.27273,372.255,2011.51,88.3693,500000,100000,1,4.27273,88.3693,422.9788742405884,4.178478555897239,360.221400763171,1933.816441761125,82.67806580832385,514038.424262203,100128.98172477186,0.9664831059536482,4.039822612847404,85.98410885096682
407.493,4.54545,372.228,2011.51,88.4849,500000,100000,1,4.54545,88.4849,434.8042086800655,4.699854703097849,391.8913446420602,1952.4088861188927,98.30596358820988,524401.8701482323,93043.29807858598,1.0309866479696648,4.621044743801579,85.90591744087352
407.493,4.77273,372.207,2011.51,88.5713,500000,100000,1,4.77273,88.5713,411.836806681523,5.088428468660911,328.2507074692014,1632.0958528408553,90.05135975171672,536984.4602485724,102301.67446202104,0.972523260142746,4.768032494211794,104.92656658497526
407.493,5.0,372.189,2011.51,88.6499,500000,100000,1,5.0,88.6499,407.9272173826138,4.627230019097132,372.8185285576743,2426.7639422839707,90.10534521181164,494079.78584687895,99248.05071957332,0.9739257932140232,5.38637934124891,102.13734369577357
409.514,0.5,375.182,2011.51,76.0305,500000,100000,1,0.5,76.0305,448.4422101242729,0.4999880320482873,356.78575935946526,1974.0247978479429,80.50443894474694,484744.7236342386,98772.42308875456,1.0015550226133088,0.4832764761087814,68.09841607984704
409.514,0.727273,374.156,2011.51,80.3564,500000,100000,1,0.727273,80.3564,377.0777076718025,0.7068307253547053,331.5047875017553,1586.5003938668087,76.24401012581538,503895.99374198855,96949.709078521,0.9778567406262876,0.7487518980062637,84.0147428191551
409.514,0.954545,373.587,2011.51,82.7566,500000,100000,1,0.954545,82.7566,399.6229868240454,0.9158985529140196,345.88206307387685,1877.6672547114792,90.51244902640468,474204.4208997853,108862.9178796634,0.9957275744533856,1.0186269861134003,88.67980874799606
409.514,1.22727,373.168,2011.51,84.5225,500000,100000,1,1.22727,84.5225,365.4540733870016,1.2818747370608894,357.3216698235108,1818.5972040939064,73.68640202365049,498246.0760317885,106383.22568258896,1.062152295490884,1.279853844745478,87.24535536483002
409.514,1.45455,372.934,2011.51,85.5093,500000,100000,1,1.45455,85.5093,411.08759609989886,1.3516796413408558,338.4966917309847,2229.066751050156,85.85938930722655,528822.7866546905,101459.88064423746,1.0332009994286042,1.3648028594381765,84.57142739685563
409.514,1.68182,372.761,2011.51,86.2389,500000,100000,1,1.68182,86.2389,387.1873156100035,1.8231572696045264,357.9946425501812,2043.810231737404,86.15920008391186,492657.9471240232,98422.7082593749,0.9927071788636151,1.6610292578162642,100.92094168930409
409.514,1.90909,372.628,2011.51,86.8002,500000,100000,1,1.90909,86.8002,414.2892635389121,1.8502203357191669,392.716155788037,2034.2992873443209,84.7714942543071,552062.9953547185,90980.07093770451,1.0089126512302784,2.006747039730985,87.4341668681924
409.514,2.13636,372.522,2011.51,87.2454,500000,100000,1,2.13636,87.2454,386.09540529676434,2.133977046490452,358.07210165478546,1844.539241876485,81.27296217135486,522354.8233109368,100703.86786213616,1.0151965239976892,2.008567322654671,76.52570959892743
409.514,2.40909,372.421,2011.51,87.6715,500000,100000,1,2.40909,87.6715,398.2784734065684,2.5015915472900527,333.04475682070006,1637.616644950122,61.050942223905466,501024.3442931727,101401.11358628972,1.0245221163542575,2.4047531549154075,67.67063604966654
409.514,2.63636,372.352,2011.51,87.9608,500000,100000,1,2.63636,87.9608,391.77846366041433,2.463681510555396,374.2400947390647,1952.4339173155267,89.17464564749005,488774.8766628054,97795.22615378264,1.0113877364698458,2.7097626438278697,78.70953745501377
409.514,2.86364,372.294,2011.51,88.2051,500000,100000,1,2.86364,88.2051,385.07345032400383,3.040069467121399,369.1700475848109,1708.5898709703902,84.77473200907939,481345.9157083285,100434.46247707646,1.067777790920596,2.8213574958205,77.638856679763
409.514,3.09091,372.245,2011.51,88.4141,500000,100000,1,3.09091,88.4141,404.39412258102624,3.2497764379834324,438.3500127351549,2038.8764395068424,86.52847181581143,515381.38730849593,93426.49454661424,0.9517279897817356,3.0906642412586764,83.75505872377317
409.514,3.36364,372.194,2011.51,88.6284,500000,100000,1,3.36364,88.6284,373.711583875567,3.638974416886067,331.5242922710614,2225.272644975564,60.39230366120699,501614.1702861433,99077.98601680956,0.9708921510255446,3.533659283728713,100.0331865434457
409.514,3.59091,372.157,2011.51,88.7824,500000,100000,1,3.59091,88.7824,387.1756986648427,3.6513994649823136,282.1274157361141,2300.856910762653,60.227719221822525,506690.1371916026,106738.47822500674,0.9293765174796464,3.380519556600857,88.74808262732037
409.514,3.81818,372.125,2011.51,88.9185,500000,100000,1,3.81818,88.9185,425.4780951605873,3.6537523496616098,378.04793724970966,2539.456281140265,91.08313038068916,477912.4820187688,100401.15518261628,0.9852197829763668,3.736246741967372,89.05881036142739
409.514,4.04545,372.096,2011.51,89.0394,500000,100000,1,4.04545,89.0394,375.0444246075415,4.105969884686216,375.4340943927021,2416.291906548634,71.30406929506613,482436.79854919045,102020.01420902852,0.914451893170114,3.857685598150736,96.03840815365174
409.514,4.27273,372.071,2011.51,89.1477,500000,100000,1,4.27273,89.1477,397.3828795688631,4.289898326050601,379.6497989745015,2071.4358207436712,74.69552722678328,494135.0547858668,100656.23529830272,1.0865180130424443,4.139400413987556,97.3797570889286
409.514,4.54545,372.043,2011.51,89.2635,500000,100000,1,4.54545,89.2635,409.21807963717765,4.383026499505255,403.9848064591672,2058.1803442335618,104.5829279715836,492019.05600928346,94783.03091233004,0.9853544022398228,4.6280352041166255,89.05060945536273
409.514,4.77273,372.023,2011.51,89.35,500000,100000,1,4.77273,89.35,407.7047065561993,4.680261061607642,312.3069676491574,1992.202501958484,78.45836304603536,512236.2257900407,104034.97094458522,1.0133411002340882,4.790018095122562,85.45317988833132
409.514,5.0,372.004,2011.51,89.4287,500000,100000,1,5.0,89.4287,403.4638336521304,5.259292868133001,366.1426322286173,2322.955654755579,103.26505275620671,538122.945966051,113168.64913464476,0.9947853290581082,5.008461308994857,88.57861516550945
411.534,0.5,375.004,2011.51,76.7815,500000,100000,1,0.5,76.7815,425.875021695296,0.5158145699910549,384.0703550774176,1738.8573967544462,57.81720493574369,507469.63279097824,102711.44115648986,0.9261938023242456,0.4939202553645866,82.1937630191254
411.534,0.727273,373.976,2011.51,81.1155,500000,100000,1,0.727273,81.1155,420.74653686732034,0.8211018315018268,370.0043983741378,1976.5714038225976,72.31130950202444,539588.7755909507,100757.01484622734,1.0696518687326837,0.7118545380578264,87.74366596824476
411.534,0.954545,373.406,2011.51,83.5198,500000,100000,1,0.954545,83.5198,447.1834413899049,0.9666526184168738,380.0399682047499,2161.210979231281,93.85803928632168,503866.5818794591,105244.12801375549,0.9649619662058352,1.0250104146058114,89.18077565778634
411.534,1.22727,372.986,2011.51,85.2886,500000,100000,1,1.22727,85.2886,395.3240100721097,1.2747578119325589,365.209516752627,2445.694555380669,102.42179597052304,528453.0075146497,96385.26074973536,1.0161924482253115,1.1723648774915525,95.84244870398705
411.534,1.45455,372.752,2011.51,86.277,500000,100000,1,1.45455,86.277,426.92352496705365,1.4770267566472297,397.4259303841559,2005.06144864384,73.23735745844212,499949.96338893793,106261.29741522,0.98217457069602,1.5337640311296008,86.07765146873277
411.534,1.68182,372.578,2011.51,87.0077,500000,100000,1,1.68182,87.0077,359.4690327307056,1.886991483803278,389.3406153982961,2095.6125482648467,110.29264020619492,524071.0848974782,108853.6944429954,0.9572170119138368,1.788449704428316,86.26910239515713
411.534,1.90909,372.445,2011.51,87.5699,500000,100000,1,1.90909,87.5699,421.75443090677095,2.116922457389072,454.7415143365226,2326.2772008032084,75.79670542999628,523408.001543316,102090.50215539408,0.9843461065393202,1.7973187644265196,88.83295490477069
411.534,2.13636,372.339,2011.51,88.0158,500000,100000,1,2.13636,88.0158,416.7551248926754,2.2209326466790635,335.2673501729117,1897.4575504225943,78.14162231510977,529142.4377686151,100936.43784065451,1.0611186555872965,2.2998697911876675,89.36452166321877
411.534,2.40909,372.238,2011.51,88.4425,500000,100000,1,2.40909,88.4425,417.0717443319182,2.503920972249974,356.53815183081946,2313.2881939991607,65.42050165182839,503171.101629644,103161.48069362136,0.9365665772345146,2.366468946692296,94.769721131517
411.534,2.63636,372.169,2011.51,88.7322,500000,100000,1,2.63636,88.7322,410.9318678616483,2.445103559578594,371.2112679308472,2162.476323717347,80.63357064942022,481815.3467954324,97235.55947110172,0.9517124840269938,2.7398862792421625,74.14248894843507
411.534,2.86364,372.111,2011.51,88.9769,500000,100000,1,2.86364,88.9769,392.8970181648401,2.80603644632222,372.1415628450342,1854.262389627964,100.18084784448196,496285.5605532532,94980.16756057288,0.8875200656999218,2.80918707743586,88.77583066458168
411.534,3.09091,372.061,2011.51,89.1862,500000,100000,1,3.09091,89.1862,476.0985102525616,3.1522070631809496,325.3599734166301,1822.9388452114429,101.67234634958066,491748.1068042922,93655.38456272248,1.0312290664951005,3.1723550371928724,87.76782016907858
411.534,3.36364,372.011,2011.51,89.4008,500000,100000,1,3.36364,89.4008,424.81040754741855,3.197137513568342,338.3344750745406,2401.380916985358,89.85814880374595,519738.054472002,93975.32348592672,0.9458284249645932,3.27717547682589,92.8792571947593
411.534,3.59091,371.974,2011.51,89.555,500000,100000,1,3.59091,89.555,407.523430787667,3.660044922654983,350.42340757704125,2008.1842519188424,101.39049274446096,497714.101952381,96848.768117416,0.995416505494225,3.410380805213441,90.76741094368576
411.534,3.81818,371.942,2011.51,89.6912,500000,100000,1,3.81818,89.6912,415.5410282578698,3.663129538322198,383.1676739696031,2045.9832476633871,87.47453198188798,500701.7069109586,103789.76409263824,0.9679532279986954,3.927826654962225,104.1041212877097
411.534,4.04545,371.913,2011.51,89.8124,500000,100000,1,4.04545,89.8124,395.63072809249394,4.117594048587445,360.0428579552881,2167.42787818793,113.32310450275614,518338.0841206888,97384.68624596484,1.0555415655869165,4.313325021499636,97.57417760237286
411.534,4.27273,371.887,2011.51,89.9208,500000,100000,1,4.27273,89.9208,429.2792117631783,4.208439237283386,418.4156015815861,1989.2799640479293,108.5815877832103,479360.4029754021,97372.97666480448,0.9927966601534848,4.614650655773214,69.5238008125173
411.534,4.54545,371.86,2011.51,90.0367,500000,100000,1,4.54545,90.0367,420.42154062499225,4.934609767075662,400.13323407582993,2040.889279940969,93.29451450505556,476939.3166546943,96756.87942405218,0.9166303056703692,4.794447236782869,87.47071155612866
411.534,4.77273,371.839,2011.51,90.1234,500000,100000,1,4.77273,90.1234,418.76564433212087,4.880437999105999,361.2441609326539,1739.406025125239,99.1683797069236,527239.8641593943,92865.65543655147,1.0491505256266949,5.01844778105497,89.68535608090993
411.534,5.0,371.82,2011.51,90.2022,500000,100000,1,5.0,90.2022,396.20636174861113,4.763421544313051,384.9705147200931,2145.3596369833244,77.83826130177833,473448.5738155778,96608.7570202375,1.022493027283248,5.452137322490683,97.16639985174908
413.554,0.5,374.828,2011.51,77.5203,500000,100000,1,0.5,77.5203,399.5928661835622,0.5293703514396423,323.94013459246906,2158.7554028753866,72.14382166125942,540476.8945202577,107851.81729784654,0.9664935845071796,0.5082961087844898,77.81613186829348
413.554,0.727273,373.797,2011.51,81.8695,500000,100000,1,0.727273,81.8695,417.9644232929454,0.7338364954096037,351.663951778734,1745.3179642488797,70.91291278137915,458342.23076270777,105765.2417658146,0.9971510398942004,0.6878672453204211,82.37271239001852
413.554,0.954545,373.226,2011.51,84.2778,500000,100000,1,0.954545,84.2778,380.3133593925376,0.9253590324371648,343.33653482242266,1758.536563743044,83.00600718531295,465859.9325444792,102513.69989114944,1.1115941260567448,0.9633188756886966,95.78858415253649
413.554,1.22727,372.806,2011.51,86.0496,500000,100000,1,1.22727,86.0496,408.0844414658316,1.2652176311833152,383.7885896643415,1651.0999903878278,71.50254436645088,470508.8121243074,94744.49269397718,1.1171763476194578,1.3334267557417263,83.9403845788516
413.554,1.45455,372.571,2011.51,87.0396,500000,100000,1,1.45455,87.0396,419.2895171100181,1.492996288532244,409.70072897617615,2004.635970393824,77.90956883789957,511989.4927196989,91450.34137967708,1.0597676336524648,1.413055667359058,101.88443680633836
413.554,1.68182,372.397,2011.51,87.7715,500000,100000,1,1.68182,87.7715,450.78443005792695,1.586999749321904,332.7598913731075,2055.7615049715087,60.33385742290358,525027.7670966093,90368.17337574511,1.0067075150454927,1.6367368093722057,88.9052960016693
413.554,1.90909,372.264,2011.51,88.3345,500000,100000,1,1.90909,88.3345,393.4233037463709,1.7970128269060015,431.8102371922486,2152.1518125315324,78.7795497454115,495531.204530673,95992.2381452,0.9978643291235842,1.8611260811702144,82.42011927716163
413.554,2.13636,372.158,2011.51,88.7811,500000,100000,1,2.13636,88.7811,421.6682596445324,2.108379558303763,380.3295236758751,2172.421231189832,75.0641504342366,462575.2056680935,101685.1588798791,1.1119198525451046,2.221367956654781,78.55499914115377
413.554,2.40909,372.056,2011.51,89.2084,500000,100000,1,2.40909,89.2084,402.7170573340279,2.397285342546596,382.37582708648193,2013.867922010771,93.83505944910802,514220.9504366116,86620.70207302197,1.0410991766706577,2.264974991715053,91.4150821416532
413.554,2.63636,371.987,2011.51,89.4985,500000,100000,1,2.63636,89.4985,413.36169074959207,2.6797138245882848,408.7109418607864,1945.6431034561829,89.4101705317511,488593.368268833,108074.35286623662,0.91513465529106,2.642978996625926,94.72428462406018
413.554,2.86364,371.929,2011.51,89.7435,500000,100000,1,2.86364,89.7435,399.94566467384857,3.018639813977237,421.5943663185851,1869.039506267213,93.7748137125489,465692.0318578999,95397.22996907232,0.8716978469412697,2.9725315897655675,97.24002828770504
413.554,3.09091,371.879,2011.51,89.9532,500000,100000,1,3.09091,89.9532,431.6343571620236,3.337397741018757,324.5390512603167,1557.885183049946,86.94096062277553,495751.0288877173,100863.2979210282,1.0719534232762606,3.079619021481549,85.99740926160693
413.554,3.36364,371.828,2011.51,90.168,500000,100000,1,3.36364,90.168,411.4196115593877,3.4005061986845924,404.7435759580244,2057.2270788379137,97.2766873544865,522417.323765212,92758.41789408035,0.9860699011714426,3.4590350890912744,88.73934339547789
413.554,3.59091,371.792,2011.51,90.3225,500000,100000,1,3.59091,90.3225,442.9731591338337,3.6800091969508175,393.4365032050972,1875.0559578502048,84.8699657450242,510406.9197282746,98184.0948144202,0.9830679105140466,3.8455332633114057,92.4996659384327
413.554,3.81818,371.759,2011.51,90.4589,500000,100000,1,3.81818,90.4589,417.63403500302064,3.5312141688178094,329.477354436137,2078.307306590712,92.88951103662386,489211.4031658869,107901.62495381811,1.110591849229109,3.78846432180468,81.18992074071933
413.554,4.04545,371.731,2011.51,90.5802,500000,100000,1,4.04545,90.5802,410.67057174535097,4.384544355785865,432.4066162335734,2036.981871704808,85.51994373505923,504421.4897818803,93586.50221793704,0.9154388733367752,4.089976364915114,81.79633004895595
413.554,4.27273,371.705,2011.51,90.6888,500000,100000,1,4.27273,90.6888,366.0742591053141,4.2603676762770055,366.9580592566816,1869.2537104864264,86.31173424717808,502219.50980539416,97577.41918436332,1.0697911341877964,4.619022914832189,84.48249812202081
413.554,4.54545,371.677,2011.51,90.8049,500000,100000,1,4.54545,90.8049,443.5876879375257,4.08634672853027,362.6116883772885,1922.922831920869,72.49211320051631,506765.01433161215,106093.54389907992,1.0157039434180613,4.8570055778222505,83.28470389697934
413.554,4.77273,371.657,2011.51,90.8917,500000,100000,1,4.77273,90.8917,435.0404418067401,4.930644509032674,419.90528546394273,2025.122187796172,81.83998556091665,512521.74983244913,102825.7521627432,0.9367988822638442,5.016615980752407,81.90076624430372
413.554,5.0,371.638,2011.51,90.9706,500000,100000,1,5.0,90.9706,430.4660769817441,5.040555804224708,346.3306847034972,2279.0926825350543,74.57453725380589,493831.8057912832,90332.35200924176,1.0044291926603317,5.099721403243859,82.123933202895
415.574,0.5,374.653,2011.51,78.2592,500000,100000,1,0.5,78.2592,423.39530061992247,0.4591177432482112,342.0128942378345,2461.712473925836,84.69080159470765,544251.069415171,104853.1041909782,1.0163582596909726,0.5013709748588717,75.10133337660353
415.574,0.727273,373.619,2011.51,82.6186,500000,100000,1,0.727273,82.6186,449.7066084938197,0.68481840866569,313.7706426954064,2037.4011914486184,91.87690521226872,454150.10837397375,99452.33158832822,0.9895000910579892,0.7871594948538475,81.17518909095425
415.574,0.954545,373.047,2011.51,85.0309,500000,100000,1,0.954545,85.0309,404.26801838426985,0.9780143807692824,417.0784207196718,2003.0616161675289,80.94714747312565,483383.5841454748,101340.6230663014,1.017363769102564,0.947704218548604,88.68813778684171
415.574,1.22727,372.626,2011.51,86.8057,500000,100000,1,1.22727,86.8057,410.8239909391244,1.237682966099171,316.22330995868043,2094.187296212648,87.11800605888094,521778.4546265445,98401.87510080507,0.9372355648098284,1.3099464430601675,81.82762199196839
415.574,1.45455,372.391,2011.51,87.7972,500000,100000,1,1.45455,87.7972,431.8770571169467,1.4487756996727863,394.99192034875045,2052.6215113387784,65.0135522977606,488524.036342228,104910.2712260634,1.042615319205757,1.4478301293870088,94.39673252069925
415.574,1.68182,372.217,2011.51,88.5303,500000,100000,1,1.68182,88.5303,391.0382447545421,1.670417156135495,377.9038194334949,2239.913912020352,77.63748955608096,535445.8023183863,102010.30138502696,1.0458021225073124,1.740092195716826,92.711237472742
415.574,1.90909,372.083,2011.51,89.0942,500000,100000,1,1.90909,89.0942,415.9816086452261,1.9389903292506767,325.0276248985818,1989.832157346216,117.90017658641352,515010.4429050376,102238.69657884468,1.0362229865783836,1.9395404121279576,87.8561278146185
415.574,2.13636,371.977,2011.51,89.5414,500000,100000,1,2.13636,89.5414,417.69044140236025,2.131782181337418,389.70483412424414,2351.691182622251,102.8046626911035,520566.9289307253,102269.67864575736,1.0182519349946573,2.0408461982139743,75.15372882312853
415.574,2.40909,371.876,2011.51,89.9694,500000,100000,1,2.40909,89.9694,419.17581444145344,2.4533402071763857,301.4052416436434,1930.960002085888,78.14668010967796,470164.085308517,102193.8078289335,0.978493582948567,2.1899895902655664,78.09101849039973
415.574,2.63636,371.807,2011.51,90.26,500000,100000,1,2.63636,90.26,398.3589088711987,2.7437500731552293,345.731130307193,2058.2015822398625,107.17905797707655,532930.9932152778,103247.4295785694,0.9438179197922534,2.583099868044027,84.06719192542101
415.574,2.86364,371.748,2011.51,90.5053,500000,100000,1,2.86364,90.5053,416.00799407435534,3.0323209056054696,355.07545793062656,2100.590056132794,81.44522577691187,512075.65201340383,96983.53512510953,1.0234944436613735,2.7423833025411954,88.03128032217634
415.574,3.09091,371.699,2011.51,90.7153,500000,100000,1,3.09091,90.7153,408.9722933190312,3.2002960089053945,418.9079751006544,1930.2936633823952,65.16810933513791,517912.3621973144,103192.63449635188,1.111506867668447,3.190776259634709,98.22198512933544
415.574,3.36364,371.648,2011.51,90.9304,500000,100000,1,3.36364,90.9304,439.2648148267219,3.373143573700863,362.4650797673217,2216.3734341149857,92.27328545594716,502906.55914408417,98292.2376926048,1.002322969696737,3.370738550966354,87.77274986322739
415.574,3.59091,371.611,2011.51,91.0851,500000,100000,1,3.59091,91.0851,410.71137155357377,3.57728271468348,372.6514938989297,2001.6093980298904,90.18565773969632,479726.2579691416,96821.73915564746,1.062303263325655,4.022413232503101,78.04031459871814
415.574,3.81818,371.578,2011.51,91.2217,500000,100000,1,3.81818,91.2217,418.7273337935389,3.714554791108486,371.3404754496824,1728.6564551071474,63.87054622268436,485533.3329093332,92064.7368198899,1.037653856802777,3.688718058541876,82.63946803037203
415.574,4.04545,371.55,2011.51,91.3432,500000,100000,1,4.04545,91.3432,457.6219065475069,3.737849854397082,369.5215871975821,1745.530683911745,96.82371156628096,516025.2369257072,98009.66232546736,1.0088211172592487,3.67580300944506,95.5351558299454
415.574,4.27273,371.524,2011.51,91.4519,500000,100000,1,4.27273,91.4519,444.1000066007612,3.974857108688454,383.3283094940194,1911.9612864287124,101.64506123932246,511701.17711771216,101585.80418561556,1.007238040288685,4.3644854650140905,84.27581841644185
415.574,4.54545,371.496,2011.51,91.5682,500000,100000,1,4.54545,91.5682,427.8033718265849,4.339071349387956,336.7227665532653,2029.1827269042128,94.59688020589412,498666.12516951206,90895.66868400369,0.9947825964317162,4.6908228880361085,99.30050765399872
415.574,4.77273,371.476,2011.51,91.6551,500000,100000,1,4.77273,91.6551,419.51584754492615,4.941607859280808,351.4648597458946,2103.114334405964,85.90901908796016,499716.2496675977,102332.70000974312,0.9802904026400556,4.864536476896991,100.54676226493504
415.574,5.0,371.457,2011.51,91.7341,500000,100000,1,5.0,91.7341,425.7113518456506,5.004357238239526,335.87946675948945,1886.1908335457204,78.49810263576427,489952.335094881,111194.01978097224,1.050565036472879,5.2559799220096775,100.47792937207537
417.594,0.5,374.479,2011.51,78.993,500000,100000,1,0.5,78.993,455.26824722791423,0.5082715882766728,365.08391433141736,1621.602695492532,105.04176446001355,496986.5419634908,95270.69536634369,0.98998738286239,0.4531949638264757,77.31991789287251
417.594,0.727273,373.445,2011.51,83.3536,500000,100000,1,0.727273,83.3536,427.4577013602589,0.754867474560244,357.61312413855234,2261.6218453278857,72.2992713801308,521848.9319816685,106540.53437805524,0.9477638227537662,0.7452956856878903,84.65567863909688
417.594,0.954545,372.87,2011.51,85.7792,500000,100000,1,0.954545,85.7792,391.4858616370325,0.8883985315315716,405.5066185549458,2253.530305657302,78.00460531733344,449429.6510424852,103589.2351518208,1.018898584999557,1.0212123165278495,80.05622344133626
417.594,1.22727,372.448,2011.51,87.557,500000,100000,1,1.22727,87.557,408.4754229273932,1.2045182184918228,467.9866498817338,1979.2226792889248,87.87461187124464,459944.827379094,98569.4717820926,0.9945221285127988,1.2224495262698063,104.01783460161452
417.594,1.45455,372.212,2011.51,88.5502,500000,100000,1,1.45455,88.5502,404.0735213608796,1.441995316911576,378.7986356264163,1920.938424766391,124.38282162677788,516391.1740071,97866.86871585136,1.0012746458523438,1.3787548431803736,95.65283735356824
417.594,1.68182,372.038,2011.51,89.2843,500000,100000,1,1.68182,89.2843,447.2348848533434,1.567602811779974,385.41362775043706,1857.3372797638424,115.18910726522311,485274.426516361,101494.16777807722,1.0457048669634703,1.7118428528176897,83.72070326457197
417.594,1.90909,371.904,2011.51,89.8491,500000,100000,1,1.90909,89.8491,434.10202532283887,1.9609542095617456,359.8819446133411,2144.534789006664,85.24221904268491,484139.0507961756,104228.15047443386,0.9443387223946732,1.8200987718107773,108.1839812509531
417.594,2.13636,371.798,2011.51,90.297,500000,100000,1,2.13636,90.297,417.8920173745044,2.3822203043463595,375.5279874304224,1529.2334385993654,108.44009371916474,489013.357134128,100831.71546627572,1.044961967192575,2.1570931850902264,96.6110574350243
417.594,2.40909,371.696,2011.51,90.7257,500000,100000,1,2.40909,90.7257,458.861486472508,2.487276219069704,312.07605025860414,1670.860722238019,112.54989971822184,504871.4103812777,94956.21440418928,0.97600707944137,2.545352748802292,81.61757880579538
417.594,2.63636,371.627,2011.51,91.0167,500000,100000,1,2.63636,91.0167,389.8174505886576,2.5489525158306847,416.3860515512964,2090.310319322426,75.87933062722885,508354.0741850426,99930.22000951512,1.0717300139573251,2.793750989371515,104.80437891492282
417.594,2.86364,371.569,2011.51,91.2624,500000,100000,1,2.86364,91.2624,387.2938869444305,3.20274287644998,297.1755829876738,1915.45100094636,91.67395351993416,486623.1974045693,105536.8609978194,1.023792356119967,2.5149182480863006,84.84050626556565
417.594,3.09091,371.519,2011.51,91.4726,500000,100000,1,3.09091,91.4726,408.8086199764777,3.2727086803330456,418.8485414987803,2100.130473204156,105.35338872730784,463340.9387770505,98478.7867144504,1.0677092996971165,3.411750707923548,105.49763535275652
417.594,3.36364,371.468,2011.51,91.6881,500000,100000,1,3.36364,91.6881,395.2307204850317,3.2708849814798207,376.0502357951611,2111.3963339806733,63.95193760018917,479366.1590980527,94953.70809682348,0.9508071526770192,3.323459453953539,89.92522135124372
417.594,3.59091,371.431,2011.51,91.843,500000,100000,1,3.59091,91.843,407.0668763825091,3.4319536230641923,293.3448606187357,1813.4259281844736,91.90184721794344,478853.71714763297,97059.31884478351,0.9626593548254928,3.493413437320469,91.74291795107465
417.594,3.81818,371.398,2011.51,91.9798,500000,100000,1,3.81818,91.9798,418.3070922314247,3.591306670893684,363.7283320014981,1794.998311757025,91.68773813456002,504806.49103226006,95704.2599689318,1.0085752135570134,3.7015994921828006,105.37816535908604
417.594,4.04545,371.37,2011.51,92.1015,500000,100000,1,4.04545,92.1015,431.5064051252341,4.100733349731715,302.76310394000643,1861.0735869007376,87.74202299960494,492410.6769439671,102855.44682845465,1.0119304509585787,3.9519341205028096,96.20270204825287
417.594,4.27273,371.344,2011.51,92.2103,500000,100000,1,4.27273,92.2103,397.1075580594628,4.437062459573744,341.3302885651855,2084.337723408006,88.93030309355916,491886.6267981244,99384.85338559188,0.9821993032816656,4.378435905061606,94.90272916085594
417.594,4.54545,371.316,2011.51,92.3268,500000,100000,1,4.54545,92.3268,447.2926560013064,4.4062340250447365,459.2582389051285,2035.821545875457,86.6584359587819,527204.0586293889,94502.5111122114,0.9338955385021342,4.874514611481367,94.55656524804547
417.594,4.77273,371.295,2011.51,92.4138,500000,100000,1,4.77273,92.4138,400.2545699244209,5.006117207181845,366.8734022135949,1759.3545103277338,95.35760111291412,506713.52476842975,92370.30388609064,0.985067683824246,5.041157908623686,85.47049092423102
417.594,5.0,371.277,2011.51,92.493,500000,100000,1,5.0,92.493,386.2101342233455,5.161016230739306,407.2397733285506,1663.0035533536045,94.92679357919388,506380.91711841966,100403.29257728292,0.9125691358849312,5.218631883656731,81.09525427009187
419.615,0.5,374.306,2011.51,79.7219,500000,100000,1,0.5,79.7219,441.6856499805401,0.5056765763286037,315.9757832602441,2068.319170132447,66.4873420276003,468025.8663052986,97581.81804819626,0.8844396714611734,0.5383221850549649,92.33599350235882
419.615,0.727273,373.27,2011.51,84.0907,500000,100000,1,0.727273,84.0907,484.8634237439095,0.7025126696553997,385.0113122109686,1952.572635639312,66.53274680473753,465927.934418122,104364.2443520042,0.978938618615054,0.7077894625283063,88.58785141199183
419.615,0.954545,372.696,2011.51,86.5123,500000,100000,1,0.954545,86.5123,412.88715271509096,1.0325793957506548,407.0120016482802,2145.908915743696,86.3013747110242,521259.346153642,99370.26934727332,1.0907198135163594,0.9494296721229296,89.12982541287761
419.615,1.22727,372.273,2011.51,88.2926,500000,100000,1,1.22727,88.2926,437.21660090522784,1.339359458051358,409.7377459496028,1864.4234467107897,83.97872262278274,476618.9221344551,100566.12051246523,1.0196170632281751,1.1705031141258817,101.8320693232078
419.615,1.45455,372.037,2011.51,89.287,500000,100000,1,1.45455,89.287,435.9576720460618,1.514430683815801,420.104092083106,2041.7478001125155,99.52735022262476,510402.0901208554,96851.88779975454,1.0026108289499245,1.39144732957132,83.14253906147408
419.615,1.68182,371.863,2011.51,90.0221,500000,100000,1,1.68182,90.0221,396.71029684294007,1.58120385308594,394.4098544362199,1813.7078240874607,96.3115398413814,470076.7174204915,101774.0418465132,0.9557989660907646,1.5985684897956471,85.38720774140634
419.615,1.90909,371.729,2011.51,90.5876,500000,100000,1,1.90909,90.5876,418.1127939965789,1.9227481011215384,357.71255594897355,1854.9553873759992,84.96610990098668,487749.6653841444,102106.58379805894,1.0193964986225463,1.829470314324826,81.56884128365813
419.615,2.13636,371.622,2011.51,91.036,500000,100000,1,2.13636,91.036,430.1193423338688,2.103820817948044,443.7261181052335,1973.9332747885264,103.7910748971346,492784.9663364008,104849.67365968558,0.9550503838996964,2.1919492734022863,86.18609893868079
419.615,2.40909,371.521,2011.51,91.4651,500000,100000,1,2.40909,91.4651,429.9379244450249,2.3213594621368934,400.6126140915967,2150.9104027283,88.04438863012575,474971.3567525657,96175.83357287786,1.0164725315830878,2.390243913077688,89.0553077903177
419.615,2.63636,371.451,2011.51,91.7564,500000,100000,1,2.63636,91.7564,401.5133173885523,2.6304223269389984,362.0121064968078,1866.547187889758,94.42042646924136,492598.1033027741,96535.48174436424,1.000910361114078,2.709695840111529,82.62208739636739
419.615,2.86364,371.393,2011.51,92.0024,500000,100000,1,2.86364,92.0024,433.9567970777384,2.5244383610191736,354.67572928829617,1636.9385241370398,97.22851680517492,503992.2380550587,108449.97829994874,1.0379093031261546,3.0181592908054813,82.98423469763259
419.615,3.09091,371.343,2011.51,92.2129,500000,100000,1,3.09091,92.2129,422.62339758619095,3.0981637937067306,417.05205885644455,2050.8576537366453,84.5066768261827,479662.3661834862,98700.38879082949,1.0245348291291931,3.12862276748176,97.3499360292398
419.615,3.36364,371.292,2011.51,92.4285,500000,100000,1,3.36364,92.4285,442.96003662356986,3.2807456296654816,336.0520217560666,1721.5513423107095,87.86268314055064,489484.021007014,102681.2608767812,0.9877791708526232,3.331400622822722,93.5723142031528
419.615,3.59091,371.255,2011.51,92.5837,500000,100000,1,3.59091,92.5837,396.1894798565472,3.72384929708681,383.2611585662412,2000.1819471048511,97.45491092016466,488141.2810379511,100497.58124043683,1.0414104370484225,3.9247125099895657,86.5876132328437
419.615,3.81818,371.223,2011.51,92.7206,500000,100000,1,3.81818,92.7206,430.1427781418472,3.63627025160271,389.5777842942067,1911.7794284625184,76.19666516960389,544074.6890080849,104235.71847757304,1.030689091040729,3.7835131534679496,86.44267622607953
419.615,4.04545,371.194,2011.51,92.8423,500000,100000,1,4.04545,92.8423,410.9401908207629,4.137513596340611,357.77935913710337,2424.788268285759,87.72953425306572,507249.5939595884,94985.87992288193,0.9990217163053392,3.6956943417789767,95.31180325657527
419.615,4.27273,371.168,2011.51,92.9513,500000,100000,1,4.27273,92.9513,418.59423717478825,4.195588602219101,302.98506340143854,1741.624629017692,82.10743723183711,521819.449270703,105498.8024331902,0.9255500241980772,4.1154635688426735,101.0747893734732
419.615,4.54545,371.14,2011.51,93.0679,500000,100000,1,4.54545,93.0679,441.3353074795054,4.523263500419686,349.1815984514864,2059.6617055538127,114.10632587404064,502171.20211936894,100729.76380291164,1.0530267949594,4.416410200279803,96.10438113424394
419.615,4.77273,371.12,2011.51,93.155,500000,100000,1,4.77273,93.155,417.86440881532087,4.606684429853809,394.9607644815685,1422.728985619559,82.59712325372865,515166.40546507743,104622.74335816564,1.1077099940941555,4.495082387565233,92.37302670015504
419.615,5.0,371.101,2011.51,93.2342,500000,100000,1,5.0,93.2342,421.0698961992733,4.874705715761741,292.5923043659144,1901.944420677081,82.44735266378933,533447.4918726259,96657.46191133896,1.0208419775922657,5.125587104897913,92.21470561459272
421.635,0.5,374.135,2011.51,80.4461,500000,100000,1,0.5,80.4461,406.41950933493234,0.5189264000454854,421.9934429458165,2157.107119986219,67.84668965226483,491230.1210495584,94873.84155118345,1.00487639065138,0.5142623295305048,73.06369475443415
421.635,0.727273,373.097,2011.51,84.823,500000,100000,1,0.727273,84.823,449.8942647785812,0.7310486099624967,344.2463012473267,1831.20354364588,90.79669613605088,453318.5088542761,97756.54709714216,1.0367596646200383,0.7343963808560942,84.0989171732685
421.635,0.954545,372.521,2011.51,87.2487,500000,100000,1,0.954545,87.2487,438.89626559122905,1.0304263445274289,390.4668651200575,2334.652087777623,93.92834851546216,510206.23861869256,107047.00935190148,1.0552777183368414,0.9498359569099024,94.55842193593938
421.635,1.22727,372.098,2011.51,89.0318,500000,100000,1,1.22727,89.0318,433.2610849655308,1.194168699849478,387.4378879230358,1614.55391587696,98.38386028265708,448487.9449186529,97736.0353463336,1.0115272754492306,1.1340518512774045,71.6316005708987
421.635,1.45455,371.862,2011.51,90.0278,500000,100000,1,1.45455,90.0278,446.2920038228642,1.3424945364957446,391.5853487389791,1972.9868378023973,99.28147898048508,500776.51180897845,110858.80733433607,0.9594799931535132,1.4122296784222323,93.21976894571068
421.635,1.68182,371.687,2011.51,90.764,500000,100000,1,1.68182,90.764,433.6949719718572,1.6216136002352393,323.19500427129844,2123.35311693872,78.87602471125427,483798.7619528979,91221.95567302618,0.931767631788754,1.602958731074644,99.2004603324554
421.635,1.90909,371.553,2011.51,91.3303,500000,100000,1,1.90909,91.3303,400.1386913277775,2.055900575176961,409.5127432718185,1989.1851487958377,91.68778690691326,525753.8041054226,96599.08345824172,0.977614114568936,1.924864876206622,95.52549083324382
421.635,2.13636,371.446,2011.51,91.7794,500000,100000,1,2.13636,91.7794,418.8633276061988,2.169396498542463,387.1302144423796,1913.803708211161,86.39703786742886,482705.41573708656,108474.6715958911,0.9226827209880152,2.18457362516176,107.97248039691216
421.635,2.40909,371.344,2011.51,92.2091,500000,100000,1,2.40909,92.2091,394.3918409274571,2.333300075942193,323.3339096788241,1999.150139837159,95.79274032449642,574984.7393093759,94692.71333912988,0.8973191039026898,2.5442761517918626,100.1099560061256
421.635,2.63636,371.275,2011.51,92.5008,500000,100000,1,2.63636,92.5008,416.69327335568136,2.4790511917012803,377.6080449012881,1973.39830562586,101.20653939040042,522474.9746809208,105626.07109075376,0.9489104895231454,2.797180348764107,112.87249526071368
421.635,2.86364,371.216,2011.51,92.7471,500000,100000,1,2.86364,92.7471,420.218764083752,2.942265055659798,366.14449558244615,1851.0517132447203,90.67937532895908,547299.661807574,89764.60478683628,1.0067983687725384,2.708378717643106,85.11286601730647
421.635,3.09091,371.166,2011.51,92.9579,500000,100000,1,3.09091,92.9579,426.6820658291617,3.0432871705323503,387.29607638893305,2388.381198190582,91.46068148965624,508821.323489489,107394.48587614256,0.9577098316835592,2.934107036427556,97.60761872117284
421.635,3.36364,371.115,2011.51,93.1739,500000,100000,1,3.36364,93.1739,395.5429102281015,3.3364172600326065,318.9456470822939,2133.8663231691444,99.4160602526872,510504.0763108256,101644.39091790328,1.0500226191412834,3.4597107866398016,87.93273709597565
421.635,3.59091,371.078,2011.51,93.3292,500000,100000,1,3.59091,93.3292,436.0407709941948,3.864935207430057,352.1516054277569,2150.1692552615173,86.55509245180836,489357.7982693148,97479.54506990033,0.9862584948578192,3.3155665510448458,82.38277438866349
421.635,3.81818,371.046,2011.51,93.4663,500000,100000,1,3.81818,93.4663,392.5201629374629,3.847817868552394,389.1775908754351,2025.324613336241,103.77332493679388,482813.8331877725,92669.3855002646,0.932439002922616,3.843348479341163,80.89519811580752
421.635,4.04545,371.017,2011.51,93.5882,500000,100000,1,4.04545,93.5882,393.4148471816844,4.153459630845867,376.3382440769519,2034.3662573402933,96.9614371140886,494662.7383655398,99465.33099842312,1.108264383077934,3.9281570684903153,94.77212213356616
421.635,4.27273,370.991,2011.51,93.6973,500000,100000,1,4.27273,93.6973,405.4725374804984,4.498556387479679,395.5186252706292,1730.723628724288,110.42225710833776,495371.6636697279,94692.2902234743,0.9586110042700152,4.010992366251273,101.70512800376676
421.635,4.54545,370.963,2011.51,93.814,500000,100000,1,4.54545,93.814,381.16493043933,4.758211967721503,411.5823196483167,2203.927009704144,91.28781041688455,526796.0127133954,104246.5515325175,1.0490286411961118,4.422048799661745,97.77214657604809
421.635,4.77273,370.942,2011.51,93.9012,500000,100000,1,4.77273,93.9012,395.14563578152826,4.79814607622577,235.3594897914253,2113.507746446294,98.3419654357933,538315.2737398134,95772.0388857181,1.0755144289606409,4.758846147635079,94.65315833118096
421.635,5.0,370.924,2011.51,93.9806,500000,100000,1,5.0,93.9806,428.8038763792777,4.710571769014683,384.0565088999327,2351.726663691874,87.89144606502728,479809.2331308019,96944.68218617234,1.008144204339661,4.538327587820209,99.51392752120384
423.655,0.5,373.964,2011.51,81.1656,500000,100000,1,0.5,81.1656,435.742152466852,0.5127683887401818,383.738137838376,2203.860472812009,85.53206811313706,509597.8503914216,99983.04981827857,1.043436761992917,0.5147198455733255,80.65155687591772
423.655,0.727273,372.924,2011.51,85.5506,500000,100000,1,0.727273,85.5506,406.17053509608826,0.7698254644688249,420.91181753539536,1608.4669372480737,92.80381660133706,549364.3321498956,96497.78961130657,1.0246806395519643,0.7329055380492309,82.29548253358973
423.655,0.954545,372.348,2011.51,87.9803,500000,100000,1,0.954545,87.9803,433.8622483188673,0.9172984342716928,369.4836848687144,2061.0145516410257,103.1190168645314,510080.4729310261,106185.37701825396,0.9765464932846823,0.9854292701389468,92.698928483084
423.655,1.22727,371.924,2011.51,89.7663,500000,100000,1,1.22727,89.7663,425.47445007906,1.2570771450828833,385.25924999368175,2105.4647383920046,89.47022153378573,481229.44570117694,100604.52811858474,0.9998582305781972,1.2415773491424322,99.0752502476778
423.655,1.45455,371.687,2011.51,90.7639,500000,100000,1,1.45455,90.7639,486.8909951373973,1.4163782835992549,381.9047541705192,1614.3963425098411,95.08468814517724,488403.0423428925,105216.80488674482,1.021973225331274,1.4207424175764254,88.28295137366301
423.655,1.68182,371.512,2011.51,91.5011,500000,100000,1,1.68182,91.5011,432.55375656761873,1.5917421532069391,389.1361973398257,2227.111739730998,78.97382550582103,546858.4288809501,103615.31158880643,1.0432877996160996,1.6656820337261211,73.79049495842311
423.655,1.90909,371.377,2011.51,92.0683,500000,100000,1,1.90909,92.0683,404.0317001188835,1.8558949912313976,422.34344049007433,1910.6544885597648,99.84252793979354,513288.92996669066,93969.77002375176,1.073136311476332,1.9937647250721369,87.6606923120777
423.655,2.13636,371.271,2011.51,92.518,500000,100000,1,2.13636,92.518,444.3254816116991,2.2114763675472875,320.456212371949,1711.7495145397734,89.08893149139159,492141.7195584573,94719.38655267667,1.0579075570011562,2.462204091621621,85.3257400016043
423.655,2.40909,371.169,2011.51,92.9483,500000,100000,1,2.40909,92.9483,419.0579820751232,2.3701009557033457,322.5887740007589,1861.948365554905,81.00279160397555,482232.7107027261,103185.69152181596,1.014674711491451,2.364063463141964,95.50524992533352
423.655,2.63636,371.099,2011.51,93.2404,500000,100000,1,2.63636,93.2404,411.691533463148,2.6584647627421174,383.3313704993415,2298.378042794354,108.99132826310472,511236.082147385,105540.26720209222,1.033428251660743,2.522261413062962,91.79031921880603
423.655,2.86364,371.041,2011.51,93.4871,500000,100000,1,2.86364,93.4871,463.2871875686066,2.9386283889074867,400.25584586617686,2016.6181597450727,82.32967533129164,496051.73817525606,93156.04928357316,0.9757452575888584,3.266299443147206,100.11225653905072
423.655,3.09091,370.991,2011.51,93.6982,500000,100000,1,3.09091,93.6982,423.726502512371,3.0897186626023507,378.1431157779015,1790.0293039165808,76.97938746524625,469121.03384301777,96039.88330963856,1.005687408767319,3.255297334862981,98.9048772265352
423.655,3.36364,370.939,2011.51,93.9144,500000,100000,1,3.36364,93.9144,429.0647302505101,3.349611815808854,359.9604084421052,1886.0333957425528,75.30133239666549,533676.4081270078,99065.78743488724,0.9610537685526602,3.324945624931607,86.81120805991264
423.655,3.59091,370.902,2011.51,94.07,500000,100000,1,3.59091,94.07,441.8393553913589,3.2907148665657706,358.75982977915805,1802.190121130552,79.97572324501458,533125.4265597488,106235.55795395387,1.1333021886913113,3.2027035318957955,69.49917679335223
423.655,3.81818,370.87,2011.51,94.2072,500000,100000,1,3.81818,94.2072,422.591528148359,3.5015049950994506,381.5022799146798,1867.332073341612,64.11646932952237,510573.65638167947,104637.12684652186,0.9796163729214896,3.732789655396703,96.65008585512864
423.655,4.04545,370.841,2011.51,94.3293,500000,100000,1,4.04545,94.3293,429.5996507972134,3.793338871066737,374.5118247840494,2203.269322119743,91.81649297262318,533097.8233409419,102722.1437085628,0.9003056033194996,3.8232733803501193,99.12115674125296
423.655,4.27273,370.815,2011.51,94.4386,500000,100000,1,4.27273,94.4386,449.57355374405313,4.617278724182581,382.7569934072032,1998.4750735487432,89.05878926872451,471389.79945107055,98461.72099761352,1.0115745853479725,4.225755427848031,94.44579159925787
423.655,4.54545,370.787,2011.51,94.5555,500000,100000,1,4.54545,94.5555,422.30937481706655,4.660311024168892,416.3857003041632,1876.838689417159,82.08835058562582,492504.5480348206,99584.4028333631,0.9309132919061676,4.711263663059178,67.85468762235354
423.655,4.77273,370.766,2011.51,94.6428,500000,100000,1,4.77273,94.6428,441.627099270034,5.122899470038558,428.6190963459015,2101.4162109001923,127.83645294544648,486368.2780920708,100285.21312593688,1.094390512274203,4.644099568195548,96.9119763554531
423.655,5.0,370.748,2011.51,94.7223,500000,100000,1,5.0,94.7223,413.2351534300879,5.1105840649940495,336.896884113158,1951.646032159681,98.34377802941928,444847.59626742016,90768.83982206056,0.964277384740938,5.232226425682146,94.4548679760169
425.675,0.5,373.794,2011.51,81.8806,500000,100000,1,0.5,81.8806,385.73492134278126,0.5313039759241528,387.84051068785664,2198.423094368024,106.39763079574362,521502.2924640658,101626.72207782423,1.025467524959797,0.5029702640067282,77.00256362800295
425.675,0.727273,372.752,2011.51,86.2736,500000,100000,1,0.727273,86.2736,421.74760841899234,0.7405523155362013,369.6316983331715,1682.7194132129446,95.12306043426626,448087.9205372236,100480.6594923473,0.9665060905143144,0.7524794854510124,89.7961557128458
425.675,0.954545,372.175,2011.51,88.7074,500000,100000,1,0.954545,88.7074,439.5418311831722,0.964976692001498,372.1962759661717,2084.7911013576268,79.68522347106145,458912.9628113319,93972.08397559164,0.8792300535434823,0.9612290868768184,91.3223318370338
425.675,1.22727,371.751,2011.51,90.4963,500000,100000,1,1.22727,90.4963,410.0490284102482,1.330110242523468,438.96108408134194,1887.0522350593697,106.3104377156111,492209.5309384943,101649.67777163388,1.0699922255627377,1.2989748511357275,85.17953999600907
425.675,1.45455,371.513,2011.51,91.4953,500000,100000,1,1.45455,91.4953,442.4690852699287,1.4524780571971705,371.435081932711,1726.527985152711,106.44798587515426,549315.6525548624,105677.07953106424,1.0060461177120206,1.4983220219338258,107.72004016253612
425.675,1.68182,371.338,2011.51,92.2337,500000,100000,1,1.68182,92.2337,455.5439756016521,1.671582992592081,360.0477986322606,2057.667039805154,89.3967007434286,481210.323177723,107565.48317199171,0.9003033827113591,1.6570495558068616,104.7710620346827
425.675,1.90909,371.203,2011.51,92.8016,500000,100000,1,1.90909,92.8016,435.53330938627647,1.899280383347432,318.3444228144656,2000.6440758331453,73.39354748267745,525894.3503035563,95007.58396379768,1.0717837652187223,1.996883447853138,93.4682024232568
425.675,2.13636,371.097,2011.51,93.252,500000,100000,1,2.13636,93.252,429.732440265587,2.247014497659111,350.88924013711244,1801.0543180986722,80.91625069414951,530327.0875558823,103770.5137670064,1.0061979774225969,2.143610833762564,85.13721182948399
425.675,2.40909,370.994,2011.51,93.683,500000,100000,1,2.40909,93.683,407.6341713717536,2.3806782206753283,364.033813299184,2340.5125213097663,114.14502422743162,538331.5853100474,95355.20581768957,1.0152858298195562,2.4725943429055133,80.27704591279004
425.675,2.63636,370.925,2011.51,93.9755,500000,100000,1,2.63636,93.9755,395.7592629555566,2.576185661746389,264.02391932668985,1897.419506545744,90.6296797547618,433902.9648598092,110231.61135563672,0.9551371734683513,2.45238648194112,120.17147041283636
425.675,2.86364,370.866,2011.51,94.2225,500000,100000,1,2.86364,94.2225,436.5465711141992,3.0797360045189413,356.97874036043584,1964.1584689918257,88.43092515607148,479306.9737846645,101808.5961663526,0.955483861186286,3.0620422475104867,105.07383631562465
425.675,3.09091,370.816,2011.51,94.4338,500000,100000,1,3.09091,94.4338,444.622805245929,3.1915702676415747,389.5009684913424,1866.316904349913,98.8420137184851,519627.75146904006,109726.28834531752,0.9977837933382144,3.28345609924598,107.13293533522176
425.675,3.36364,370.765,2011.51,94.6504,500000,100000,1,3.36364,94.6504,405.4905981650932,3.307628704436677,380.3520523071806,1766.91078416709,67.29524362585637,466543.2643603825,99757.72346048451,0.8748727731501835,3.2683264280712896,94.90352493071288
425.675,3.59091,370.728,2011.51,94.8061,500000,100000,1,3.59091,94.8061,437.4300137985866,3.681083983982955,391.30977195699217,1866.3765808732296,82.11387183962933,458132.5084971929,103526.98540221382,1.0847570416023198,3.626012186639825,96.03085334070018
425.675,3.81818,370.695,2011.51,94.9436,500000,100000,1,3.81818,94.9436,414.2064246432578,3.78526868207212,331.1093622057569,1714.5552208317413,87.75175883918946,546713.3186321948,101061.55682124948,1.0140013313035072,3.7244979262062863,93.0607977249605
425.675,4.04545,370.666,2011.51,95.0659,500000,100000,1,4.04545,95.0659,427.704282104859,4.255555919131019,333.06483945839665,2204.8213024206166,88.88196264075424,482193.9772814872,99860.61850038434,1.0346665054593485,4.328543764640518,93.53870287657844
425.675,4.27273,370.64,2011.51,95.1753,500000,100000,1,4.27273,95.1753,441.251953102396,3.93577618084046,373.4017270412105,2319.088961494759,96.35522139472948,515848.2277350615,102814.11782918229,0.8873232418956623,4.140802270454775,99.78668209150835
425.675,4.54545,370.612,2011.51,95.2923,500000,100000,1,4.54545,95.2923,438.7106326945871,4.524254415390659,391.4942636547679,2271.0335216124417,99.3156048211588,493601.602805542,100950.76327640304,1.0297034475329916,4.263854038739348,90.02060736181967
425.675,4.77273,370.591,2011.51,95.3797,500000,100000,1,4.77273,95.3797,432.7807920634531,4.609650341278464,371.6556594871633,2041.1997217679675,87.3851413274009,515949.5968207776,107557.21545350928,0.9744931969285906,4.622939751832481,99.23091653128608
425.675,5.0,370.573,2011.51,95.4593,500000,100000,1,5.0,95.4593,453.9596845396618,4.869039207421651,375.8568630020733,1810.5307471090348,112.5896126540357,503089.0368309292,102024.39586275356,0.977101239865798,4.858606716137721,100.90756114847592
427.695,0.5,373.626,2011.51,82.5913,500000,100000,1,0.5,82.5913,435.9668035128085,0.4954002834974259,401.9439751505483,1818.1203467289592,64.68765449563108,488573.5328868821,98176.94668516373,1.0327197848998284,0.5062820479733324,88.04373895131627
427.695,0.727273,372.582,2011.51,86.9922,500000,100000,1,0.727273,86.9922,450.043955746184,0.7614151521501952,416.2112215431032,2294.859891057466,108.96281939001064,489740.5219948961,95878.57365224265,1.0154388239891097,0.707621980129211,82.68060447206575
427.695,0.954545,372.004,2011.51,89.43,500000,100000,1,0.954545,89.43,410.1931075859968,0.9418016447112044,301.746610694825,2073.0733429367806,105.36995636603264,502880.4216800753,96140.60352548076,0.9984816105937604,0.9714153955263376,84.71477292334154
427.695,1.22727,371.578,2011.51,91.2217,500000,100000,1,1.22727,91.2217,441.07133256292747,1.22030021902882,406.7017849223748,2261.172404825215,51.60503675729706,481657.08774452034,106949.7190860602,0.986372646601398,1.2645648180119693,85.77840656143744
427.695,1.45455,371.341,2011.51,92.2223,500000,100000,1,1.45455,92.2223,416.87973316603455,1.4390692328768364,396.36731838570745,1783.8773427592878,93.4586499339224,566622.3871543442,96634.27598207258,1.00103199518275,1.4592421077341131,99.43322060673928
427.695,1.68182,371.165,2011.51,92.9618,500000,100000,1,1.68182,92.9618,449.3248841464488,1.7503315211118888,398.8908784576163,2234.5269177143687,66.37640635859316,490540.108485713,92736.35615475773,1.0386860279778607,1.6713873380399096,80.40971828770216
427.695,1.90909,371.03,2011.51,93.5305,500000,100000,1,1.90909,93.5305,463.72860909661176,1.963554877257591,326.716433975131,2234.9043414472,98.92175079434745,473496.883774844,95041.81610797858,1.0345584330610522,1.9211148179515736,92.12159475929614
427.695,2.13636,370.923,2011.51,93.9815,500000,100000,1,2.13636,93.9815,420.5281623340938,2.0541414270736107,347.2557754395433,1826.2702389783656,107.36845920669757,502701.7469441663,105131.31819065088,1.0088638204611546,1.9615906088843773,114.41688965047403
427.695,2.40909,370.821,2011.51,94.4131,500000,100000,1,2.40909,94.4131,428.62555031027335,2.552821401631024,404.11350522708375,2048.136200310786,82.54835266898607,498812.7254502744,97395.79456865914,1.015986049399722,2.515586078192185,106.08342949234596
427.695,2.63636,370.751,2011.51,94.706,500000,100000,1,2.63636,94.706,403.08085157531775,2.5313946198674406,320.0042887173236,2244.74417285929,103.293376432155,493006.7102491842,99868.39900067532,0.9451780628276606,2.73500669661949,84.55732188228284
427.695,2.86364,370.693,2011.51,94.9534,500000,100000,1,2.86364,94.9534,417.73386435580034,2.6944609340709587,363.4100233743321,1957.4118087087109,70.58367793459855,531820.728103954,104681.16569750632,1.0147881540373724,2.852802334841716,91.41964378229528
427.695,3.09091,370.642,2011.51,95.165,500000,100000,1,3.09091,95.165,411.4793275273561,2.9634510747708176,401.0710444697589,2144.850587361742,97.8830213756024,458310.60529962217,100241.35369472895,1.0045956718100648,3.064903758665998,91.93980711735033
427.695,3.36364,370.591,2011.51,95.3819,500000,100000,1,3.36364,95.3819,414.1888681562317,3.3765450857584263,443.7594921917697,2436.9453473341487,81.20788085291834,484294.8025063854,105249.9235595761,1.0105711825112689,3.484851574032988,99.97176634589732
427.695,3.59091,370.554,2011.51,95.5378,500000,100000,1,3.59091,95.5378,416.65128117287526,3.547207462779673,337.4359110730175,1795.449902818389,106.83015949585752,506486.0718812885,100882.917261089,1.0111241961320463,3.4563183702329017,101.55063673602308
427.695,3.81818,370.521,2011.51,95.6755,500000,100000,1,3.81818,95.6755,394.5781848333735,3.956220632510399,365.43651903563546,2327.375866090192,95.96281721854032,520887.17372084496,97523.87730609262,1.0045220292423929,3.705427253231368,102.25021407817044
427.695,4.04545,370.492,2011.51,95.7979,500000,100000,1,4.04545,95.7979,426.3741880270411,3.4825336359488555,396.2798108779117,1831.11650012499,84.84880648459698,521225.4987718496,114298.54649969416,1.0712666217114153,4.0551796102644175,91.04579597002454
427.695,4.27273,370.466,2011.51,95.9075,500000,100000,1,4.27273,95.9075,405.4111407552843,4.12729343903542,271.54535663955767,2462.974659733756,134.76052421806455,535268.2033948312,102827.72708328062,1.0807644884800849,3.96014023471924,103.92022211478408
427.695,4.54545,370.438,2011.51,96.0247,500000,100000,1,4.54545,96.0247,431.5747629144822,4.767116990807505,377.7153797020461,1910.2609218753548,113.43543683342678,526075.24728079,88875.76147320369,1.0413217704421736,4.956148388538352,87.06659257275463
427.695,4.77273,370.418,2011.51,96.1122,500000,100000,1,4.77273,96.1122,427.022681201328,5.370093908469466,389.9302947734439,2187.2127407705743,102.6111545647833,486752.471752992,111191.5640451758,0.9898563500168104,4.7469010734844135,104.30029950973322
427.695,5.0,370.399,2011.51,96.1919,500000,100000,1,5.0,96.1919,434.1341051717806,5.40175475206232,333.95366203451675,2100.2824425580025,107.21925807576066,507815.5588475201,105824.44107105747,0.988294274894659,5.131020534733891,90.20891972319308
429.716,0.5,373.458,2011.51,83.2977,500000,100000,1,0.5,83.2977,433.6658316508021,0.5398690497260966,373.7355466075513,2395.1579621399524,92.30464473099252,532484.4563805009,92487.74897690938,1.0371572152402884,0.492013631491839,71.39273575061112
429.716,0.727273,372.413,2011.51,87.7064,500000,100000,1,0.727273,87.7064,391.5519265284065,0.6634510840205664,381.2904844469113,2417.306087892862,93.27351099693972,501775.0163925874,107773.36554477947,0.952413893634209,0.7339183635068467,93.39707184042705
429.716,0.954545,371.833,2011.51,90.1482,500000,100000,1,0.954545,90.1482,427.2071908864065,1.0227720421223847,408.6743198400728,2177.4829808826203,78.26760649945611,470346.03578838974,102255.36056500296,0.9378565922466968,0.9600446710463094,82.78913934332523
429.716,1.22727,371.407,2011.51,91.9428,500000,100000,1,1.22727,91.9428,440.07358929018267,1.2331840375942082,377.296278066391,2051.7978179864813,90.44938915588516,499104.8830625088,89404.419725425,1.005283672202932,1.264237146590778,92.93626082770456
429.716,1.45455,371.169,2011.51,92.9449,500000,100000,1,1.45455,92.9449,447.8748951372721,1.4019839989721603,379.3255484601737,1976.412334846678,78.10784819016057,485712.8440425681,95973.40069129676,1.029472448209227,1.5618605106710195,94.28380189430764
429.716,1.68182,370.994,2011.51,93.6855,500000,100000,1,1.68182,93.6855,456.5064660216359,1.6955483288705346,361.2654934455072,1910.3650628774888,85.5215750041862,479741.4097656712,97492.72034618404,0.95575727123955,1.7081276533334553,92.71077542515262
429.716,1.90909,370.858,2011.51,94.2551,500000,100000,1,1.90909,94.2551,409.8531086722461,1.845019882428632,351.0367644956691,1920.7981508890728,104.25672848666838,522290.8853061186,94342.08413353888,0.9526334764031376,1.9313675427009889,107.80455023244473
429.716,2.13636,370.751,2011.51,94.7067,500000,100000,1,2.13636,94.7067,470.6278979362477,2.027948641740384,396.31453461098266,2061.23965052991,100.8691125618322,457468.5639171372,96861.1409073949,0.9776912158856236,2.1110148218452736,78.85712566757013
429.716,2.40909,370.649,2011.51,95.1389,500000,100000,1,2.40909,95.1389,461.449117692692,2.443007988267912,430.341455666281,1899.161187748944,102.47782899278764,516692.86036482383,104547.08438289884,0.9763591926364428,2.287279052059092,106.36635171613992
429.716,2.63636,370.579,2011.51,95.4322,500000,100000,1,2.63636,95.4322,411.7267468589524,2.4820823748650818,374.8568123128871,2222.900288496925,107.97040652263826,496778.0667416777,93081.99997181374,1.017145860680018,2.780806618460719,93.10428702346915
429.716,2.86364,370.52,2011.51,95.6799,500000,100000,1,2.86364,95.6799,405.9771390008173,2.7516459814241543,389.43847963864425,2023.5729207338927,72.99086918283729,476967.4493719353,106818.0667589832,0.9518364245942575,3.0615562910351946,94.75779798194166
429.716,3.09091,370.47,2011.51,95.8919,500000,100000,1,3.09091,95.8919,424.7629940083022,3.125376784231439,372.4141545839937,1925.0363862321933,115.07755230953777,536952.3248105185,103374.82411317066,0.9887523087523824,3.0223727373234377,98.31314078637116
429.716,3.36364,370.418,2011.51,96.109,500000,100000,1,3.36364,96.109,444.3555541694751,3.119008953743132,387.9628403249944,1863.5654327671016,76.52624730327548,499365.0108980911,112433.89678660053,0.9717104485062932,3.689233800999717,101.37604443100165
429.716,3.59091,370.381,2011.51,96.2652,500000,100000,1,3.59091,96.2652,441.206978325261,3.679699288096143,342.3993305218403,1940.09487551724,93.60592856510448,535048.1041014377,108577.57181499718,1.0239735277751738,3.459272802240538,110.98301733557936
429.716,3.81818,370.349,2011.51,96.403,500000,100000,1,3.81818,96.403,417.15502036264553,3.831991353093188,373.7758908399916,2277.191555073504,68.25930301527396,518708.989313938,102157.97139529718,1.044319883115741,3.726952781833305,103.36368123213214
429.716,4.04545,370.319,2011.51,96.5256,500000,100000,1,4.04545,96.5256,435.9939945222748,4.212862353637913,331.13696429146927,1832.3417235174977,79.35351293268585,551303.8854127432,104655.22671950689,1.0638605691769134,4.103443443122204,87.8969492555666
429.716,4.27273,370.293,2011.51,96.6353,500000,100000,1,4.27273,96.6353,439.54976245062943,4.309136953360631,365.84213947579775,1911.1148337212765,92.55545566459526,490489.3226732604,102086.82620526056,0.961588510256188,4.729401455830427,119.78820937215532
429.716,4.54545,370.266,2011.51,96.7527,500000,100000,1,4.54545,96.7527,437.94482472834665,4.400208024143935,388.8287907599749,2205.969374120618,80.61079012285872,537646.3544518272,105827.91444122992,0.9637636481501204,4.643193127956117,97.26138152178623
429.716,4.77273,370.245,2011.51,96.8403,500000,100000,1,4.77273,96.8403,440.6365583383203,4.689573247725047,341.6906209875983,2516.4449021033465,106.26206746245693,526858.4291381657,94672.9194330909,0.9161908751405468,5.158814941232462,98.58988186153331
429.716,5.0,370.226,2011.51,96.9201,500000,100000,1,5.0,96.9201,435.8894913742222,5.196370647457394,405.4905729015925,2065.7482525578234,110.19645166742242,414465.509469582,100932.8458510856,0.9969937564292278,5.102987799954792,99.30643039654
431.736,0.5,373.292,2011.51,83.9999,500000,100000,1,0.5,83.9999,430.7535362631312,0.4837011961494153,387.5964057676889,1769.0177868777105,66.20972403077067,455666.5484899136,94709.77193876552,1.0259601630015769,0.519993070626882,84.68241471258543
431.736,0.727273,372.244,2011.51,88.4165,500000,100000,1,0.727273,88.4165,447.9386023734588,0.6629271490938614,397.84570386463,1882.86760142324,91.10266555669192,548351.5860106699,103955.4568245889,0.9159295210392084,0.6738676009166196,98.1246849994082
431.736,0.954545,371.664,2011.51,90.8622,500000,100000,1,0.954545,90.8622,420.1798285435982,0.9624383602173942,319.8900042617691,2196.6385203283007,81.5666039131642,486987.795026772,95681.66069004132,1.01164220284718,0.8735962550256187,98.41291164001686
431.736,1.22727,371.237,2011.51,92.6596,500000,100000,1,1.22727,92.6596,427.9461362212976,1.233247869131127,386.0444605798073,1945.6141631424084,95.06839383095588,524904.4666632777,101868.5116039046,1.027790559979958,1.225159323630948,89.03012204666369
431.736,1.45455,370.999,2011.51,93.6632,500000,100000,1,1.45455,93.6632,447.8182806880193,1.4840220939581257,345.49193458870894,2303.8056331821645,111.08786670844675,499615.7455023317,106593.50409581268,0.958601387040558,1.4270819095345963,93.23412586751842
431.736,1.68182,370.823,2011.51,94.405,500000,100000,1,1.68182,94.405,429.2269868919349,1.795063079360824,398.99705092936233,2146.469636178615,111.78857710465851,495395.3299762567,95903.41854306948,0.9643010398260388,1.6138896515341772,88.39149440576877
431.736,1.90909,370.687,2011.51,94.9754,500000,100000,1,1.90909,94.9754,421.9023593596279,1.8494206837113976,373.0247386585863,2105.2034770074683,82.23254612188336,424338.31183064845,111666.72902398526,1.046067411902128,1.8828025895179783,94.51764644054072
431.736,2.13636,370.58,2011.51,95.4277,500000,100000,1,2.13636,95.4277,418.6979910233274,2.2394676110107503,320.0527134301991,2050.7737326286924,116.50394790844724,513141.4529155904,96616.42100155124,0.9662080233662004,2.093325727102422,99.95023388110631
431.736,2.40909,370.477,2011.51,95.8605,500000,100000,1,2.40909,95.8605,445.5619092430412,2.3049093712254907,414.2635452133589,2122.5727616683844,89.65325894425655,491024.2874660812,95219.11817547334,0.9859200357434308,2.340537014915571,100.1518570633436
431.736,2.63636,370.408,2011.51,96.1542,500000,100000,1,2.63636,96.1542,367.16694602336025,2.507947197953194,370.37750842593,2189.822134853849,107.65533898324593,467847.0670851771,98131.19354335435,1.117299052054373,2.566097334255468,79.65969177051987
431.736,2.86364,370.349,2011.51,96.4023,500000,100000,1,2.86364,96.4023,441.80993315350537,3.1668608172907726,397.7445483148132,2025.874565826919,109.13498368837286,515500.9584005378,104246.73064060844,1.0407137487855478,3.0485217231879176,98.25130018003256
431.736,3.09091,370.298,2011.51,96.6145,500000,100000,1,3.09091,96.6145,426.62952832586205,3.2128083880892984,343.7134937407642,1888.4505934575216,94.94523152145322,511300.5579258625,96055.86835740376,1.0931836687051415,3.000208189112775,85.45980389035688
431.736,3.36364,370.247,2011.51,96.8319,500000,100000,1,3.36364,96.8319,408.92830147726295,3.63250374958534,360.2996250780402,1673.68002171714,66.00358062409137,535775.2623730614,113005.80879991528,1.011808808206885,3.409996536108621,96.26447843314388
431.736,3.59091,370.21,2011.51,96.9883,500000,100000,1,3.59091,96.9883,392.4350006717193,3.63827752964784,391.5161823356829,2033.449656851174,78.21450902251537,500199.0170654286,91895.6938026478,1.0494681469513154,3.403661541305488,100.10433123312797
431.736,3.81818,370.177,2011.51,97.1263,500000,100000,1,3.81818,97.1263,474.6349295401956,3.862383273906176,411.3175866493776,2248.406634631713,96.38463866420472,506238.8764051613,98757.67028504307,0.955809563713824,3.7406226334894384,90.86998600156927
431.736,4.04545,370.148,2011.51,97.2491,500000,100000,1,4.04545,97.2491,443.4679806514756,4.151601106228091,416.004008329464,2337.7418818068304,92.6688773978889,488307.5014899172,104497.77545403987,0.932846350488637,4.272449705181977,87.58027643654957
431.736,4.27273,370.122,2011.51,97.3589,500000,100000,1,4.27273,97.3589,437.9686199646712,4.441634802290957,402.4291702701841,2307.244917860722,114.24800232108343,518015.9242851392,102049.94348939028,0.9821411979849436,4.099079951063304,97.51670350849692
431.736,4.54545,370.094,2011.51,97.4764,500000,100000,1,4.54545,97.4764,483.7963820603762,4.648898912430262,343.70931738795764,1408.6456806227302,87.54270530807453,473326.0151868354,97910.57936921564,0.912690054200917,4.486978323064061,108.63157517621568
431.736,4.77273,370.073,2011.51,97.5642,500000,100000,1,4.77273,97.5642,411.187126587192,5.067892779617562,428.6094506357172,1667.5639639618933,105.61451552840974,518961.5616687662,100977.56075059944,1.055098951596587,4.5625541778488765,100.09775455712838
431.736,5.0,370.054,2011.51,97.6441,500000,100000,1,5.0,97.6441,428.3844539648299,4.692255375798685,415.8771655309976,1819.6000092932763,91.7240756957973,524299.0894510802,92656.53487207348,1.0087580090055528,5.007863651589622,106.24751631438389
433.756,0.5,373.126,2011.51,84.6982,500000,100000,1,0.5,84.6982,392.3798512462667,0.5002934092430484,455.170326873828,1907.0432191888765,75.51641367655314,533568.3656393663,97790.52057921812,1.0276024640753387,0.4864630385767378,95.38494926031515
433.756,0.727273,372.077,2011.51,89.1225,500000,100000,1,0.727273,89.1225,404.79234282567535,0.6950306230114995,278.3570934786907,1844.7677410467663,91.35396095621827,533622.0621875684,95318.8712342987,1.0080170272314417,0.791985696362252,88.25786996870403
433.756,0.954545,371.495,2011.51,91.5721,500000,100000,1,0.954545,91.5721,431.7252370658626,1.0060153165901589,368.3307507601784,1970.979702840525,105.96269464012734,449893.5525296143,106194.16617507424,0.9337993019032186,0.98634870190805,92.7957425248742
433.756,1.22727,371.068,2011.51,93.3724,500000,100000,1,1.22727,93.3724,400.8047261842733,1.1203714729440843,371.81025547749374,2203.283006228296,86.07890015421503,471025.6753241468,110588.8763613385,0.9720340873448492,1.2434473644834796,113.45367361939184
433.756,1.45455,370.829,2011.51,94.3775,500000,100000,1,1.45455,94.3775,423.71104901136425,1.5282188036448214,291.1859355485912,1588.6331957582404,94.06681287464296,486488.1511342644,104045.1961165198,1.0036911136060356,1.3612401310689617,94.2192557353696
433.756,1.68182,370.653,2011.51,95.1203,500000,100000,1,1.68182,95.1203,437.88587523991663,1.7495334248910397,325.0450357608428,2215.951193033776,100.39444625035908,535888.1392579121,94880.88160887944,0.939172309221712,1.5069761112597253,107.66967734331874
433.756,1.90909,370.517,2011.51,95.6916,500000,100000,1,1.90909,95.6916,419.480040082986,1.8544340850691063,357.63828767093537,2223.4945842522684,121.43075020102106,546321.7498013481,101464.65570586752,0.936213973068199,1.93442717960419,91.542151548121
433.756,2.13636,370.41,2011.51,96.1445,500000,100000,1,2.13636,96.1445,426.32686144163694,2.3353362641797686,422.4014761419581,2091.4366913900203,76.76542293655368,492430.9180715897,99046.80386695328,0.943891499568959,1.989728612260744,95.40463840568567
433.756,2.40909,370.307,2011.51,96.578,500000,100000,1,2.40909,96.578,421.0354271319512,2.618428449134484,408.8053128966509,2114.9652651227125,106.998548169373,513888.1633994517,91354.84136569586,0.9819695878858582,2.279934061662164,91.79176196868042
433.756,2.63636,370.237,2011.51,96.8721,500000,100000,1,2.63636,96.8721,426.4633744784326,2.6933212263214523,330.0029047880231,1936.747768293147,76.99590478774844,483199.3873848411,97866.63215738918,1.091649145551364,2.505410279543853,94.74875738407466
433.756,2.86364,370.178,2011.51,97.1205,500000,100000,1,2.86364,97.1205,427.4980135935869,2.897798375073275,390.4528783172746,2077.479999667322,95.67629200752144,499965.4113943173,101469.01223266932,0.975187744656527,3.01542485723735,83.97455238241899
433.756,3.09091,370.128,2011.51,97.333,500000,100000,1,3.09091,97.333,438.188748439599,2.9232062576412057,325.9992149723946,2271.476473935848,97.91697716956348,487982.95257876406,97957.5297463958,1.0557041983840043,3.151315516862343,116.3794424263132
433.756,3.36364,370.076,2011.51,97.5507,500000,100000,1,3.36364,97.5507,422.2759510116422,3.557072307916445,331.02789171814595,2412.5787614249207,95.11888532721017,481260.7462412661,103001.57371513009,0.928673363304834,3.0865694431204465,94.90798483127928
433.756,3.59091,370.039,2011.51,97.7073,500000,100000,1,3.59091,97.7073,438.6414831220414,3.4126825407412382,368.1286579688067,1982.888392159104,78.11350411251398,522236.3850575351,98372.8141782141,1.0755705712796444,3.373296070423795,85.77551137672805
433.756,3.81818,370.006,2011.51,97.8456,500000,100000,1,3.81818,97.8456,469.1473860560648,3.906035879125946,379.39395884955695,1790.3064404738325,110.96122838741688,491671.6203245478,101488.14455735496,0.9932488855678812,3.67274245750086,84.75314616216905
433.756,4.04545,369.977,2011.51,97.9685,500000,100000,1,4.04545,97.9685,438.83147556112016,4.251753508841385,325.7785263252283,2495.238885349539,97.14780691068069,512922.1279072232,98566.39322196072,0.9755264469554,4.002431215072056,114.0896031240455
433.756,4.27273,369.951,2011.51,98.0785,500000,100000,1,4.27273,98.0785,409.5266834557908,4.112975807551117,406.0387195423492,1949.301997080141,59.89838855747008,534496.1929588758,96075.32715347433,1.0101261554049588,4.223540113343228,96.84227592397328
433.756,4.54545,369.923,2011.51,98.1961,500000,100000,1,4.54545,98.1961,436.87010644933656,4.986944371875785,333.21666109105524,1922.1116789807463,110.70513875013512,527078.2078385026,102926.96332496742,1.0354908076811902,4.455710004489278,99.42992694523622
433.756,4.77273,369.902,2011.51,98.284,500000,100000,1,4.77273,98.284,415.02027912732126,5.06756152256102,266.7996251933046,2174.964236046824,112.43292158548886,512459.5803676165,107697.01731205042,1.0747743481239842,4.5376181788856655,89.1197566114537
433.756,5.0,369.883,2011.51,98.364,500000,100000,1,5.0,98.364,446.33182883202375,5.0098389387485485,352.242912525052,2334.9993296817447,93.19387232942624,504393.4941324,97664.42947564894,1.0139703339798094,4.821150688698433,93.87262384241085
435.776,0.5,372.961,2011.51,85.3926,500000,100000,1,0.5,85.3926,420.37365921463726,0.5065972123587505,404.24761150693377,1859.1109878441616,95.29908791279124,521107.7134090701,99931.94393984252,1.1016231969003574,0.4563879292436482,83.61320506282954
435.776,0.727273,371.91,2011.51,89.8245,500000,100000,1,0.727273,89.8245,443.6508496426002,0.649867548263202,337.9323088859965,1744.857011153519,97.12075393459853,522557.8089016946,101838.15487589606,1.007870505133078,0.7188550613662172,91.44391604631252
435.776,0.954545,371.328,2011.51,92.278,500000,100000,1,0.954545,92.278,410.4621241817623,1.015198966668478,398.7174044639701,2125.660321787379,70.5524909441373,509073.6669548662,112460.07640900664,1.0297315889261418,0.8568879204063036,87.2036630283035
435.776,1.22727,370.9,2011.51,94.0811,500000,100000,1,1.22727,94.0811,431.5431087371464,1.3343183526431457,365.8350968196557,1977.4645323024893,115.80895991110252,468090.175110132,108616.55545674036,0.939317461087676,1.1369657435785734,108.77003585734442
435.776,1.45455,370.661,2011.51,95.0878,500000,100000,1,1.45455,95.0878,422.43761747549706,1.3780899927549164,344.091033268617,2194.643264453938,106.76773818850116,554646.9652213936,105273.70533010774,0.9997688200199846,1.427453178425066,100.26764554407396
435.776,1.68182,370.484,2011.51,95.8317,500000,100000,1,1.68182,95.8317,394.1734220805211,1.7703780360641792,395.291152607472,2073.7471904968247,109.49060233843792,524480.1224000555,95749.59729693984,0.9564070704789974,1.5599906127985588,84.43862535198559
435.776,1.90909,370.348,2011.51,96.4038,500000,100000,1,1.90909,96.4038,434.9573807306711,2.0251784961398616,374.66077570399614,2138.615057047364,101.42853945821538,525599.9418637196,98891.40413822525,0.8948138914951811,1.7291727486152046,108.83267905144194
435.776,2.13636,370.241,2011.51,96.8574,500000,100000,1,2.13636,96.8574,456.5091276410837,2.092187417996505,390.895376604862,2162.5802005240994,109.28227966373564,516211.6114293782,101440.40256399444,1.0183150395078615,2.175023764151058,103.6915255909957
435.776,2.40909,370.138,2011.51,97.2914,500000,100000,1,2.40909,97.2914,433.61685411090303,2.395373050153496,309.9164762305484,1886.4151033165504,104.13204027787611,495630.62950308487,94008.53438036484,0.970473204390917,2.586506519865176,95.56615529626296
435.776,2.63636,370.068,2011.51,97.586,500000,100000,1,2.63636,97.586,420.25858610824105,2.755098376322368,408.3636030302408,2045.6953146857315,86.30150098301608,469954.532908072,105161.68867452833,1.0097906713683062,2.7189370868314047,93.4447953041726
435.776,2.86364,370.009,2011.51,97.8347,500000,100000,1,2.86364,97.8347,372.43621508684464,2.733885876255478,335.1219305068296,2068.73393191421,106.48015175378131,539406.9714649834,97602.9900130386,1.0394247019755904,2.479810025686456,100.56399946711194
435.776,3.09091,369.958,2011.51,98.0475,500000,100000,1,3.09091,98.0475,438.15987931107423,3.382350129174514,394.41891969177016,2180.068270532603,102.91624241766036,486218.5189656232,101516.98427515395,1.0449491988990154,3.002076307671781,111.81706681593457
435.776,3.36364,369.906,2011.51,98.2656,500000,100000,1,3.36364,98.2656,420.64149147637806,3.4699142628402395,412.23083534185207,2004.4613293562056,104.34474993577624,489548.74250042334,105333.19217797462,1.0589797269318302,3.3242443928094296,94.76105243128492
435.776,3.59091,369.869,2011.51,98.4224,500000,100000,1,3.59091,98.4224,433.6706861787796,3.4860142953482804,393.2928494952641,1862.37110047594,96.39466030101808,508940.47844247456,99934.5509449604,0.9962752248601268,3.504799414849783,100.00102647777078
435.776,3.81818,369.836,2011.51,98.5608,500000,100000,1,3.81818,98.5608,452.68471700915273,3.9153612995480778,307.54730377806374,2024.0924903144448,79.07860728227008,505836.3881121549,99450.22013199882,0.9494915458101556,3.966675636506914,112.135104717289
435.776,4.04545,369.807,2011.51,98.6838,500000,100000,1,4.04545,98.6838,457.026888095285,3.926243419739944,359.6023320380263,2204.821182499156,128.03484848174747,472732.1210509563,100528.915452233,0.9762738013418027,4.26891791532996,93.75303041633018
435.776,4.27273,369.781,2011.51,98.794,500000,100000,1,4.27273,98.794,428.5684997489717,4.307235178680046,339.00037495221886,2242.48858815614,67.66425729662345,502206.2495600829,101926.43900081518,0.8938011712005919,3.9118652792090014,104.63625996205552
435.776,4.54545,369.753,2011.51,98.9118,500000,100000,1,4.54545,98.9118,475.6412286511515,4.542299518035878,480.63209317118526,1702.3308243273352,97.81311519225804,479168.8888089483,100109.01608296296,0.9625077099876124,4.269172582928629,85.11669559216175
435.776,4.77273,369.732,2011.51,98.9998,500000,100000,1,4.77273,98.9998,402.3293150545669,4.533266522916247,341.0144685222368,1759.271551232376,110.43594602005638,475042.0433515968,111253.38714065537,1.0334722547339994,4.591860994934975,84.19944878163717
435.776,5.0,369.713,2011.51,99.0799,500000,100000,1,5.0,99.0799,445.3045295697545,5.147207987885487,335.6614740997585,2085.426325015192,112.30713432307356,500831.9440831191,99195.51730756772,1.0217395968048348,5.053995303183359,86.22273650206309
437.796,0.5,372.798,2011.51,86.0832,500000,100000,1,0.5,86.0832,441.8494554660994,0.5041741905833541,344.906821729096,2306.9070629698667,87.36548616746167,507274.53145486815,97706.06119291736,0.9413306991395805,0.5046894186235321,72.97239966479516
437.796,0.727273,371.744,2011.51,90.5226,500000,100000,1,0.727273,90.5226,422.9767118181704,0.6792290099160149,344.00739902975886,1930.4559881885407,104.5579500693948,465797.5041147751,94741.92178981956,1.0951070415638735,0.7668987603248322,97.61822112056068
437.796,0.954545,371.161,2011.51,92.98,500000,100000,1,0.954545,92.98,463.7024396694872,0.9982133019174122,375.4990173031945,1781.0686015324764,96.6073267197646,503541.1186376922,104650.71482053128,1.0376216285660371,0.9957241294827124,95.20173737251058
437.796,1.22727,370.732,2011.51,94.786,500000,100000,1,1.22727,94.786,401.5328493085751,1.2545088182286082,395.8589754613342,2324.923128768707,91.66582129364475,470233.2236161717,101530.06600916492,0.9818568071417756,1.2091365410605717,97.05661044699444
437.796,1.45455,370.493,2011.51,95.7942,500000,100000,1,1.45455,95.7942,454.37741731996766,1.5589931879244523,374.4872230981014,1964.606555664113,99.42915786862486,553467.7948972997,107854.41893987352,1.078092356319165,1.5431200564512535,86.39391326540601
437.796,1.68182,370.316,2011.51,96.5392,500000,100000,1,1.68182,96.5392,419.258601721709,1.6915032732736142,305.5417027867122,2050.288695105829,94.73580351219395,532758.4964469151,102779.40735118296,0.9858348899787002,1.526213971249338,90.1135223727876
437.796,1.90909,370.18,2011.51,97.1121,500000,100000,1,1.90909,97.1121,393.45147081916656,1.925260285814194,338.4153336073254,1648.6969875515365,74.60074454656943,479686.0612047583,97763.9664735492,1.0567584771718272,1.903257475807831,105.33862089067767
437.796,2.13636,370.072,2011.51,97.5664,500000,100000,1,2.13636,97.5664,459.8487470844482,1.9053469534548588,334.68689736069143,2123.4044394850657,100.85907663323836,523636.3422426276,97334.87273450216,1.0543160083974377,1.920403264839736,107.3451305442421
437.796,2.40909,369.969,2011.51,98.001,500000,100000,1,2.40909,98.001,401.2706959430081,2.2685409467071587,343.73693587918376,2210.111839428157,94.00619861333544,514147.6152205026,105660.79197023674,1.060009383660362,2.540178798662918,103.8812188659823
437.796,2.63636,369.899,2011.51,98.296,500000,100000,1,2.63636,98.296,421.7473574765016,2.6141128204871733,358.2413257652287,2250.949632764618,91.5459095297137,529048.414701897,92700.95917753445,1.0400728071010028,2.4766227731494608,101.11998917850484
437.796,2.86364,369.84,2011.51,98.545,500000,100000,1,2.86364,98.545,451.7761433595638,2.7336087013304566,419.4738346808063,2142.3880187916784,84.88392854304269,471389.3722176653,102264.51192615292,1.0212096482085542,3.04093860361309,93.71172128054155
437.796,3.09091,369.789,2011.51,98.7582,500000,100000,1,3.09091,98.7582,422.205629927875,3.1493631703951555,334.5287045157595,1951.8654461893248,96.47906952469371,482986.88510157913,100742.9867501248,0.9180048803730632,3.3122181500241914,93.45852955444296
437.796,3.36364,369.738,2011.51,98.9765,500000,100000,1,3.36364,98.9765,463.4674127915353,3.391695458521903,383.2791274910649,1999.020888142764,66.36560467190533,465859.1275861652,94175.82609875395,0.984858277794488,3.4050156609009585,107.29429838755726
437.796,3.59091,369.7,2011.51,99.1335,500000,100000,1,3.59091,99.1335,442.86230495490025,3.5559731993822115,304.4286779487828,1951.9846010561744,107.41221605186828,484210.9551948755,97147.62145934923,0.9589760919023668,3.855398977058298,113.31047257894342
437.796,3.81818,369.667,2011.51,99.2721,500000,100000,1,3.81818,99.2721,453.5815088590503,3.8358240288173855,322.9080352643669,2089.172984384148,79.9707890968375,507474.659146196,94662.97536217525,0.9889501379570792,3.84693745513929,92.82033073923668
437.796,4.04545,369.638,2011.51,99.3953,500000,100000,1,4.04545,99.3953,439.5383812878389,3.877737074340649,431.58843690298346,2196.9308734332776,109.72546914185514,537400.4888598322,99439.51851505705,1.1423947045068572,3.838520841918912,106.98799460704689
437.796,4.27273,369.612,2011.51,99.5056,500000,100000,1,4.27273,99.5056,456.9814387889302,4.068545984135023,366.4355739691502,2060.973141828404,114.4567165633904,520661.6965854928,100423.16674188872,1.0003805396957834,4.424237092962522,96.13625295993064
437.796,4.54545,369.584,2011.51,99.6236,500000,100000,1,4.54545,99.6236,431.4908866576205,4.6361328091452485,409.5122218457918,2233.112963265004,83.18682920801027,509666.3840191332,97541.62630181744,0.9115880036455292,4.681119604744223,102.79089580341464
437.796,4.77273,369.563,2011.51,99.7117,500000,100000,1,4.77273,99.7117,411.37453753273513,5.116355592607384,363.3540900588079,1811.84449189708,109.35290177933284,490183.63043944456,100655.63075616903,1.070988533247881,4.674961137928393,107.9910974895594
437.796,5.0,369.544,2011.51,99.792,500000,100000,1,5.0,99.792,462.6915878694554,4.62443368691493,418.5685067147366,2012.1882796050056,81.13740955987112,490714.15273203305,89495.37871767851,0.9940126670627178,5.54927530336554,87.32247087582222
439.817,0.5,372.635,2011.51,86.7701,500000,100000,1,0.5,86.7701,447.2620655194721,0.5039274662660957,410.1001333754296,1922.6757754679968,79.95908864235778,502404.0184076264,105807.83437623034,0.990343630617848,0.494143347511125,98.84297507180426
439.817,0.727273,371.58,2011.51,91.217,500000,100000,1,0.727273,91.217,463.1574496828804,0.7078267288510036,411.6838005070754,2406.448381129542,85.22166954135567,512448.0507784833,95161.72421687644,0.9858611470732072,0.8181040495673361,95.95261833973828
439.817,0.954545,370.995,2011.51,93.6782,500000,100000,1,0.954545,93.6782,413.82658338899,0.9264651469998616,360.5908799878768,1855.5437479160464,104.39287711026468,498241.4645108069,98212.78576754368,1.0115194149566713,0.9258054905953668,89.76279301663494
439.817,1.22727,370.566,2011.51,95.487,500000,100000,1,1.22727,95.487,438.63158655124215,1.370433227715627,381.9309886924944,2234.2555744893334,107.62645789922358,552142.5521629116,98249.01038013208,0.9787090078829236,1.2727831670183567,96.70330320877686
439.817,1.45455,370.326,2011.51,96.4968,500000,100000,1,1.45455,96.4968,419.9357698506591,1.3944938781093394,363.5477571310227,2166.8790609898683,69.0137143976355,462671.6387945861,100616.39533876113,0.9279518629830172,1.331703337480444,94.95057887222674
439.817,1.68182,370.149,2011.51,97.2429,500000,100000,1,1.68182,97.2429,439.7641374949296,1.4834943918176322,317.4002958247103,2203.541253136731,83.97650524787116,517510.8665789823,104394.90373841143,1.0058026431997784,1.6311009849470528,102.80454821243828
439.817,1.90909,370.013,2011.51,97.8166,500000,100000,1,1.90909,97.8166,405.8250881203521,1.837009978108296,356.3145995892675,1738.5224624057794,99.8160148499434,494649.4752088724,96631.980761907,1.03651503888602,1.8576989361806,88.55730151822125
439.817,2.13636,369.905,2011.51,98.2716,500000,100000,1,2.13636,98.2716,409.7813658718824,2.1158508083132155,336.75837898306804,2203.2976820894305,110.26369133544786,467031.0601116698,90312.53721623508,1.0398716411414377,2.1322770639696103,88.45570041998651
439.817,2.40909,369.802,2011.51,98.7068,500000,100000,1,2.40909,98.7068,417.2462687096005,2.3415929407633898,404.4600753273649,2063.519315068213,97.80518264565926,540340.7523147087,106787.09073294586,1.072514004715897,2.4249948365937866,94.41348660448408
439.817,2.63636,369.731,2011.51,99.0022,500000,100000,1,2.63636,99.0022,474.7952517716283,2.55971533524447,345.3979777902201,2097.375055808236,109.83172074012344,537867.6068877075,109354.58329176602,1.0478635539543353,2.689697140348357,89.37151074968871
439.817,2.86364,369.672,2011.51,99.2516,500000,100000,1,2.86364,99.2516,449.23604813452,2.9938335880333966,417.5632878896525,2008.044936108356,125.97109756281054,480734.4336855086,103295.78475584692,1.0175639992159282,2.918205967356608,100.03901033267982
439.817,3.09091,369.622,2011.51,99.465,500000,100000,1,3.09091,99.465,393.004327839838,2.9754486313831463,403.83668686196,1964.8023307972803,92.61269273037988,496375.2614944785,100731.53182405289,1.0318790780943388,2.985443626141596,124.15128511894564
439.817,3.36364,369.57,2011.51,99.6837,500000,100000,1,3.36364,99.6837,410.0095572761831,3.217830670150261,290.6696916831453,1904.010166144688,104.72820736590934,522703.5425385872,101394.37384105344,0.9562740476087388,3.4538481016955305,80.65001000781994
439.817,3.59091,369.532,2011.51,99.8409,500000,100000,1,3.59091,99.8409,448.6239260984527,3.556943522133724,299.37537385776324,1760.619409681913,90.16436658123273,504222.17101773387,90906.17399772596,0.9127594073576384,3.4823780229560803,93.32646127895072
439.817,3.81818,369.499,2011.51,99.9797,500000,100000,1,3.81818,99.9797,479.5587903107442,3.8308069341519806,355.05560111236764,2010.0062545156693,125.96985228002217,508616.4100043384,95103.0235073562,1.0265167958507333,4.008998229502019,95.65063497436093
439.817,4.04545,369.47,2011.51,100.103,500000,100000,1,4.04545,100.103,450.9436125912149,4.324610988092663,388.6410843252851,2087.433266309825,110.02648312624632,476543.1068405964,99973.44889305596,1.023753532475325,4.391460260831492,98.276163620193
439.817,4.27273,369.444,2011.51,100.214,500000,100000,1,4.27273,100.214,462.4013008687247,4.471067708050275,313.9599203546292,1774.4592559863718,94.17446168767324,501748.4082318996,104081.2922561865,0.9391301273293028,4.210053917014923,108.8004534656564
439.817,4.54545,369.416,2011.51,100.332,500000,100000,1,4.54545,100.332,442.8750563677275,4.402167145375457,368.87512496433936,1878.1757258177763,121.78374134049768,544580.7119788593,103069.56387081102,1.1230406235210515,4.368313206191922,107.11951449414104
439.817,4.77273,369.395,2011.51,100.42,500000,100000,1,4.77273,100.42,483.1948791284582,4.858643069206822,341.6217878061226,2075.89197726435,90.45647164609888,480927.25748458336,98538.02502088314,1.0386929483200775,4.939406373283915,99.57745795080169
439.817,5.0,369.376,2011.51,100.5,500000,100000,1,5.0,100.5,430.923956926375,5.293460505091676,321.2288568146375,1819.6562233979407,104.21859110187596,505493.8951807304,101365.46197944914,0.970574629562439,4.992608217432189,106.24156877007496
441.837,0.5,372.473,2011.51,87.4534,500000,100000,1,0.5,87.4534,452.6935857550768,0.473711311041496,385.0536599647265,1889.247814876746,83.2284292690394,482675.2304589008,89901.89082502373,0.8912781471392242,0.5352169049610161,90.32853406543826
441.837,0.727273,371.416,2011.51,91.9077,500000,100000,1,0.727273,91.9077,385.8949993222394,0.7310939458404284,337.94576015082174,1973.4911792359808,101.03399672038064,494853.7041512466,100964.39799486625,0.9807145891461888,0.6978388285895278,81.02408240133487
441.837,0.954545,370.831,2011.51,94.3728,500000,100000,1,0.954545,94.3728,426.9264588969819,0.9189135842453758,397.96538941224304,2335.0722932742174,69.23119887906992,441925.4450243696,96367.66324990816,0.9724278309078226,0.8363095808898514,91.4684359539023
441.837,1.22727,370.4,2011.51,96.1844,500000,100000,1,1.22727,96.1844,460.4103800690337,1.102183786670393,374.0828300928034,2368.671308428793,114.14518585447158,484772.9568588706,88235.27731654687,1.0488465727523764,1.201173113736105,94.70545946436772
441.837,1.45455,370.16,2011.51,97.1957,500000,100000,1,1.45455,97.1957,440.1310442520892,1.4734169674145914,426.04312253904993,2310.0214010662603,119.76962412647288,508436.0622702471,91651.2120107812,1.001326618016554,1.4782226465447097,86.04281624239928
441.837,1.68182,369.983,2011.51,97.9429,500000,100000,1,1.68182,97.9429,447.4167130604305,1.597976200011696,437.122832620512,1929.285106477017,100.2943370726085,508368.7500168769,92926.55764112932,0.9735101656874976,1.568108405771318,95.23379467907954
441.837,1.90909,369.847,2011.51,98.5175,500000,100000,1,1.90909,98.5175,471.5776174721677,2.008424004056221,404.497935631579,1789.7536408393216,85.29061591797276,522557.1079874355,99648.33061666728,0.941767639735223,1.7920739381167967,94.16163949089758
441.837,2.13636,369.738,2011.51,98.9731,500000,100000,1,2.13636,98.9731,454.5120756871663,1.8351152067458936,378.9961913534656,2111.313408214915,112.30010435622978,479086.03694184666,100732.83748686207,0.9849826225033386,1.9883476302536192,102.89634628837284
441.837,2.40909,369.635,2011.51,99.4089,500000,100000,1,2.40909,99.4089,444.9515686524247,2.416610179608456,404.2088030447616,1885.1115440698725,89.31221639181672,483412.0275056112,102472.6445644824,0.9232066136796088,2.4731026903372624,91.6091164357905
441.837,2.63636,369.565,2011.51,99.7047,500000,100000,1,2.63636,99.7047,424.05380124997737,2.516035938185204,385.082096497204,2006.582602183839,100.7812517331396,535611.3331524928,101303.97444470393,1.0350567881011574,2.3688756257883474,101.61363099444505
441.837,2.86364,369.505,2011.51,99.9545,500000,100000,1,2.86364,99.9545,439.0168719241024,2.7026287368695234,365.3885614948183,1831.9805147643417,67.19471951747252,503964.5663311805,102385.23071228377,0.9933155790134556,3.1147419590719467,98.48549764723444
441.837,3.09091,369.455,2011.51,100.168,500000,100000,1,3.09091,100.168,433.5238208300657,3.095158090041564,379.8444636344848,1842.1698909299816,91.16054842587702,513313.4365048392,99325.54213298016,1.0195547181976627,3.116956013989371,100.38198359141788
441.837,3.36364,369.403,2011.51,100.387,500000,100000,1,3.36364,100.387,464.448685461746,3.177431703304746,419.52358742196094,2023.3579534770788,105.65903099037416,539121.3454221005,97850.56928371431,1.0569933405079142,3.3641433135579013,103.01777068390444
441.837,3.59091,369.365,2011.51,100.545,500000,100000,1,3.59091,100.545,431.7951999796777,3.7057719905090063,406.2633754491724,2070.6011813628256,86.77643681914219,511850.2308346143,104278.53074866928,1.085167285613455,3.5720406011415893,101.48394026415296
441.837,3.81818,369.332,2011.51,100.684,500000,100000,1,3.81818,100.684,418.4062719639263,4.010010928098695,354.85271312143544,1681.7253744712343,92.44285002844124,483671.02494800335,97907.52848479908,1.0417984621580003,4.186383986552209,103.17216009494912
441.837,4.04545,369.303,2011.51,100.807,500000,100000,1,4.04545,100.807,467.321944826006,4.1161745305026125,350.5834981031985,2004.733288846976,103.84033079555108,528609.8101943862,93676.96240207448,1.0120065254109325,3.6956868960284375,117.70206495921848
441.837,4.27273,369.277,2011.51,100.918,500000,100000,1,4.27273,100.918,440.4190531364316,4.348020397948865,410.45597618530354,1873.305142600118,120.73487691841684,502027.3905097755,110441.36221335664,0.9319000439430236,4.29292430669215,85.29552730631877
441.837,4.54545,369.248,2011.51,101.036,500000,100000,1,4.54545,101.036,406.5430787851731,4.409771264986704,390.77703163069526,2501.7762624242696,95.63888318543712,491619.4284362319,100815.94219641422,0.96268631561866,4.870419345273639,91.8745203075627
441.837,4.77273,369.228,2011.51,101.124,500000,100000,1,4.77273,101.124,453.13697189395793,4.839505646280557,411.9261820934456,2064.1073027689795,95.09080326579677,521939.9247989315,101605.40878659462,1.0321645616631645,4.999618962426955,97.8175575713352
441.837,5.0,369.208,2011.51,101.205,500000,100000,1,5.0,101.205,433.9574306206684,4.949336684294463,372.67238740999153,2066.5164808420395,87.64399640859992,468618.0018837413,104016.94934414982,0.9361989609613148,4.965871665734726,95.26450695499786
443.857,0.5,372.316,2011.51,88.1142,500000,100000,1,0.5,88.1142,470.0587866739136,0.5107711501292437,373.0870174275015,1905.790797083772,100.53257606204396,442077.84672232496,99509.2765653756,1.0474790505267713,0.4901428673399081,86.7028874585799
443.857,0.727273,371.252,2011.51,92.5949,500000,100000,1,0.727273,92.5949,413.3980779656404,0.7764000695400083,385.3345300047094,1796.8305846533844,106.32171049818648,470422.46682684607,104523.65600953586,0.998957295173066,0.7531832753927735,110.8454831162739
443.857,0.954545,370.666,2011.51,95.0637,500000,100000,1,0.954545,95.0637,470.9505039613632,0.943199117129419,364.4787936963795,2003.372483365776,99.73723829433182,540876.7395736895,97132.7403575062,1.0399812436222378,0.984949365943182,111.63474899407916
443.857,1.22727,370.236,2011.51,96.8782,500000,100000,1,1.22727,96.8782,426.2013213247482,1.255084481684439,414.6472091229648,1996.5465411495404,117.9867436579882,500849.86514943343,108715.71765126618,1.069673074017873,1.3630112850119755,96.41907429195535
443.857,1.45455,369.995,2011.51,97.891,500000,100000,1,1.45455,97.891,388.5242146750377,1.3909297121505404,353.7825176802577,2075.364250266573,81.3152269417938,527531.1295012328,101326.78381960912,1.0643567852465714,1.501825184109075,96.89363677489848
443.857,1.68182,369.818,2011.51,98.6394,500000,100000,1,1.68182,98.6394,439.4641976713023,1.56574474130817,420.0813579763386,2033.8198733274155,110.14957119505875,493064.5448708754,100853.02793062024,1.0392079817544564,1.6935377652734445,97.5802745825072
443.857,1.90909,369.681,2011.51,99.2148,500000,100000,1,1.90909,99.2148,485.08470945478143,1.992141162974796,346.47173381772313,1695.143160367364,111.39841094676734,476214.7211356019,107847.56246954798,1.0946952083726205,2.010547247595296,96.13120514675876
443.857,2.13636,369.573,2011.51,99.671,500000,100000,1,2.13636,99.671,458.9247686573591,2.041726203131668,303.79554096261927,2106.693214183493,100.34116735355238,476439.7725739173,108751.37657989674,0.9870254593105068,2.196242035741552,103.70536908761804
443.857,2.40909,369.469,2011.51,100.108,500000,100000,1,2.40909,100.108,463.3737704814063,2.331532718837949,345.78188325075786,1923.8788687510616,99.15310193298102,496319.1712944271,101806.10856711988,1.0286647717586976,2.4092598235070963,99.71416112868728
443.857,2.63636,369.399,2011.51,100.404,500000,100000,1,2.63636,100.404,476.4037213088412,2.773237970646308,332.48969204245327,2030.499862704342,109.19926670643376,534894.7976315985,98576.59336390538,0.961512674303263,2.4593125329411945,113.0687911356613
443.857,2.86364,369.339,2011.51,100.654,500000,100000,1,2.86364,100.654,451.5514825264894,2.78851687466109,304.82547225003134,2036.2105082750063,124.27891312495268,551135.4113505513,98278.49144105244,1.0055211994068205,3.0780635167534096,116.75607920388198
443.857,3.09091,369.288,2011.51,100.868,500000,100000,1,3.09091,100.868,446.58845606762543,2.982163073339652,369.0309798759061,1941.1511353055096,107.33303028786388,534104.3067599656,97772.17134229,1.028274345268834,3.092876822110354,91.45009466576931
443.857,3.36364,369.236,2011.51,101.087,500000,100000,1,3.36364,101.087,470.3684059610282,3.3009817305290228,354.3891642760119,1963.1173484412416,105.91099641125524,495894.6043430748,94230.0578090236,1.0849607700845514,3.2828624297117583,90.36139990607894
443.857,3.59091,369.199,2011.51,101.245,500000,100000,1,3.59091,101.245,448.8357363519275,3.482342274423449,337.6868202176498,1961.876820378333,115.60617633059752,506199.3976444287,99982.52396528824,1.0137853925977325,3.578239459407249,92.6110913009218
443.857,3.81818,369.166,2011.51,101.384,500000,100000,1,3.81818,101.384,448.16356567665366,3.6366049139044425,341.8262475128717,1730.4821525622142,136.80525192888672,479000.3343883679,104523.52365956744,0.9851839535915085,4.1408229774147705,113.30705419983022
443.857,4.04545,369.136,2011.51,101.508,500000,100000,1,4.04545,101.508,425.7614909871246,3.673341848422141,342.5650905040548,1931.360062422948,83.43147739854888,508891.2053341906,96263.3606782546,1.0108687224103805,4.046773327273803,97.00293212100809
443.857,4.27273,369.11,2011.51,101.618,500000,100000,1,4.27273,101.618,416.7174742652563,4.561042351075343,370.76911095259146,1806.8801743798967,120.98367456652068,513062.2213318202,101457.48164275232,0.9816783236993732,4.40855665060044,104.2857231103802
443.857,4.54545,369.082,2011.51,101.737,500000,100000,1,4.54545,101.737,435.06353418833936,4.592008430763725,340.84869029539584,2011.489326785752,92.58771144044456,497742.1705333813,95995.66253374684,0.9840687464073176,4.519655870113856,100.96003345586077
443.857,4.77273,369.061,2011.51,101.825,500000,100000,1,4.77273,101.825,471.80297440560247,4.782016736992658,372.6967018823892,1978.5627074976592,113.1127908180942,493136.25274554826,102902.47022644592,0.9866018254288952,5.056947620713689,106.77904568942785
443.857,5.0,369.042,2011.51,101.906,500000,100000,1,5.0,101.906,438.808653484293,5.078285755783383,357.90261875300786,2106.29151301029,151.1713618789899,488381.2891121957,99250.30127098916,0.9316951467614916,5.2430183416659695,87.71071541996369
445.877,0.5,372.156,2011.51,88.7879,500000,100000,1,0.5,88.7879,427.5083058437693,0.4777325978684431,341.914389060444,2200.2213408840853,107.69411452444896,472277.595408887,97623.48200146457,1.0615672421162474,0.4802402512120757,79.68105638816793
445.877,0.727273,371.095,2011.51,93.2587,500000,100000,1,0.727273,93.2587,428.2448078200108,0.7562070843092734,407.1673641735992,2058.572903263351,96.20333934436437,479626.0105156461,99413.24956938556,1.0743640866682935,0.7254683317905648,84.68495681219754
445.877,0.954545,370.503,2011.51,95.7512,500000,100000,1,0.954545,95.7512,446.6356019983327,0.9578383473305528,352.4841839479829,1961.5049862931023,82.5810422872222,513964.1585665926,100498.44724293162,0.9825988422556244,0.8931331178635556,88.58078999786238
445.877,1.22727,370.072,2011.51,97.5685,500000,100000,1,1.22727,97.5685,423.8996377601308,1.2494779315165376,401.7757673835001,2377.652844871607,95.66102666892505,522410.5890286036,102435.43796628762,0.9388981088386894,1.2318380638430697,87.6854685835765
445.877,1.45455,369.836,2011.51,98.5617,500000,100000,1,1.45455,98.5617,453.71284017646695,1.4788610189590805,382.701948380971,2214.2925281187754,78.06045395137507,503551.2291527892,108737.8720566812,0.97532534016578,1.3891012816932593,81.70275669476219
445.877,1.68182,369.658,2011.51,99.3106,500000,100000,1,1.68182,99.3106,427.2767271722675,1.6286065761738076,379.16767558327706,2013.8395529395325,106.4035914030258,537676.0493748296,100285.9711969973,1.024657498126765,1.6981580691583813,94.748965017754
445.877,1.90909,369.521,2011.51,99.8865,500000,100000,1,1.90909,99.8865,431.7363264544896,1.7387095848139595,361.762803743615,2093.76614354901,91.27949402686689,524739.1783697373,103003.57081580776,1.0297402516942946,2.015646742870972,86.2855026877506
445.877,2.13636,369.413,2011.51,100.343,500000,100000,1,2.13636,100.343,438.31665877429566,2.0789811878202045,377.4182532641749,1855.4778435377896,92.47421978920102,513292.1836975032,102352.27701168109,0.968677909068319,2.359096922009733,94.25375272425391
445.877,2.40909,369.309,2011.51,100.78,500000,100000,1,2.40909,100.78,423.8070294665143,2.226808678182336,380.3569146671942,1816.4674660078235,108.09101215496104,498835.9649457304,98318.02336595292,1.0162096764678332,2.332878708115308,124.54178887639988
445.877,2.63636,369.239,2011.51,101.076,500000,100000,1,2.63636,101.076,450.61978865200433,2.3668804452881265,352.47928679554985,2103.818208372038,126.59323371698244,488175.9010003618,96475.34996789116,0.9770645812057044,2.774057134151484,86.91002508658647
445.877,2.86364,369.18,2011.51,101.326,500000,100000,1,2.86364,101.326,455.7927205557264,3.0559271734756224,390.1057474978672,2262.949397274089,112.38757751863524,465958.46576413774,92322.33512042007,1.0052284736682264,3.0540025265458235,101.68669639891954
445.877,3.09091,369.129,2011.51,101.541,500000,100000,1,3.09091,101.541,399.3613800559238,3.268485050708766,374.39837506856,2499.000680241475,104.12185625001636,529557.1447759671,101804.21712615856,1.049172772508799,2.876794371677534,88.63571655615
445.877,3.36364,369.077,2011.51,101.76,500000,100000,1,3.36364,101.76,452.8411129674102,2.99470790446593,359.5880075280322,1986.9205109170432,89.60811237328063,519328.31566409615,94211.4522015771,0.9920269058085898,3.256123417734591,108.4211550907194
445.877,3.59091,369.039,2011.51,101.918,500000,100000,1,3.59091,101.918,442.708006427428,3.596805521762999,393.717542270125,1922.576497513593,107.45900559733052,474144.62965765473,99101.88394335736,1.0530553532481537,3.3238309129050307,101.7108545573663
445.877,3.81818,369.006,2011.51,102.057,500000,100000,1,3.81818,102.057,464.16148359179874,3.812196691884976,392.94886355757393,1453.421128165874,106.95963427046075,507961.5193480412,95160.871985413,0.8928573237958789,3.840000059643585,106.35828782406442
445.877,4.04545,368.977,2011.51,102.181,500000,100000,1,4.04545,102.181,472.44474818438033,4.330539824538837,306.70322384544966,2314.118514459405,96.77558692509508,481599.9852680248,103919.02053098522,1.038645306592218,3.934614095847722,90.15005606583972
445.877,4.27273,368.95,2011.51,102.292,500000,100000,1,4.27273,102.292,473.2809300189008,4.457583501595356,346.539635806989,2353.8713556973457,105.01895752202086,525616.1930471582,96977.41577158352,1.0032243180856193,4.26213141157505,104.43511898332989
445.877,4.54545,368.922,2011.51,102.41,500000,100000,1,4.54545,102.41,442.4947011749943,4.728174020887274,413.2158695787962,2263.466788541095,109.40359667713464,514430.53673865576,101998.20673170782,0.9779904140390284,4.537858104027428,107.12389706429072
445.877,4.77273,368.901,2011.51,102.499,500000,100000,1,4.77273,102.499,465.32162909007695,4.569418563980632,410.9256970181413,2282.262026495458,115.68565154316629,490824.7091059168,102485.75612634436,1.0054843962028182,4.791834776868269,100.28156384713414
445.877,5.0,368.882,2011.51,102.579,500000,100000,1,5.0,102.579,440.9116981049914,5.108635024313573,391.08060325060194,2089.5137080157324,105.27621595307656,531844.5466611056,96049.51804408224,1.0246695662075271,5.07549658195171,102.62579621626752
447.897,0.5,371.997,2011.51,89.458,500000,100000,1,0.5,89.458,471.7513663963789,0.4828611357129124,439.73343494003245,2203.202129397297,92.45422516401166,519033.4885386963,95190.02235124088,1.028987965413505,0.4864065720559345,97.43881222676886
447.897,0.727273,370.934,2011.51,93.9362,500000,100000,1,0.727273,93.9362,454.7859395621968,0.769171694369047,344.97667875612126,2300.971958989376,97.43043391246124,514874.3150864784,89279.54607990036,1.0199096289797869,0.7027316435512827,101.78561880165726
447.897,0.954545,370.346,2011.51,96.4132,500000,100000,1,0.954545,96.4132,415.7400215993929,0.9248237818777888,373.25079060026025,2050.5050165018224,132.0442079377708,506485.6300485023,101108.95428059709,1.012509100847934,0.9374064010423596,89.89753648570756
447.897,1.22727,369.914,2011.51,98.232,500000,100000,1,1.22727,98.232,520.5255805901286,1.2853537044667094,413.3951950738204,2217.37323707121,92.7754640014586,463761.5578981217,103580.5427327588,1.0119219702054685,1.1818282580795214,109.95316268145774
447.897,1.45455,369.673,2011.51,99.2471,500000,100000,1,1.45455,99.2471,486.0392951232229,1.4060943295684456,375.5377679231997,2107.6030471139698,103.10345242599055,478539.0443352352,103630.64662593522,0.9562355717086796,1.3890741948072909,105.96547956079011
447.897,1.68182,369.495,2011.51,99.997,500000,100000,1,1.68182,99.997,459.0244095283791,1.7290869004107894,343.4299464794664,2158.690152519561,95.99526099904126,490621.6347264629,100188.9129183532,1.0436597579577076,1.7467623341537144,105.19563468571656
447.897,1.90909,369.358,2011.51,100.574,500000,100000,1,1.90909,100.574,429.3496686963845,1.9041341590222105,344.3594540340084,2121.5251163628627,93.76284675192372,487883.10036079417,100199.50161624645,0.9368582141603468,2.018282453076956,112.32548016080162
447.897,2.13636,369.25,2011.51,101.031,500000,100000,1,2.13636,101.031,437.64355406870106,2.210961597342164,296.1069716812358,1933.110112467823,104.5723757850625,481595.32687532407,97466.62252433998,1.0343660940750872,2.180651800888416,121.08177278060197
447.897,2.40909,369.146,2011.51,101.468,500000,100000,1,2.40909,101.468,455.10094268234553,2.320934264806152,355.7705684065668,1626.3899230609163,74.08745154692514,449378.7981557719,101435.66077756695,1.0165562479387356,2.380881131827943,93.72066153338386
447.897,2.63636,369.075,2011.51,101.765,500000,100000,1,2.63636,101.765,451.8939581162137,2.7286618519014088,423.84796486799286,1908.3429570990768,96.51784449830532,516501.99550881085,95700.50359861656,1.0481097985028736,2.60825731253729,127.435750354336
447.897,2.86364,369.016,2011.51,102.016,500000,100000,1,2.86364,102.016,475.9542228716083,2.8033624014461376,382.28921415666593,2370.8240849401222,92.78371954068956,505003.2604321168,101114.21141126528,1.0139990713827305,2.903784724514058,82.71292377353197
447.897,3.09091,368.965,2011.51,102.23,500000,100000,1,3.09091,102.23,493.6289866076131,2.861077005065116,397.47208400176953,2219.94052295555,96.2638531788082,529923.5198064666,104956.38138377994,1.0245222389107045,3.140178671731686,93.60068696201188
447.897,3.36364,368.913,2011.51,102.45,500000,100000,1,3.36364,102.45,466.3342302196148,3.3219801079528897,377.8901129040298,1783.0969828017758,98.4471381493774,475976.1615029896,95361.08901878553,1.012784571434569,3.2320280460560524,92.98230338946306
447.897,3.59091,368.875,2011.51,102.608,500000,100000,1,3.59091,102.608,462.7829182763232,3.4251936512929744,319.9148100527699,2084.883418370944,104.04483880760904,482061.84996992606,92336.40933123672,0.9205516675594516,3.466942679790608,109.62216695550568
447.897,3.81818,368.842,2011.51,102.747,500000,100000,1,3.81818,102.747,430.8835626394966,3.9257400303015024,380.1858433280796,1759.6046334052985,105.7539800551439,468649.5747487854,99134.46826352252,1.011046415067681,3.726124292441981,94.34675449098074
447.897,4.04545,368.813,2011.51,102.871,500000,100000,1,4.04545,102.871,401.4145178748876,3.9166569179828152,362.7587342106845,1831.194143549901,63.53288874115782,525970.9808193321,105365.17800225288,0.9933265409306736,4.134024238322747,95.31518497901148
447.897,4.27273,368.786,2011.51,102.982,500000,100000,1,4.27273,102.982,421.64500092684943,4.261685433174663,398.7993008687985,1735.5120720505802,115.7638851306368,492877.4569556768,102653.15802203304,1.0106109234178102,4.063133086741315,96.87136967929204
447.897,4.54545,368.758,2011.51,103.101,500000,100000,1,4.54545,103.101,477.08371615398767,4.478610451296744,372.1528707981159,1856.7104835287832,120.25447810232669,494505.1424140616,97375.6280971362,0.924858272855727,4.525551744407644,105.24973211702746
447.897,4.77273,368.737,2011.51,103.189,500000,100000,1,4.77273,103.189,448.0734755542108,4.581529577605513,353.8959374246571,2166.1421462040244,123.05046621262775,525419.154547822,94491.66150281302,0.9786991224640356,4.677524677496125,113.96569900180108
447.897,5.0,368.718,2011.51,103.27,500000,100000,1,5.0,103.27,425.1465460513835,4.348605811077867,368.4722678745104,1796.7520255749173,94.11054815295512,532132.1221101104,101565.4337228152,0.9365310962306008,5.044721020838294,98.9997387812212
449.918,0.5,371.839,2011.51,90.1247,500000,100000,1,0.5,90.1247,418.6814855632685,0.5027766868298909,364.52188398567966,1751.2212337419585,105.48284371346529,503656.80199434765,94731.98114210017,0.9434324135020462,0.584593435656056,109.56607654333315
449.918,0.727273,370.774,2011.51,94.6102,500000,100000,1,0.727273,94.6102,461.47221962589634,0.725988750078592,373.78643034457366,1871.835620360407,99.05373682090747,502254.5561520213,99730.74309680624,0.997985480539586,0.7176163804083364,101.94121424431655
449.918,0.954545,370.185,2011.51,97.0909,500000,100000,1,0.954545,97.0909,427.56016465318265,1.047306923634291,304.91209537405655,2321.036590875657,104.75548575591516,484640.75427957095,104005.8739791968,1.119962713977855,0.9445386539466198,110.1665430736942
449.918,1.22727,369.753,2011.51,98.9124,500000,100000,1,1.22727,98.9124,441.3061827841856,1.2324251593507864,319.49287953702395,1939.4619165032389,73.57928430956304,478146.90976914734,104848.10642045844,1.0822450883235173,1.284361966033029,92.040281724396
449.918,1.45455,369.511,2011.51,99.9289,500000,100000,1,1.45455,99.9289,455.97602782458097,1.576378012688821,418.8996213448524,2186.528368699844,110.44405001428136,532519.7983628367,104949.44134532312,0.9469609095797906,1.5237752584869984,119.15572891325172
449.918,1.68182,369.333,2011.51,100.68,500000,100000,1,1.68182,100.68,423.4589222381973,1.7787911931127665,410.0304618144274,1788.258739301964,128.31479141751404,519269.3132255668,101391.1730799838,0.9795503015272392,1.7945414605696226,102.35352577368646
449.918,1.90909,369.196,2011.51,101.257,500000,100000,1,1.90909,101.257,438.0334824679743,1.9352884590240405,381.0738243662745,1951.4464058766173,100.30064355000262,494606.4231444639,98849.19001824844,0.9342378846411352,1.8713955200771588,98.20377754691448
449.918,2.13636,369.087,2011.51,101.715,500000,100000,1,2.13636,101.715,477.76013516361417,2.232684700436405,403.947261747458,2128.918217961093,94.85911786594956,461986.0535948186,103745.84585852268,1.042875279589064,2.047791658995099,120.77286304587128
449.918,2.40909,368.983,2011.51,102.153,500000,100000,1,2.40909,102.153,471.9390016203375,2.426439170282457,421.51257043609405,2072.2594899208566,96.29484710892694,476467.55602567806,95248.13764851942,1.0001808134473125,2.5446631318994024,120.16668874103858
449.918,2.63636,368.913,2011.51,102.45,500000,100000,1,2.63636,102.45,439.503759031431,2.829267161073376,338.56918105060026,1981.8518034207848,119.55698462553735,487625.6625457405,98635.15657021962,1.0139340949311622,2.5352892584878264,91.98853770159994
449.918,2.86364,368.853,2011.51,102.701,500000,100000,1,2.86364,102.701,479.0741050315281,3.076184234491949,385.941234391041,2112.1842839772585,99.48984051743152,459733.9487030432,104758.06738300246,1.066993567619292,3.169465693666844,99.99209089946834
449.918,3.09091,368.802,2011.51,102.916,500000,100000,1,3.09091,102.916,463.2209334076728,3.0269575083125195,417.18855650821865,1913.624841699717,109.15295490208302,496950.9497127576,99325.98317330352,0.9765158049704564,2.870154974267587,100.41533670289398
449.918,3.36364,368.75,2011.51,103.136,500000,100000,1,3.36364,103.136,445.0676684814917,3.382353362090627,381.94465168042126,1689.0320858225768,91.59262161052614,513022.5559473519,98824.53403475168,0.9752142478323376,3.239416736104106,109.56843160144496
449.918,3.59091,368.712,2011.51,103.294,500000,100000,1,3.59091,103.294,453.06488920122575,3.7105847121760873,334.1722606397453,1676.8833977460354,96.87635961410446,414502.35052115726,96760.07923487364,0.980540459930926,3.8909744579552257,110.36632996104332
449.918,3.81818,368.679,2011.51,103.433,500000,100000,1,3.81818,103.433,416.6932445227351,3.778593726645396,405.82456699380725,2019.2386597232864,94.35093665616336,498781.7991687519,92630.09834220276,0.9971609682157492,3.644561309444598,104.51611492713042
449.918,4.04545,368.65,2011.51,103.558,500000,100000,1,4.04545,103.558,415.4385214747721,4.106494208292983,362.5784802104636,1841.454735517176,100.34047585733812,528839.5972798637,95897.02166297824,1.0790824322132893,4.0481517346718165,105.80558602258974
449.918,4.27273,368.623,2011.51,103.669,500000,100000,1,4.27273,103.669,429.88949872272974,4.694133288677035,331.4559314292034,1932.256443034008,118.54126654969922,506185.5823110309,103166.21428148812,1.0341268498043243,3.718095900619197,95.3461604857113
449.918,4.54545,368.595,2011.51,103.787,500000,100000,1,4.54545,103.787,469.0307863324619,4.440455650910071,317.974953710156,2343.6730119354984,97.03790912327251,516727.746968406,109708.27184933305,1.0031409049698523,4.64812043132282,89.95390908793459
449.918,4.77273,368.574,2011.51,103.876,500000,100000,1,4.77273,103.876,441.0759244824224,4.883520274762689,358.98529751058777,2301.314245100983,118.78209327722104,461078.8776509197,103447.25272472596,0.9532955731256592,4.719720627687045,113.91886671610511
449.918,5.0,368.555,2011.51,103.957,500000,100000,1,5.0,103.957,458.45833556612587,4.732993906027206,300.3584052348373,2026.5297532907448,106.82573199842204,483298.5828040343,104443.58727382204,0.968706912916782,5.1882245374466205,104.59204117275809
451.938,0.5,371.681,2011.51,90.7879,500000,100000,1,0.5,90.7879,439.3714402913213,0.4987264430234149,350.6666316727026,1817.937176990749,88.58203750673634,555642.8701592672,103549.77720540256,1.0520815059574466,0.4412427433412161,83.78705237081161
451.938,0.727273,370.615,2011.51,95.2807,500000,100000,1,0.727273,95.2807,444.6611619957584,0.6511116068316736,369.5511840466773,1655.183188846852,83.59659258159296,517140.7508556505,96971.35666667778,1.0250568587645494,0.67853779976161,102.32176085578271
451.938,0.954545,370.025,2011.51,97.7651,500000,100000,1,0.954545,97.7651,419.95734879080834,0.9135263787992736,325.1015774850069,2147.347437228544,73.3582281693541,483632.37756854855,98936.53257490748,1.0680066865590367,1.0253410110300725,99.4175329156985
451.938,1.22727,369.592,2011.51,99.5893,500000,100000,1,1.22727,99.5893,449.9622326191549,1.048591518638342,349.2875110929102,2440.204974032933,108.2326455699352,488214.1340052076,103173.99431501384,1.0432903927442063,1.2892095098679075,115.12745288474407
451.938,1.45455,369.35,2011.51,100.607,500000,100000,1,1.45455,100.607,457.0050100987895,1.4780869806446877,387.6024012498664,1957.0182266150296,123.5795368431347,501467.1031522579,91060.41132337996,0.9603556373287436,1.4020701643231637,106.0080164868206
451.938,1.68182,369.172,2011.51,101.359,500000,100000,1,1.68182,101.359,473.6379114510928,1.5136391301569474,337.4458703220349,1879.6569853308583,100.30285642951388,500826.788605866,94638.61047634488,0.9773312645657408,1.652112946522136,99.50711008668564
451.938,1.90909,369.034,2011.51,101.937,500000,100000,1,1.90909,101.937,486.4667718249509,1.7381643047928137,374.6312562449035,2101.0979015976804,103.459144009607,482304.5892814325,103247.49199500754,1.0129019398599362,1.9372143066744267,101.9575438443026
451.938,2.13636,368.926,2011.51,102.396,500000,100000,1,2.13636,102.396,480.172937290767,2.025554890149847,316.76100234886474,1780.9640757726777,113.7311855490385,443411.1219363962,103901.38836717904,1.0795348414374395,1.9087084558812264,117.00530950633876
451.938,2.40909,368.821,2011.51,102.834,500000,100000,1,2.40909,102.834,438.4482317403925,2.0532886689778103,377.0892101783261,1933.864663472579,112.37942657497204,487511.900797413,89998.08696119172,0.9774319976494008,2.2929121021037133,91.68033495560688
451.938,2.63636,368.751,2011.51,103.132,500000,100000,1,2.63636,103.132,461.6136818231508,2.727995394110403,364.6406770509007,1912.530132311976,96.45788408232842,515619.3778066662,107996.06631893809,1.0208252513557217,2.6531229636539853,115.64585792686135
451.938,2.86364,368.691,2011.51,103.383,500000,100000,1,2.86364,103.383,501.2918154745248,3.1185953959504173,381.0626423602928,1917.6684468652625,104.74168556702044,521294.9727608444,100699.56577382132,1.018514715318774,2.89442896979124,96.09767213319088
451.938,3.09091,368.64,2011.51,103.598,500000,100000,1,3.09091,103.598,446.5259990182667,3.218358824937249,325.67392458265886,2682.402531648098,108.03842673998344,542906.4638093031,109891.06945198782,1.0101431929667457,3.018617301151178,99.62646263913906
451.938,3.36364,368.588,2011.51,103.818,500000,100000,1,3.36364,103.818,469.3113932739016,3.377286931928133,360.618872458808,1974.026745785333,115.38950869251128,493254.6324848008,95567.43292956088,0.9517472751752578,3.4542703313886403,117.79937208857974
451.938,3.59091,368.55,2011.51,103.977,500000,100000,1,3.59091,103.977,497.47697014356805,3.41439825389443,337.6291870855985,2087.796115780009,100.59647754986128,497245.2279792456,97405.94272637538,0.9686904319240704,3.674816669103077,108.64130395984422
451.938,3.81818,368.517,2011.51,104.116,500000,100000,1,3.81818,104.116,453.8970992438972,3.695396798353894,388.895774800258,2401.966514409512,117.23189281448222,517417.4032441102,106495.4691748789,1.0669907192882806,3.6036151755267833,110.16254940231792
451.938,4.04545,368.487,2011.51,104.241,500000,100000,1,4.04545,104.241,464.7753713159715,3.981677892828586,434.57385097732174,2021.844351010654,79.90587574543852,538846.722633929,105735.54968499516,0.9599694462509654,4.230670699175664,117.3024587660347
451.938,4.27273,368.461,2011.51,104.352,500000,100000,1,4.27273,104.352,426.5505176802881,4.257677099474036,361.2590739179739,1949.332613382444,84.45684735060615,495801.218164272,97173.13307770713,1.0645654031082106,4.260936513538829,105.21798539053847
451.938,4.54545,368.433,2011.51,104.471,500000,100000,1,4.54545,104.471,434.4341029839871,4.24331277865455,379.46432385595966,2171.8137823097104,86.6537270078232,556715.0677629253,93643.3256503481,1.034966601954079,4.53141539944378,99.41447564515067
451.938,4.77273,368.412,2011.51,104.56,500000,100000,1,4.77273,104.56,405.27352491205056,4.701641297564111,379.8841102519175,2119.152663502986,128.90572291674172,483659.20125820127,97919.03500754992,1.0559038763228767,4.882289913580276,109.80390351318532
451.938,5.0,368.392,2011.51,104.641,500000,100000,1,5.0,104.641,460.0875243379855,5.026786332434392,388.2199372643831,2147.9601543288086,119.2513383694141,525897.1928107362,106389.6106408988,1.0489732645050176,4.865524164909802,102.77352824184976
453.958,0.5,371.525,2011.51,91.4479,500000,100000,1,0.5,91.4479,434.35850850386646,0.4943939761112953,346.5817953182666,2448.0589359425508,99.85050822305584,517268.5523444798,99053.46673095528,1.071661644537274,0.492671206978841,93.2151987443062
453.958,0.727273,370.457,2011.51,95.9478,500000,100000,1,0.727273,95.9478,467.40803272505934,0.7092016065715754,345.67363295416845,1856.0916473600985,102.82120781935552,483987.9495987551,94618.04677156985,1.0535766329760998,0.6658330099377059,95.73733101210549
453.958,0.954545,369.866,2011.51,98.4359,500000,100000,1,0.954545,98.4359,454.4716728309744,0.92962973894015,360.96213582643657,2055.255618291036,101.58608419977952,519517.6436476102,103432.40652417044,1.065244293807781,0.9360455092683844,101.9744141205734
453.958,1.22727,369.432,2011.51,100.263,500000,100000,1,1.22727,100.263,443.04408272903606,1.2839138670702637,357.08804893076194,1784.2873438098109,62.54557085411208,513416.25022466166,101766.93491179452,0.9023142985468317,1.2027086287827071,89.07363767284669
453.958,1.45455,369.19,2011.51,101.282,500000,100000,1,1.45455,101.282,421.6433938762724,1.388029520464098,344.08265695969715,1851.513108603137,98.92975581209885,478114.8184395526,98651.2698868889,1.034489712433046,1.4832584238179782,85.70941907781842
453.958,1.68182,369.011,2011.51,102.035,500000,100000,1,1.68182,102.035,436.2273906448178,1.6529772725748828,375.2141288321602,2033.1421615637075,112.69489084847773,500741.1097029605,103901.11233308088,0.9953817412145508,1.7509932083031472,97.2547049611849
453.958,1.90909,368.874,2011.51,102.614,500000,100000,1,1.90909,102.614,421.81261991032414,1.956994036445624,349.4837576136991,1979.1109934785563,105.5049463042887,532657.870325728,92460.31083254205,1.0135853755068105,1.832309878229448,118.59952577915814
453.958,2.13636,368.765,2011.51,103.073,500000,100000,1,2.13636,103.073,465.691600319805,2.2671734599909423,325.12196159956795,1684.8205245240397,74.31724951945024,501218.086134048,97647.8737415971,1.0015303520647478,2.158228199015641,121.32845884661168
453.958,2.40909,368.66,2011.51,103.512,500000,100000,1,2.40909,103.512,417.2807632880359,2.5649361630382423,357.97855255610085,2070.374805827428,124.86614224440234,471719.03413218376,100418.58996602404,0.977144766305639,2.561856684290035,89.15996790246187
453.958,2.63636,368.59,2011.51,103.81,500000,100000,1,2.63636,103.81,517.8447451151936,2.630275024869766,386.5379945692039,1470.1724778689336,113.051464473634,473828.97617663327,101075.13892289875,0.9751865283049088,2.803592060341284,117.01125856991744
453.958,2.86364,368.53,2011.51,104.062,500000,100000,1,2.86364,104.062,464.40519931668587,2.7475684298599528,368.5939375917598,1851.8552483446783,110.8720853166308,461464.98917989177,106428.3768486243,1.03627021283163,3.054942709049155,110.80344041170758
453.958,3.09091,368.479,2011.51,104.277,500000,100000,1,3.09091,104.277,464.1410897193743,2.9787226264410487,369.81114473375806,1927.355457059487,109.11150785689637,472206.6867618993,99600.2970458847,1.0388168004404756,3.086097437350643,104.51179026277336
453.958,3.36364,368.426,2011.51,104.497,500000,100000,1,3.36364,104.497,461.1877579148244,3.238385420039688,412.02464146398506,1956.7607923215924,92.76290123538782,473047.5923907747,94723.59246947586,0.9733502284822112,3.30164010579652,102.76375238601656
453.958,3.59091,368.389,2011.51,104.656,500000,100000,1,3.59091,104.656,426.9649204309259,3.4132211283941456,343.2182064678622,2098.0571543478404,106.69035397669488,529936.7887252618,98971.5297453677,0.9853197594089668,3.396236064268009,112.77278425291765
453.958,3.81818,368.355,2011.51,104.796,500000,100000,1,3.81818,104.796,450.6689703544676,3.86964977162992,327.3901706854781,2135.824408689591,111.78627327352656,478431.7165583736,105683.46058938932,1.0032715161781642,3.978836794786033,109.91361912687834
453.958,4.04545,368.326,2011.51,104.92,500000,100000,1,4.04545,104.92,445.14334002913415,3.932416831629669,420.6428935880795,2015.067971946401,94.3067707698332,487658.3048688976,100535.66658783186,0.9965179619117176,4.003374523244837,132.76354981524747
453.958,4.27273,368.299,2011.51,105.032,500000,100000,1,4.27273,105.032,410.5677739453615,4.140270467239573,377.112030998349,2148.2224879451337,122.95959374092422,502572.77136427735,97223.19667040992,1.1024804086835769,4.403757637590357,95.8208073196964
453.958,4.54545,368.271,2011.51,105.151,500000,100000,1,4.54545,105.151,445.1656968647768,4.4178000010761656,430.07370076724806,2138.308330765225,99.05733993292615,538159.4619757239,104860.20610152814,0.9873985625644546,4.725444790027287,109.82693949281338
453.958,4.77273,368.25,2011.51,105.24,500000,100000,1,4.77273,105.24,481.9842754697974,4.7489735733921306,326.6386385583639,2157.0675928717865,93.050362651444,494674.4182840987,90077.50171291176,0.9503357767427796,5.074731322145469,108.2470529237663
453.958,5.0,368.231,2011.51,105.321,500000,100000,1,5.0,105.321,455.5985807283961,5.057635396712683,303.4878291011495,2150.096870973739,116.43028611601196,520213.1878812884,98585.07394781148,0.9647648248023998,5.006863926255227,124.43077469676146
455.978,0.5,371.369,2011.51,92.1046,500000,100000,1,0.5,92.1046,421.77459180305743,0.4459736000662682,362.5241215217378,2030.08962620126,80.96782837838578,500751.1420387022,107264.16475824444,1.0965472672305854,0.472450335555132,90.18230904516436
455.978,0.727273,370.299,2011.51,96.6117,500000,100000,1,0.727273,96.6117,461.5209474182896,0.8100980829150646,392.05649524241073,1985.835072384241,87.97592162649362,524772.1087485983,89384.98411066722,0.97257641061093,0.7006781218952429,98.58028832530852
455.978,0.954545,369.707,2011.51,99.1034,500000,100000,1,0.954545,99.1034,482.1062266532805,0.9169573355052536,382.4485428395205,1869.7455412658496,128.04662994552885,506928.6009457508,98956.80580630996,0.9822578176788858,0.9222500023429102,79.66683138699263
455.978,1.22727,369.273,2011.51,100.933,500000,100000,1,1.22727,100.933,450.4447355182062,1.260630520100747,369.2134483626863,1454.487364726708,90.31006265429431,475908.6856550497,100790.94618615996,1.071108371737268,1.2835817151515063,78.85362259647746
455.978,1.45455,369.031,2011.51,101.954,500000,100000,1,1.45455,101.954,452.847461022076,1.4331996178918365,326.38424562172304,2327.219465357848,113.31135884269048,496300.3387823904,94928.2857718292,0.9373350536617472,1.412008430477031,97.74808056855052
455.978,1.68182,368.851,2011.51,102.708,500000,100000,1,1.68182,102.708,435.8977755865564,1.694180728178109,346.93669123405914,1871.1806445969785,81.24850403232416,529023.7098683293,95989.44519623448,1.008204247251898,1.6637905034299636,107.4101741622418
455.978,1.90909,368.714,2011.51,103.287,500000,100000,1,1.90909,103.287,456.0301624273421,1.9782399293484632,404.1727848379088,1828.462669934668,73.8172928261736,479249.3511751612,101667.24589566044,0.9767301100227368,1.728836262912537,100.23339862571076
455.978,2.13636,368.605,2011.51,103.747,500000,100000,1,2.13636,103.747,454.7030752861869,2.183603640043166,390.2614759544039,1791.6594415661527,106.4529367931296,478088.4191744142,99944.70226833384,1.0667393678413502,2.1336912190486967,101.85571705832628
455.978,2.40909,368.5,2011.51,104.187,500000,100000,1,2.40909,104.187,464.6714397190636,2.5011106568136645,397.0957053885946,2314.9473958675044,93.65592889432882,534232.8099562458,107085.345889932,1.0248752117571778,2.290431492024524,97.0945516634959
455.978,2.63636,368.429,2011.51,104.485,500000,100000,1,2.63636,104.485,453.8161118334505,2.951802094671568,347.01776667852903,1825.6529106929145,110.28026673652052,530402.6422073989,99504.39276934016,0.9962837935292544,2.557257190072411,102.40125975550876
455.978,2.86364,368.369,2011.51,104.737,500000,100000,1,2.86364,104.737,457.9412330743496,3.0307614552893223,413.33102580208686,1762.4051927954113,128.49294952842425,504499.579662238,96097.84680646026,0.9817444785425452,2.881625072553468,108.84336362716849
455.978,3.09091,368.318,2011.51,104.952,500000,100000,1,3.09091,104.952,445.09356105058094,3.2056273485479427,366.9736659129583,2027.2982899540327,83.98421685071675,500726.55426055886,105246.06965677936,1.025285389554848,3.182047701260521,117.95213144668482
455.978,3.36364,368.266,2011.51,105.173,500000,100000,1,3.36364,105.173,414.1110169257971,3.638625587340122,404.0326720152752,1897.0426431724648,102.44215279432473,516254.9971171248,98240.22042261128,0.9643991230277384,3.550419224833944,105.33669367697028
455.978,3.59091,368.228,2011.51,105.332,500000,100000,1,3.59091,105.332,478.4662993204989,3.509973672795287,391.500316071004,2001.8179560553697,107.89963478605644,540056.4919554322,98186.19503958224,0.9470606821313984,3.587787828523141,115.1764241778778
455.978,3.81818,368.195,2011.51,105.472,500000,100000,1,3.81818,105.472,433.9486467805775,4.18107677793445,378.179866837613,1792.6880624786904,90.13398700581394,504664.0147778646,101905.6058449246,0.9963821196190245,3.632803902168068,116.92616654048302
455.978,4.04545,368.165,2011.51,105.597,500000,100000,1,4.04545,105.597,497.3217007776833,3.720507541939303,308.02755154324313,1824.708573833636,104.27531847618766,526965.2216578806,108343.47809317031,0.948055638827937,4.32174985492126,108.82449795376476
455.978,4.27273,368.139,2011.51,105.708,500000,100000,1,4.27273,105.708,442.6427489004936,4.14278791724451,420.0372043577125,2081.4301835354763,108.25141355596269,494716.7272482586,95400.92992458254,0.9750125121973122,4.4837421134908615,90.44789740957069
455.978,4.54545,368.11,2011.51,105.827,500000,100000,1,4.54545,105.827,454.538864736378,4.336901120115831,350.57972272736964,1883.3107639408777,108.38993942346062,506052.9492120599,103399.12281576522,1.065011977078259,4.619736001155763,118.6760763972169
455.978,4.77273,368.089,2011.51,105.917,500000,100000,1,4.77273,105.917,401.5586245823959,4.503042922259688,354.3818373304964,2004.1160080553427,112.1089895918956,500995.7899201024,100728.87334423546,1.0091187320756096,4.5348116400505365,103.76562040090025
455.978,5.0,368.07,2011.51,105.998,500000,100000,1,5.0,105.998,469.0002621644511,4.953076517144559,339.2964784388316,2082.676521379097,102.0971151758408,488744.0487876272,107235.33574450338,0.9081519617348248,4.932269145309256,114.18887569764928
457.998,0.5,371.214,2011.51,92.7581,500000,100000,1,0.5,92.7581,463.57772605706975,0.4650164238053531,333.06159328355267,1626.6534018831503,101.47856864649432,476892.6474677173,106636.12744997891,0.9913173898242752,0.5050728402072467,82.78471216439563
457.998,0.727273,370.142,2011.51,97.2723,500000,100000,1,0.727273,97.2723,443.6554428069368,0.7170539708123725,384.0450471714448,2195.627194465929,92.98392809904855,507674.7057601241,109238.62977104171,0.9640567873753572,0.6673685430138014,104.59800198280232
457.998,0.954545,369.55,2011.51,99.7677,500000,100000,1,0.954545,99.7677,452.1278240993378,0.9474819040497898,338.615893840213,1605.0857782558166,95.04870950280036,488952.5746691325,101144.98192125422,1.0195972608049548,0.947411555524033,116.61172044549136
457.998,1.22727,369.115,2011.51,101.6,500000,100000,1,1.22727,101.6,500.5150406325251,1.229353713322833,391.22986455989934,2062.743683426017,108.05686779792572,480110.2938943031,109790.27047723034,1.018241333546127,1.2098178821074557,110.47867635776024
457.998,1.45455,368.872,2011.51,102.622,500000,100000,1,1.45455,102.622,477.3432487279633,1.521600144169981,329.24304919945456,1939.0601859609435,95.59444745663107,484493.39802400745,100978.4675163434,0.9340827422967312,1.5015444223148122,118.8690005750674
457.998,1.68182,368.693,2011.51,103.377,500000,100000,1,1.68182,103.377,500.7937416666701,1.833554710827897,328.8972910196979,2186.1768346228027,102.55363095307142,474969.7123149224,86667.5518403994,0.9773629729702544,1.8020541946027715,113.33237125295724
457.998,1.90909,368.555,2011.51,103.958,500000,100000,1,1.90909,103.958,489.0404846704734,1.889813338980215,402.9145849063034,2027.4745529597203,111.46356855646472,555824.3184047982,113930.68734818332,0.9991145493269692,1.8713766706547896,91.9631810152012
457.998,2.13636,368.445,2011.51,104.418,500000,100000,1,2.13636,104.418,490.86135793344926,2.173670755357332,376.2549631385558,1915.3916467218053,97.7306275694114,511581.4784788586,105417.28818137971,0.9246812647473668,1.964766377040736,119.8900555706968
457.998,2.40909,368.341,2011.51,104.858,500000,100000,1,2.40909,104.858,444.4895249126283,2.198780173177742,423.9860145390376,1962.145234773645,113.88418567329389,485599.6992545275,99212.57374801367,1.0760051342026014,2.112754139730108,88.7022947076186
457.998,2.63636,368.27,2011.51,105.157,500000,100000,1,2.63636,105.157,508.2912903329849,2.601695172784278,382.1425411922053,1944.6773690802947,76.2516922212047,519522.2617762252,97664.11133758316,1.0012540479825194,2.5575165998854468,120.23968369745472
457.998,2.86364,368.21,2011.51,105.409,500000,100000,1,2.86364,105.409,462.796312919595,2.714131191355892,342.9527361639733,1704.5004118668974,106.42512228346452,528650.665259235,95058.73344430902,0.9751803650366352,2.7888811785328387,114.85184222669491
457.998,3.09091,368.159,2011.51,105.625,500000,100000,1,3.09091,105.625,490.61881185697297,3.280804391659381,433.0710319377422,1743.3596227097862,109.98699027654904,502957.13999164064,96420.83936211118,1.0504316012208834,3.238549024107292,109.4624615029598
457.998,3.36364,368.106,2011.51,105.846,500000,100000,1,3.36364,105.846,451.3167564971427,3.516386680546796,312.9049679279917,2143.745297067632,77.21359137141499,512775.9421561153,94190.73224635782,0.9701564788595064,3.374992992201742,115.6668524682899
457.998,3.59091,368.068,2011.51,106.005,500000,100000,1,3.59091,106.005,432.3216304762124,3.6590672773839663,387.90843284072326,2079.06143640708,77.76383883165138,477607.33296624833,107489.07006841584,1.0414002296284062,3.91542970407248,95.71273846297454
457.998,3.81818,368.035,2011.51,106.145,500000,100000,1,3.81818,106.145,433.2721462164152,3.418573476923326,324.512307509286,2208.6546323776347,98.22182205959388,525652.978853755,93312.96439774978,0.9614216871591243,3.8896499285352943,102.63417127591256
457.998,4.04545,368.005,2011.51,106.27,500000,100000,1,4.04545,106.27,456.4379803759964,4.194631645217535,316.7443824704201,1888.6909011525927,83.52083570872335,484113.05532787496,104035.3276198206,1.001665642418971,4.019642874968761,93.65103323106744
457.998,4.27273,367.979,2011.51,106.381,500000,100000,1,4.27273,106.381,480.28192843708905,4.188112007780706,332.5146175926415,2148.766795504515,119.37790708690656,522145.72698422754,102471.76999039832,0.9391444432582764,4.19247636248204,95.08007706577573
457.998,4.54545,367.951,2011.51,106.501,500000,100000,1,4.54545,106.501,471.8663221666338,4.83601452931056,340.29446824421825,2274.2306800373185,101.86655405538748,496995.97924725735,99422.6710597359,0.9880978634268822,4.620548055494675,91.52397333359876
457.998,4.77273,367.929,2011.51,106.59,500000,100000,1,4.77273,106.59,485.62920608556817,4.788830810682295,317.97071710634185,2104.596858532782,119.4024905352782,508049.8598265455,101259.93257501772,1.0030318148094448,4.668255227480751,129.26358815098345
457.998,5.0,367.91,2011.51,106.671,500000,100000,1,5.0,106.671,439.8492923134064,5.602910047947142,351.5074875654291,1991.2208823176463,102.93789960618304,480122.8382150974,103557.9598086841,1.0525142934570828,4.919945323500882,93.1467805598204
460.019,0.5,371.059,2011.51,93.4086,500000,100000,1,0.5,93.4086,450.27583020159926,0.5035821667970506,340.37102681557565,2016.782226349268,82.53148247772236,496317.2752961354,105909.16877229536,1.0292476929164025,0.4600560082049713,103.71037244772808
460.019,0.727273,369.986,2011.51,97.9297,500000,100000,1,0.727273,97.9297,423.26642292809095,0.701959643185811,341.84564649872493,1759.7754449104432,98.27473266286862,473957.0443746013,97056.86935713614,1.0337792388406637,0.7615556834470516,81.07988296169046
460.019,0.954545,369.393,2011.51,100.429,500000,100000,1,0.954545,100.429,461.0392944837166,0.9558420914757956,362.2321262249877,1363.5689366418997,80.37573765048617,492651.4764905624,91455.80614165298,1.024178608464284,1.021238621564802,102.04835304362578
460.019,1.22727,368.957,2011.51,102.263,500000,100000,1,1.22727,102.263,434.0855186027861,1.2778765852707277,352.4906294541011,1914.614463561853,114.52375057833508,483156.25646205,104704.29361949254,0.988186515350812,1.2425990031569722,102.0096827910163
460.019,1.45455,368.714,2011.51,103.287,500000,100000,1,1.45455,103.287,457.5518084848208,1.4201365756360491,395.3755576935909,2104.350004556954,96.51198224317564,496834.5555308217,98727.15100290244,0.9302342346819964,1.5488608966145354,96.8500089537128
460.019,1.68182,368.534,2011.51,104.043,500000,100000,1,1.68182,104.043,446.3211307325828,1.693167200030958,279.0062945451418,1820.4391279743595,91.80322362195469,477559.3055408899,100999.0384196542,1.0187760950219775,1.7161095829104374,118.96853454509936
460.019,1.90909,368.396,2011.51,104.624,500000,100000,1,1.90909,104.624,433.482981521516,1.8875190445799552,382.3527277445248,2006.6770804549417,91.6131763598884,452881.5468829152,104637.25215413414,1.054716904021512,1.7027332455599629,93.3745778215718
460.019,2.13636,368.287,2011.51,105.085,500000,100000,1,2.13636,105.085,421.8125034127103,2.120600265823518,381.5822323751726,1776.565574838998,110.44662714124983,464508.5863902375,104906.60482981494,1.1016883300115614,2.082086628410965,112.79542565727148
460.019,2.40909,368.182,2011.51,105.526,500000,100000,1,2.40909,105.526,504.8327317556783,2.4684062934691458,351.8089656148546,1882.4379314048888,87.74959566597421,496134.9351450939,105742.45051343334,1.0489497761239803,2.499504953319483,92.4647195367304
460.019,2.63636,368.111,2011.51,105.825,500000,100000,1,2.63636,105.825,423.62743137511393,2.3957246448178533,375.2114935165029,2190.1833409111987,102.59847347908108,486475.1081091876,103038.4872312316,0.9677288040353365,2.4082295120593207,109.90228229615416
460.019,2.86364,368.051,2011.51,106.078,500000,100000,1,2.86364,106.078,454.29011095472765,2.9433519933303263,314.36794945158783,2041.0972164762984,88.55499057102917,551358.2267332535,99997.2613667231,1.065679999159984,2.9517395033522447,109.10120323487833
460.019,3.09091,368.0,2011.51,106.294,500000,100000,1,3.09091,106.294,452.5651241054272,3.1375721832425127,344.7423777505613,1935.783381610956,107.9795076616352,511168.1994140587,99536.19418376913,1.1365354436175397,3.0017511558747483,107.4777590024493
460.019,3.36364,367.947,2011.51,106.515,500000,100000,1,3.36364,106.515,487.5161906756043,3.121722517582916,400.4724787598036,2278.9311783478224,97.51192574809228,512337.4182112934,94622.50934121064,1.011728430300207,3.663294591010308,98.10951930627417
460.019,3.59091,367.909,2011.51,106.674,500000,100000,1,3.59091,106.674,444.5511924305381,3.851312066929025,306.3699511426577,2098.3895069037944,123.85599405479816,550885.6746004979,98877.9257680054,0.9533090500571826,3.68152879318811,93.92139285565408
460.019,3.81818,367.876,2011.51,106.815,500000,100000,1,3.81818,106.815,463.1319105729532,4.198734850712688,367.5804630057029,1802.157046774514,148.53232514905267,518369.4422696231,107529.03149940688,1.0170667029278202,3.853916975028862,113.24307600619524
460.019,4.04545,367.846,2011.51,106.94,500000,100000,1,4.04545,106.94,466.8107191502236,4.099597590609762,310.1163436224583,2060.6673105193668,107.83044913169014,517349.04273526464,97772.14449669064,0.9913821309181025,3.7077453060220873,109.83270569670296
460.019,4.27273,367.82,2011.51,107.051,500000,100000,1,4.27273,107.051,464.5712713697017,4.388034677906413,275.239869598556,2007.767644853347,122.02129659745538,483983.2246660975,94823.435653559,0.9354325624187154,4.563772130837985,109.15775710711112
460.019,4.54545,367.791,2011.51,107.171,500000,100000,1,4.54545,107.171,473.48144307434046,4.4030637296492925,374.26763357119125,2115.7590020308826,91.07551673242884,525909.2950113486,103875.5170348812,0.9977261347017328,4.468558005216899,101.78779026489266
460.019,4.77273,367.77,2011.51,107.26,500000,100000,1,4.77273,107.26,479.3320665625886,4.8433982834227365,383.4363812698883,1588.248910647928,120.14732446051607,538328.031066801,98717.78475827724,1.004035229259196,4.732797164258617,123.85046748612548
460.019,5.0,367.751,2011.51,107.342,500000,100000,1,5.0,107.342,481.70403147431017,5.061529426594146,370.7149194882765,2036.3278125152583,139.32859002285545,510456.8778146196,93179.4673565717,1.0753634114750832,5.0220716055941885,89.44940750366628
462.039,0.5,370.906,2011.51,94.056,500000,100000,1,0.5,94.056,473.2967012209516,0.4986436349283963,339.2385508929319,1896.8023578961167,106.5873646166116,513975.6465804693,98865.82680514907,0.9861077655065316,0.4594125290605608,93.414178799797
462.039,0.727273,369.831,2011.51,98.584,500000,100000,1,0.727273,98.584,481.60362801984405,0.7529998171822933,375.4448847567466,1806.565118447546,77.66170696307874,534652.6488847508,89605.19766312919,1.0129795953676992,0.6950670645128202,100.29866308505218
462.039,0.954545,369.236,2011.51,101.087,500000,100000,1,0.954545,101.087,446.5989227259089,0.9693125836223208,403.70996288852,1633.775455412347,103.6823341858278,510764.20337816,94976.60217752447,1.0253946311106108,0.9789525651963636,104.90012690678788
462.039,1.22727,368.8,2011.51,102.924,500000,100000,1,1.22727,102.924,468.0932543201811,1.1203892578897674,332.25128064442737,1790.1186588004114,117.83626731651512,496479.5350489379,99679.99986480808,0.9638429812670348,1.2107873980820143,102.4961650955983
462.039,1.45455,368.557,2011.51,103.949,500000,100000,1,1.45455,103.949,436.9490213466371,1.388932471112062,387.3069953469985,2020.7994194552232,130.672076281493,487026.9290468926,99447.58306574836,1.053544889351984,1.2988139397647362,97.76010711884469
462.039,1.68182,368.377,2011.51,104.706,500000,100000,1,1.68182,104.706,470.1332352204464,1.6447925728498949,302.1995925671557,2192.082671764359,120.93061081580834,501730.6614120412,96681.58017341788,1.019729195772166,1.775973487485324,92.17050869639114
462.039,1.90909,368.239,2011.51,105.288,500000,100000,1,1.90909,105.288,410.51083934558767,1.8362942108231053,327.0787930869949,2128.0727467818247,101.20388409102344,510266.39812393294,95294.25387570236,1.096778770858403,1.7588830055899378,111.37332054968292
462.039,2.13636,368.129,2011.51,105.75,500000,100000,1,2.13636,105.75,489.1478048026489,2.1626743956380525,354.90580308905487,1865.1480039177072,99.90346726482608,556786.7756947002,94098.28280317194,1.0320611786957614,2.041523909879072,100.4231546658074
462.039,2.40909,368.024,2011.51,106.191,500000,100000,1,2.40909,106.191,474.7886421267368,2.5445307442276683,355.626804286109,1684.5022977074002,91.33314769087256,499535.2861116913,102789.49769055632,0.9972634678424754,2.4390909935313907,110.77671121429852
462.039,2.63636,367.953,2011.51,106.49,500000,100000,1,2.63636,106.49,464.34658342641393,2.521314381170796,361.6422690458491,1835.67290903504,104.32559514536504,478905.1135523487,101926.1638998635,1.0114662839514077,2.710189000967138,80.87853157098009
462.039,2.86364,367.893,2011.51,106.743,500000,100000,1,2.86364,106.743,488.5986654965359,2.850202996977906,396.7464111438343,2308.614533585036,129.38496736755047,459497.46290293336,104175.02670321388,1.0271723540226223,2.715209586752409,118.12465262751276
462.039,3.09091,367.842,2011.51,106.96,500000,100000,1,3.09091,106.96,431.24113540434087,3.2435753645582546,354.5329618995012,2002.6941919847784,105.09273710589792,486024.8773003486,98832.53874083309,1.0150179587700985,3.3355540055026216,100.45406107772745
462.039,3.36364,367.789,2011.51,107.181,500000,100000,1,3.36364,107.181,488.9028386762844,3.342483944295167,373.81253316791486,1991.8909476654524,107.9374861420246,464892.2994094674,100590.87695953871,0.924943233728632,3.392939990822351,105.9387157210084
462.039,3.59091,367.751,2011.51,107.341,500000,100000,1,3.59091,107.341,464.52117456380455,3.2613415809449804,395.72746468361646,2098.7184083120937,110.06475061643977,485739.4638024774,97299.50764637484,1.0291927419560778,3.7902463798667263,103.30268803978686
462.039,3.81818,367.718,2011.51,107.481,500000,100000,1,3.81818,107.481,474.6115513687491,3.786772695249325,422.8734970947268,2001.2357894295883,98.86696913327476,490434.9402871887,96642.75631373064,0.9532959896899422,3.6916024208405753,100.91764748901744
462.039,4.04545,367.688,2011.51,107.606,500000,100000,1,4.04545,107.606,429.8234446439668,3.90268524926162,361.0272996436431,2182.843542861593,103.06529897763356,556726.1017642283,103794.72231045262,1.1024873412631768,4.021470788633588,104.28069013074872
462.039,4.27273,367.661,2011.51,107.718,500000,100000,1,4.27273,107.718,474.8233646175362,4.347938297137228,352.54808108401886,1741.943119190244,123.51401494742214,529123.2676066185,102191.143860344,0.9872053281609492,4.223001240991013,107.95308350265783
462.039,4.54545,367.633,2011.51,107.838,500000,100000,1,4.54545,107.838,462.0696259948578,4.101872577893673,358.0020501083605,2101.8941951832307,105.67051958174709,515102.9164944822,89224.59345843976,0.9828443175679984,4.700305461951236,90.5038594531811
462.039,4.77273,367.612,2011.51,107.927,500000,100000,1,4.77273,107.927,481.8304978634395,4.972999751235754,291.1638452290669,1967.813371360468,77.7611358368406,511499.313969559,99457.5432880939,1.0104216083895434,4.976299323933902,99.35910218277432
462.039,5.0,367.592,2011.51,108.009,500000,100000,1,5.0,108.009,434.450896165436,5.169025909574287,394.9945667072808,1812.2190817448725,104.33223033576238,524535.0436273629,103001.102558864,1.0917625576106222,5.582242001934309,99.32152508377428
464.059,0.5,370.753,2011.51,94.7004,500000,100000,1,0.5,94.7004,441.8125114200211,0.529322356965787,372.8597691514041,1726.521949146007,124.19700044767902,493470.05157935416,95383.57158752043,1.0320052539981666,0.4452396924331974,92.23944601232334
464.059,0.727273,369.676,2011.51,99.2354,500000,100000,1,0.727273,99.2354,472.8623244703615,0.7155634694046583,418.9124183363296,2287.342612637789,93.28885205597297,466734.0082974517,96213.20316994752,1.0007839687694289,0.7345892327239003,106.95746819361116
464.059,0.954545,369.081,2011.51,101.742,500000,100000,1,0.954545,101.742,436.5172517608112,0.916810691112518,408.4108345668403,2102.562536702911,97.76296109483002,563739.5289107854,103635.17771890288,0.9719934192429291,1.0347761913953628,92.5112731682469
464.059,1.22727,368.644,2011.51,103.581,500000,100000,1,1.22727,103.581,454.3733837182184,1.285519750442251,440.0385374288073,2471.8044355920774,107.26049016352896,507558.0962726534,103348.29378408966,1.01974063919907,1.173646236303431,119.7634006470871
464.059,1.45455,368.4,2011.51,104.608,500000,100000,1,1.45455,104.608,488.9866949930338,1.46572451705092,306.6158364658854,1856.1430933565475,88.19967362092895,489026.6731192016,100163.05837456568,1.0929651234401894,1.403327613428609,100.98259123594455
464.059,1.68182,368.22,2011.51,105.366,500000,100000,1,1.68182,105.366,431.8563554172016,1.6852952146193692,384.8552732586778,2197.876499120894,90.42844374806523,499110.4665290519,101899.49589856937,0.9299332588312288,1.7974339636736991,100.16432639452331
464.059,1.90909,368.082,2011.51,105.949,500000,100000,1,1.90909,105.949,485.9906959770136,1.91062077164962,397.7380529104249,2101.565573824413,84.1683248295918,460912.3933368984,94554.9810953134,1.0689708099010322,1.922876881953926,109.84734530741908
464.059,2.13636,367.972,2011.51,106.411,500000,100000,1,2.13636,106.411,469.0866875751724,2.1626568765618064,364.6239648813426,2229.681993454586,88.18472998622083,537298.0853775084,109001.17068667532,1.0089830236825574,1.9625313447360369,98.70009298434871
464.059,2.40909,367.867,2011.51,106.853,500000,100000,1,2.40909,106.853,421.8044309884633,2.4137750195059784,345.1945478832491,1829.471626452124,131.9716434737092,519781.15087047336,97984.1219672094,0.968238658992986,2.60040365342841,92.24567332035043
464.059,2.63636,367.796,2011.51,107.153,500000,100000,1,2.63636,107.153,462.7273663877904,2.634832257810661,375.1005370664568,1688.1434896335395,116.97862492394896,531426.8304395459,101551.77995071924,1.050739654108035,2.6276559738540817,123.15506993847576
464.059,2.86364,367.735,2011.51,107.406,500000,100000,1,2.86364,107.406,484.3110997751662,3.099774512057675,401.394457515058,2168.0317180180987,118.48491281036114,543589.9125640688,100791.65853985609,0.9369269758854606,2.939046772435831,89.8830796439541
464.059,3.09091,367.684,2011.51,107.622,500000,100000,1,3.09091,107.622,472.4158715518845,3.2943072478359587,380.5430008424567,2402.525108305287,99.0936964137598,532803.4720740294,100403.0708178164,1.0187840540589082,3.1309028402865864,105.7429971112508
464.059,3.36364,367.631,2011.51,107.844,500000,100000,1,3.36364,107.844,469.1474611649449,3.320982241183452,391.17177724281856,1467.455981012006,112.41247157128106,508294.14784710464,98051.11612178446,0.9687054617328608,3.6581780876503895,103.93477768610158
464.059,3.59091,367.593,2011.51,108.004,500000,100000,1,3.59091,108.004,497.752414368248,3.474540738091402,302.0557624143772,1894.336807669437,133.297847096515,466925.4455454327,102517.6280561446,0.9260546499225072,3.895424064095408,103.20793508967544
464.059,3.81818,367.56,2011.51,108.145,500000,100000,1,3.81818,108.145,450.4979130859589,3.5915461353941227,369.1621081758442,2052.226540331255,124.69167685751292,522206.9746019993,98732.93095652972,0.8960720334986556,3.868466805932069,87.67977266632722
464.059,4.04545,367.53,2011.51,108.27,500000,100000,1,4.04545,108.27,450.9169746197744,4.183053385727645,404.7008175565106,2237.2754345652666,98.54113254963292,513670.7810211534,104384.78784199763,0.9779975482915588,4.059372228879595,97.88989966475393
464.059,4.27273,367.504,2011.51,108.382,500000,100000,1,4.27273,108.382,482.2501772882084,4.208465122036175,385.2879574472226,1901.7811523694688,98.66578245824698,495970.0829623228,98291.55411713834,1.0235080234303864,3.8296831012504,105.57723103545058
464.059,4.54545,367.475,2011.51,108.502,500000,100000,1,4.54545,108.502,439.0034696762486,4.582955703957602,356.73307568585045,1998.480779482583,121.77943759181352,515677.2675781976,105400.6939626705,1.054571359324986,4.477817539188555,106.68584964032767
464.059,4.77273,367.454,2011.51,108.591,500000,100000,1,4.77273,108.591,463.8707497886627,4.324220581858261,353.5882635642547,2120.248362565429,133.2703743734162,467928.2312397571,99216.90450079057,1.0608406433598914,4.905371697104488,114.64349445229084
464.059,5.0,367.434,2011.51,108.673,500000,100000,1,5.0,108.673,494.45931733360567,5.112428151874127,322.0771323628978,2267.651356622004,95.17702194621288,519609.4464626367,100827.87160815706,1.0893569130017662,5.0891324687633,111.10203004113336
466.079,0.5,370.6,2011.51,95.3419,500000,100000,1,0.5,95.3419,461.0462668317842,0.533258587687243,357.7992183650863,1965.4213521523648,103.33431009530618,493536.7632866079,101775.77138650478,1.042760110614481,0.5021430395580424,92.73162111072998
466.079,0.727273,369.522,2011.51,99.8837,500000,100000,1,0.727273,99.8837,460.1673453727562,0.8036276667419343,356.08986627015696,1721.1295063366429,101.35151913321889,523087.592004127,105034.7150553566,1.0383351146664066,0.7200063137185468,108.8664973023767
466.079,0.954545,368.926,2011.51,102.393,500000,100000,1,0.954545,102.393,467.6599053363946,1.0599289657226227,313.7311474741813,1820.8063817467007,116.66453419216852,511003.1999161242,96623.38616790064,1.081677579329525,1.0009229333825274,108.25407214056789
466.079,1.22727,368.489,2011.51,104.236,500000,100000,1,1.22727,104.236,492.7859693067339,1.1890940803591508,366.3197105911612,1870.006951229795,101.51367221635778,490806.786816688,95421.23548726962,0.8856720796205212,1.244595778664327,97.04484350887724
466.079,1.45455,368.244,2011.51,105.264,500000,100000,1,1.45455,105.264,506.3068971081655,1.6169029461285158,379.8843568229713,2272.6053678383537,113.49360094149074,457641.93246761325,98953.90834182336,0.8877504368788769,1.3331293125125652,105.1974844918873
466.079,1.68182,368.064,2011.51,106.023,500000,100000,1,1.68182,106.023,450.5308589277993,1.6448467001880387,383.8668157119978,1900.0827372470344,93.3978688605293,480945.0226667654,103627.83454760585,1.0464141397967353,1.6304465300998028,116.25358544665504
466.079,1.90909,367.925,2011.51,106.607,500000,100000,1,1.90909,106.607,453.51106290819865,1.7953350459601232,403.02664221626384,2264.951405632519,96.48065365318132,477171.2534075105,99765.8283711596,1.0404735716675917,1.7288386652706869,103.81833552653222
466.079,2.13636,367.815,2011.51,107.069,500000,100000,1,2.13636,107.069,478.2721669592565,2.203409914381247,370.9711138458321,1687.6264828102053,129.6957621778926,505075.4266754057,99007.0627236905,1.00494876586557,1.9500103182716293,103.91944337625532
466.079,2.40909,367.71,2011.51,107.512,500000,100000,1,2.40909,107.512,460.8203149867008,2.170136914941438,361.8525413981973,1748.033007948222,109.10288412372354,504648.5659698799,93652.2176544118,1.0203741042671413,2.462080159490065,116.0418916515717
466.079,2.63636,367.639,2011.51,107.812,500000,100000,1,2.63636,107.812,465.273833986908,2.5148609982306267,322.5919112216633,2587.0310299699354,99.8870129456018,477316.2441193923,102212.54510425968,0.972678123684107,2.63313676635021,87.05545883610304
466.079,2.86364,367.579,2011.51,108.065,500000,100000,1,2.86364,108.065,467.1408184079368,2.520266211695786,337.210727433558,1886.577423382632,105.37449414858274,489615.88511864736,100256.81163673644,0.9011451837202956,2.740871531809215,136.94205877421743
466.079,3.09091,367.527,2011.51,108.282,500000,100000,1,3.09091,108.282,444.1494540348057,2.94801042784694,392.7776151378556,2235.6887515687085,88.33960459715145,548942.4419826823,103509.39293948168,0.9795934991217778,2.7536616389090254,111.14699227011856
466.079,3.36364,367.474,2011.51,108.504,500000,100000,1,3.36364,108.504,455.0954820000805,3.215666865821324,321.40134709179307,1481.0527529268848,100.37481400093893,503625.8465974736,98927.71148470022,0.9351518601561216,3.5452456316352268,96.8641770878791
466.079,3.59091,367.437,2011.51,108.664,500000,100000,1,3.59091,108.664,446.1268608417106,3.5123010080397434,385.3074162888609,1727.6345002960302,67.07020624789533,486352.05552434654,102978.01480821322,1.0119365214589389,3.570218373736386,122.49815655568676
466.079,3.81818,367.403,2011.51,108.805,500000,100000,1,3.81818,108.805,441.4908234859874,3.659151226885948,348.45293862409864,1837.5387884657896,103.9735472301074,513779.4042020609,105634.68870842812,0.9809970160734,3.724612413487759,97.0516005727158
466.079,4.04545,367.373,2011.51,108.931,500000,100000,1,4.04545,108.931,486.1538737215206,4.282246125288635,359.95523949239407,1951.1012635373693,113.06237874098224,523958.04937050055,94454.30510284285,0.9249110760679462,3.7013664578540793,96.61443628807248
466.079,4.27273,367.347,2011.51,109.043,500000,100000,1,4.27273,109.043,449.77799836397423,4.5334683045231925,335.6446916876015,1846.5657848397343,98.17948435039166,497870.4332608684,107760.23804587714,0.9297657190907556,4.369377214471247,99.213441341504
466.079,4.54545,367.318,2011.51,109.163,500000,100000,1,4.54545,109.163,454.82529324670406,4.420551398567002,382.9029770264372,1917.7338160897789,133.81087028567848,545537.5424083798,101310.12440416338,0.9818802823968954,4.695696288557693,89.31842707453622
466.079,4.77273,367.297,2011.51,109.252,500000,100000,1,4.77273,109.252,461.6309233391437,4.9064334714844176,314.09105272436005,2219.6641984582247,99.93211321883862,528528.3643802562,96120.5948506541,0.9417981250512708,4.455391420534672,120.52003687058212
466.079,5.0,367.277,2011.51,109.334,500000,100000,1,5.0,109.334,455.14639803002336,4.63865004080481,339.84176148632014,2164.3220511794066,115.65101628635892,493245.0449326552,100051.2632854508,0.946878920493954,5.129179250870648,101.38565906472598
468.099,0.5,370.449,2011.51,95.9806,500000,100000,1,0.5,95.9806,444.8610208878928,0.4910880757842614,392.6919832841923,1686.4554575712957,109.53186035410305,494657.3229129858,101247.18344458178,0.9957771749344426,0.4839268756289587,93.88958894598206
468.099,0.727273,369.369,2011.51,100.529,500000,100000,1,0.727273,100.529,465.08773209110245,0.7873426347758274,354.84230317430934,1943.752467226251,101.66080494535753,502077.4697139351,100625.88621629942,0.983919590259898,0.6378562921455424,95.71945768808637
468.099,0.954545,368.772,2011.51,103.042,500000,100000,1,0.954545,103.042,453.8605807702184,0.8932537509382903,311.5003465429835,1764.1468685387113,91.52991786777162,550800.1213090264,101778.2814529528,1.0295283718315629,0.9711843918892116,97.56455213022588
468.099,1.22727,368.334,2011.51,104.887,500000,100000,1,1.22727,104.887,523.998727074533,1.214218613488968,345.3115730394219,1914.6995996856776,120.79516674942168,493339.15574213176,97576.13409965314,1.0591111613263182,1.180530361756048,106.18189919318496
468.099,1.45455,368.089,2011.51,105.917,500000,100000,1,1.45455,105.917,480.2226418417031,1.5265720103116809,361.2415999656088,1799.3287621625498,95.7006434097038,454484.7971148375,95579.018635698,1.0595847121583948,1.3462611912688909,107.1907519286618
468.099,1.68182,367.909,2011.51,106.677,500000,100000,1,1.68182,106.677,473.02810211371934,1.7132882594462753,325.38203878579554,1629.1905788702836,118.21031309421215,491340.4342145065,103396.30546136436,1.0200790985295491,1.863919117307234,116.6991782666924
468.099,1.90909,367.77,2011.51,107.261,500000,100000,1,1.90909,107.261,466.9315574866391,1.8862263260914125,360.78843349521,1965.9136580585955,87.7707499526766,495642.3856670719,103065.13550348808,1.0219309364959994,1.7557273172589207,106.79791221602945
468.099,2.13636,367.66,2011.51,107.725,500000,100000,1,2.13636,107.725,449.5884512094783,2.182301263483954,324.6369019842864,2073.89925292915,115.50996315359028,534142.4974936676,99694.99748431804,0.9820999236821608,2.1225208471681007,109.17384706566452
468.099,2.40909,367.555,2011.51,108.168,500000,100000,1,2.40909,108.168,468.13689334795765,2.4672610850813936,359.476041654035,2250.3949059110605,128.1444205016349,500398.7075778133,93632.02762625694,1.0193732400077946,2.2234298687020897,98.31801280450136
468.099,2.63636,367.483,2011.51,108.468,500000,100000,1,2.63636,108.468,442.678268273974,2.317521855481843,331.1938921230273,2420.023855654282,98.95336120261116,523379.2979169844,100306.8428848677,0.961105661260868,2.702378141435518,113.17174861854654
468.099,2.86364,367.423,2011.51,108.722,500000,100000,1,2.86364,108.722,462.57738542727617,2.8680712091743645,371.9160124014507,2163.474303880184,110.79784255219872,524184.92311696114,97938.79063545594,1.017117706920434,2.739830085803419,107.06165401724633
468.099,3.09091,367.371,2011.51,108.939,500000,100000,1,3.09091,108.939,498.0793267449059,2.9652609768001432,380.3365638402838,1957.4080127242144,107.66597108731276,484416.1493490576,103056.0953866774,0.9382116349502764,3.018945518662377,106.8970017706502
468.099,3.36364,367.318,2011.51,109.162,500000,100000,1,3.36364,109.162,477.0912302851944,3.281643781414427,399.2253440352505,2038.640071812108,124.21023583371112,489091.8676454615,99586.41561213172,0.9313119156167312,3.418346070934381,114.88068652552158
468.099,3.59091,367.28,2011.51,109.322,500000,100000,1,3.59091,109.322,492.19236215720434,3.171500039535487,355.2410137354818,1794.8721378613564,120.92924359334496,527135.393895097,93407.94964427195,1.0764438903136095,3.484189295099279,108.47241568975016
468.099,3.81818,367.247,2011.51,109.463,500000,100000,1,3.81818,109.463,468.5526168992604,3.652851525194836,337.7652307237533,1781.1434915427053,88.15253950179843,514234.39995767525,97600.15680619498,0.9686958721552786,3.687930432544493,117.62482518229734
468.099,4.04545,367.217,2011.51,109.588,500000,100000,1,4.04545,109.588,442.4642482700101,4.020507454577889,352.0687461132547,2319.460256084311,121.96682945255064,540334.213188807,104951.1780069624,1.039567430701913,4.05913624074151,117.19069767917048
468.099,4.27273,367.19,2011.51,109.701,500000,100000,1,4.27273,109.701,445.19726705396937,4.381003413156842,369.4585667658429,2237.87057233638,84.46372527273839,533557.7223604124,110178.43214260736,0.9995961667471188,4.208082781819517,126.3633149820914
468.099,4.54545,367.162,2011.51,109.821,500000,100000,1,4.54545,109.821,464.1141142466541,4.551284611258022,370.7340724147943,1997.0926714614247,109.8078361504115,492448.4567333292,103724.490353944,1.0562606363173312,4.484600453621183,100.94219092933538
468.099,4.77273,367.14,2011.51,109.911,500000,100000,1,4.77273,109.911,464.5855202617522,4.931985329338769,355.70958610533995,1982.1533492016583,114.54933023894787,508422.5764578577,103327.46251356923,0.9866775213155492,4.757429830037244,104.18052274182668
468.099,5.0,367.121,2011.51,109.992,500000,100000,1,5.0,109.992,485.39948251946544,4.910388452673331,412.2968912857168,1612.0545816292688,113.038128997506,530641.7523695373,101009.17226070608,0.9767287923321922,4.981957318162931,113.80856013831011
470.12,0.5,370.298,2011.51,96.6165,500000,100000,1,0.5,96.6165,482.0380185168137,0.4950017519220396,379.22229798700965,2012.786365411708,114.57095286988708,517751.3871315713,105993.28758753934,1.100275535819504,0.5007089250012821,91.3430402141711
470.12,0.727273,369.216,2011.51,101.172,500000,100000,1,0.727273,101.172,432.6069163746969,0.7032188860603826,319.52394167839554,1677.2907603054125,114.58964457403124,518780.52548818063,104081.96078461174,0.9735517715246532,0.6877544187155449,96.63812568303145
470.12,0.954545,368.619,2011.51,103.688,500000,100000,1,0.954545,103.688,487.9020152565542,0.9206256256025288,407.723160976805,1427.9567418971872,85.63193415846263,464588.55489678815,99135.6331990089,0.9458549157407168,0.8841583216790332,108.38515847745148
470.12,1.22727,368.18,2011.51,105.536,500000,100000,1,1.22727,105.536,501.1576517139788,1.1130410248931892,367.2346882642685,1995.5730522219928,99.7830229465984,473420.3891237686,101780.31029986031,0.935783600738332,1.2179659145225386,114.92418221837625
470.12,1.45455,367.935,2011.51,106.567,500000,100000,1,1.45455,106.567,465.7983303873996,1.5388095718792354,348.86988540871715,2009.1207046226448,95.0172002456969,505569.0481112836,96797.50353082483,0.9383683538275548,1.546367640504068,90.37636044349608
470.12,1.68182,367.754,2011.51,107.328,500000,100000,1,1.68182,107.328,472.1063779546564,1.7195416147171672,330.3644157821659,2113.2753862117006,106.8609742363478,469806.3978774781,95186.82890708729,1.07221327923005,1.814783597123232,111.75283710519652
470.12,1.90909,367.615,2011.51,107.913,500000,100000,1,1.90909,107.913,442.2339759443558,1.845682643084311,362.3463025379716,2032.2825629245576,96.99242136388608,462012.5316236904,107604.29718153286,1.0483972080262425,1.744071184749138,117.18097920808368
470.12,2.13636,367.505,2011.51,108.377,500000,100000,1,2.13636,108.377,459.1075303593525,2.164694224744811,372.72901053448527,1853.660882910856,81.69056781454275,496842.7851211706,100986.117513329,0.992523907733277,2.1995670827402685,105.43309258489477
470.12,2.40909,367.399,2011.51,108.821,500000,100000,1,2.40909,108.821,486.23547257649057,2.575729655670421,375.9231376668021,1968.2022730874264,126.84021924053783,497447.7924497083,106136.7483372854,1.0184389646435874,2.316190204517364,88.10651429180729
470.12,2.63636,367.328,2011.51,109.122,500000,100000,1,2.63636,109.122,457.6743495558042,2.6798797060289465,402.450927573762,1771.7311868937334,101.68457926484864,484526.8721061674,97165.14987865828,0.9525159478850228,2.497813707419096,127.06887818299818
470.12,2.86364,367.267,2011.51,109.376,500000,100000,1,2.86364,109.376,482.6022993865833,2.9689762431166464,326.9804510559752,2127.1421711979506,105.76146655311584,542715.4695811513,99964.08185534764,1.0001205220545095,2.9855928930031257,110.4476957600892
470.12,3.09091,367.216,2011.51,109.593,500000,100000,1,3.09091,109.593,492.42280064566194,3.076017796938125,372.44705651520616,2073.3444396288137,108.40744503756888,521725.6205934423,104653.34628716415,1.0053995803877265,2.9158039835823075,110.31532842043455
470.12,3.36364,367.163,2011.51,109.816,500000,100000,1,3.36364,109.816,438.37383150215385,3.3255142724818936,372.04702932595575,1976.67650617474,117.74751322557266,480429.0799974161,101263.47862738468,1.0028746927022782,3.354589411413119,119.30956648659
470.12,3.59091,367.125,2011.51,109.976,500000,100000,1,3.59091,109.976,473.5738611238775,3.744411464846202,375.7126013673581,1725.0883070400066,106.6235046729174,515802.3558240828,100819.64264794951,1.025765416923484,3.625012497157817,118.04305544619318
470.12,3.81818,367.091,2011.51,110.117,500000,100000,1,3.81818,110.117,475.5937972630567,4.006143244721843,358.55094223669147,2249.8892760944823,144.9283242560501,557093.1339196264,105221.58398200282,1.0386686545294663,3.65841933247654,123.97214942172184
470.12,4.04545,367.061,2011.51,110.243,500000,100000,1,4.04545,110.243,454.1034761944546,4.023982413490238,353.61396544010927,1997.151483198059,141.77964864175416,515017.3444948338,93625.50508283376,0.96424460806091,3.7328768747568417,104.29261018051749
470.12,4.27273,367.035,2011.51,110.356,500000,100000,1,4.27273,110.356,481.2939440449264,4.348227814010841,323.10318880853725,1724.6292440239135,117.97526237675316,534996.1129166506,102169.68639755888,1.0384472712795223,4.340529356281571,101.05495847283316
470.12,4.54545,367.006,2011.51,110.476,500000,100000,1,4.54545,110.476,485.0690579482301,4.425045972215348,327.2940590384915,1707.038669138636,112.1301952667504,523627.2537461817,99595.51916074296,0.960509294108882,4.551753465966798,123.36408932284114
470.12,4.77273,366.985,2011.51,110.566,500000,100000,1,4.77273,110.566,445.1044445197514,4.593690864038271,404.9553734881085,1919.9837877119755,128.3664029361561,499083.6921498868,101546.53418857852,0.9636851730361012,4.70020925933851,105.6038283586418
470.12,5.0,366.965,2011.51,110.647,500000,100000,1,5.0,110.647,484.31269996965216,4.781851368398462,348.75021041845,2261.832484511988,97.18286130044623,476609.6861008165,103052.8013340768,0.9752733733598205,5.049919980546041,100.69114739048445
472.14,0.5,370.148,2011.51,97.2497,500000,100000,1,0.5,97.2497,462.88896519951226,0.4862900803047204,389.97451820952034,2341.8067853553544,74.37885059466022,481814.88042848784,101321.2149671537,0.9571637047084732,0.5382837819352392,96.04678031702056
472.14,0.727273,369.064,2011.51,101.812,500000,100000,1,0.727273,101.812,494.05309603556543,0.7684714214423527,308.8876395326281,2061.3965620404383,107.10324990026336,494583.853337143,94215.09860916708,0.9796505833689376,0.7415047848416054,96.53948405923916
472.14,0.954545,368.466,2011.51,104.332,500000,100000,1,0.954545,104.332,459.9056099544036,0.9374398169099007,397.5145624683229,1929.5568732212616,117.99683739607812,469684.6410191014,93696.6193742068,0.9621354689009722,1.0054135319110664,104.87538347860604
472.14,1.22727,368.026,2011.51,106.182,500000,100000,1,1.22727,106.182,497.2261506636211,1.288411881156945,391.02431602188346,2091.087558139953,61.89801646106307,508826.6529873856,99105.7853548983,1.0657177037176189,1.3446929201303202,110.29510919760376
472.14,1.45455,367.781,2011.51,107.214,500000,100000,1,1.45455,107.214,479.3458744880256,1.2926032011936734,300.59071014970874,1991.626392395024,76.38792751189717,499906.7032586748,101051.85825556246,0.9854062404770196,1.4736368461060672,122.39357958011524
472.14,1.68182,367.6,2011.51,107.976,500000,100000,1,1.68182,107.976,461.5512492580868,1.7261837304519771,368.3288461724149,2290.772399775058,119.71141880022894,539031.2553370398,102143.03967604911,1.0144691905420953,1.745932304596659,120.19141026470164
472.14,1.90909,367.461,2011.51,108.562,500000,100000,1,1.90909,108.562,420.4110703355412,1.7816566917797907,389.9847455643824,1852.1676306150985,107.51759042721392,521025.7185608026,96723.67139188928,1.0068477105671214,1.9480457750902176,117.83988266387996
472.14,2.13636,367.35,2011.51,109.027,500000,100000,1,2.13636,109.027,472.2143083890776,2.158378968980528,417.2061633125999,2096.313189771985,129.42928486225216,519111.5998276783,90330.31233880606,0.9696877151867872,2.326569405423082,116.1849180081222
472.14,2.40909,367.245,2011.51,109.471,500000,100000,1,2.40909,109.471,474.0954284922208,2.318943878161452,377.368772258391,2036.2271452480395,125.48290570279752,487801.9365087929,101085.22394784908,0.8763309327198738,2.6983965989622023,118.40247329069092
472.14,2.63636,367.173,2011.51,109.772,500000,100000,1,2.63636,109.772,440.6338474026701,2.5926499712488016,357.9303618686116,1753.061486966284,109.85002865428017,524975.3945000663,109114.35717394286,1.0635244285466268,2.581141190786704,107.04286547592528
472.14,2.86364,367.113,2011.51,110.027,500000,100000,1,2.86364,110.027,490.7876348815234,2.9639385704971124,405.88962096206376,2173.8555310729835,108.98811264418936,533079.46066995,92947.37040382676,1.0054048315668638,2.485924069381868,111.10925541053535
472.14,3.09091,367.061,2011.51,110.244,500000,100000,1,3.09091,110.244,497.16553849002383,3.013365595921145,319.38657193105894,2030.8625449121928,124.31527628825324,565016.8434805204,104995.7504893401,0.9890516928170217,2.989950368096331,119.08076887217098
472.14,3.36364,367.008,2011.51,110.467,500000,100000,1,3.36364,110.467,479.43568298767184,3.357263433602274,361.75514671168384,1943.088971888788,66.56156578255542,486108.2128948783,109683.18431727364,0.9583490661156376,3.5438896416061048,108.65014719075616
472.14,3.59091,366.97,2011.51,110.628,500000,100000,1,3.59091,110.628,465.18878293061925,3.646862535996529,359.27103690946984,1904.5759976821505,96.70343494038588,515747.6064579045,104547.28203174529,0.961428842127215,3.6252200169714905,111.17819502118644
472.14,3.81818,366.936,2011.51,110.769,500000,100000,1,3.81818,110.769,422.8982088003491,3.762594215751677,325.02183075891105,2153.93874423426,124.00735264710644,518518.5628442686,99835.75087311793,1.060940970450498,3.535765765971436,122.10721189844048
472.14,4.04545,366.906,2011.51,110.895,500000,100000,1,4.04545,110.895,481.3373940002396,3.822005969940336,355.656862934161,1817.8303304251683,100.03290464472778,487831.2421902235,94123.83521913268,0.973302546900172,3.938955799524974,116.77229264195202
472.14,4.27273,366.88,2011.51,111.008,500000,100000,1,4.27273,111.008,468.6649249860691,4.8760751553042665,342.4701600436339,2005.429575496623,109.86148326570398,506478.6773943789,94578.95564690116,1.0626384910964204,3.8684425609641546,98.49748149413485
472.14,4.54545,366.851,2011.51,111.128,500000,100000,1,4.54545,111.128,528.6105321599131,4.473352711137935,443.038490412473,1847.2739686228765,111.3584975814898,468249.3453675782,111456.12956053489,0.9550483649135952,4.347575278369151,102.00946305943924
472.14,4.77273,366.83,2011.51,111.218,500000,100000,1,4.77273,111.218,456.6214061178465,4.700202963102334,386.1307173519997,2275.026098760223,106.44563174071348,511110.96298268094,102628.3171349987,1.003516873131616,4.721284798434078,135.64634385367836
472.14,5.0,366.81,2011.51,111.3,500000,100000,1,5.0,111.3,452.1197154272938,4.961553708713452,367.3816577064276,1877.648085598633,93.73640474025876,502201.3768191483,104557.79652692142,0.9914389491396824,5.050643682839428,123.8712372214648
474.16,0.5,369.998,2011.51,97.8802,500000,100000,1,0.5,97.8802,464.1135054586058,0.4964144195885268,376.3202863889326,2195.3816832309394,113.29313775290235,512493.3733641061,107087.7820070164,0.9560778974525118,0.5394230780045887,92.8998703695508
474.16,0.727273,368.913,2011.51,102.449,500000,100000,1,0.727273,102.449,443.95050492092736,0.6964967342220806,364.25871505120296,1988.8774638527705,90.65744846409486,510368.8302584466,97945.0890605496,1.03701768359968,0.7170006092248029,104.58469756718526
474.16,0.954545,368.314,2011.51,104.972,500000,100000,1,0.954545,104.972,512.0530134155537,0.9387924905918258,347.4994203929652,2184.784657853348,122.23188562652196,498904.5581093704,101137.8111219208,0.9625318249541936,0.9870654427864366,96.78813263930336
474.16,1.22727,367.873,2011.51,106.825,500000,100000,1,1.22727,106.825,424.2605987184136,1.1850468724255887,342.76991353888184,1985.058998584141,95.4278185983742,460333.3929643355,96080.67995753734,1.0068926170952517,1.3011917315938677,86.87927309613175
474.16,1.45455,367.628,2011.51,107.859,500000,100000,1,1.45455,107.859,456.7318508884215,1.4643379058461827,332.83894893566577,2243.3472425441214,95.66309724181394,549693.4339852688,97825.53690840444,1.0431584421441031,1.3391802633031678,99.3358372294722
474.16,1.68182,367.447,2011.51,108.622,500000,100000,1,1.68182,108.622,449.6941433425511,1.6897393934692808,378.56485618611487,2113.324836711575,100.44857882356682,508780.70179138816,105644.02568358026,0.942937655807231,1.7472241746571977,107.94350410994842
474.16,1.90909,367.307,2011.51,109.209,500000,100000,1,1.90909,109.209,503.897853856835,1.7502833049762532,326.221840270356,1926.9472411056067,114.86921482704868,515282.6336272279,98963.07501750602,0.9676459342138788,1.856935819884753,103.78654425560256
474.16,2.13636,367.197,2011.51,109.674,500000,100000,1,2.13636,109.674,525.9642297715162,2.140998401682951,304.0520729100243,2110.309951766132,121.31188377376164,469480.501749349,100238.42964026454,1.0152847423572422,2.1421262672897727,109.08842070743702
474.16,2.40909,367.091,2011.51,110.118,500000,100000,1,2.40909,110.118,470.1204942741767,2.2050353453996343,390.5432214311927,1748.369469607048,119.72380755164669,491756.070706518,97690.37233941029,1.0189768029090311,2.539413454314332,121.4734534618796
474.16,2.63636,367.019,2011.51,110.42,500000,100000,1,2.63636,110.42,473.6375974441868,2.6629723661771143,432.711155160916,1711.0955758653267,105.13091843574271,457787.3880904684,106393.7388526188,0.9556455819120264,2.747819287708289,128.2888518836014
474.16,2.86364,366.959,2011.51,110.675,500000,100000,1,2.86364,110.675,482.26008077913286,2.726206714028067,365.4953197238121,2031.960040064496,117.19224695594345,516699.5089829381,100602.33549492787,0.95793422491901,2.794013636351278,124.10076559868824
474.16,3.09091,366.907,2011.51,110.893,500000,100000,1,3.09091,110.893,474.6213163218417,2.770234318636195,350.02710436147254,2064.081102955287,86.52526828944352,483143.7190262893,99632.47373672428,1.0007593812787858,3.0340722824446966,132.92060037241214
474.16,3.36364,366.854,2011.51,111.116,500000,100000,1,3.36364,111.116,442.3660377770464,3.281432672313744,358.0997734580412,2138.252132268462,121.3193325313326,497121.2466757564,92520.50786861069,0.9876024693118426,3.377967415432068,109.4198075961487
474.16,3.59091,366.816,2011.51,111.277,500000,100000,1,3.59091,111.277,473.6725503063342,3.5247775194096613,339.6171538945652,2266.499153818604,107.45160217959337,502632.980053108,100082.19980268498,0.9706454303397564,3.633278995328388,137.28197980246358
474.16,3.81818,366.782,2011.51,111.418,500000,100000,1,3.81818,111.418,437.2851995180919,4.126685446531452,358.1337089051703,1918.9687577157447,102.17435538604478,510783.8334244897,93439.18559168249,0.930065440408669,4.290165202360496,94.628407867276
474.16,4.04545,366.752,2011.51,111.544,500000,100000,1,4.04545,111.544,482.0888683100288,3.6821126481464894,404.2107009125924,1948.8859383506383,112.36396767821807,500766.47209796007,103128.1695667664,0.9453967007367792,3.946066757677629,95.4533215155612
474.16,4.27273,366.725,2011.51,111.657,500000,100000,1,4.27273,111.657,448.81011446205457,4.302243360425922,383.2428133308502,2284.592560430532,153.11159982429447,548588.9176666063,98082.75500261784,0.938824664706324,4.546795589965965,126.4670240822492
474.16,4.54545,366.697,2011.51,111.778,500000,100000,1,4.54545,111.778,457.2423346458407,4.055214870866676,402.3235097757002,1710.220796307486,98.8002581011794,522681.3890444821,95462.58874605232,1.028348687980965,4.733930502627568,102.36388691581205
474.16,4.77273,366.675,2011.51,111.868,500000,100000,1,4.77273,111.868,471.4309793764679,4.854927135962518,348.5126921763887,2101.9913719442056,104.06398702029286,518198.6373863065,102034.3713866672,0.9946676907605894,4.513419905408707,111.84850199585092
474.16,5.0,366.656,2011.51,111.95,500000,100000,1,5.0,111.95,475.7738573593463,4.678382626607647,346.2730981095493,1928.131916317957,102.15159032161662,492456.5273579264,94529.36078468572,0.9516474363225648,5.276982130540889,123.400230219238
476.18,0.5,369.849,2011.51,98.5081,500000,100000,1,0.5,98.5081,500.67396091680166,0.5368245894407457,380.37991610465366,2018.819614175766,84.12801305691245,496306.46204615344,113821.68305693,0.990731855575,0.4677357290857029,101.808289540743
476.18,0.727273,368.762,2011.51,103.083,500000,100000,1,0.727273,103.083,480.9811540182224,0.7949790209588454,346.7119003632542,2361.8849305778053,94.97214067579168,464630.9719354546,101168.6802531322,0.9187967001174064,0.745515308335246,101.46633444091265
476.18,0.954545,368.162,2011.51,105.61,500000,100000,1,0.954545,105.61,464.7362531611065,1.0413264422632096,403.1950045939242,2152.7077778445614,108.4923480883654,510617.3480910914,92977.94755900392,1.002473061478695,0.9699653170141348,117.98967074731706
476.18,1.22727,367.721,2011.51,107.466,500000,100000,1,1.22727,107.466,516.0211221939454,1.2057514532082307,348.1834015601656,2149.396640638998,105.37597258666884,537783.885962778,102534.43460271524,0.9511187269909585,1.25623224185793,99.51812316440476
476.18,1.45455,367.475,2011.51,108.5,500000,100000,1,1.45455,108.5,465.7955750931483,1.4652142215180373,371.1429027950233,1736.8128022892156,121.87716372717428,484224.9567390217,101314.37830328952,1.0134570869022057,1.419099011715209,125.04569623450304
476.18,1.68182,367.294,2011.51,109.265,500000,100000,1,1.68182,109.265,469.6627802351616,1.7197910800858214,367.5345001340808,2218.456828943581,130.28353668307884,533648.3494008436,99522.71954181204,0.99788565964752,1.5444248601103283,109.4816566428623
476.18,1.90909,367.154,2011.51,109.852,500000,100000,1,1.90909,109.852,496.2709748850601,1.7996466273983864,373.4339514081777,2071.6395621413603,113.41024619959757,510008.4639881633,99735.81762799704,0.9620843460822872,2.0687807309377977,127.01496226369107
476.18,2.13636,367.044,2011.51,110.318,500000,100000,1,2.13636,110.318,487.5965952103703,2.078955325418252,420.240021769421,1900.460752275791,128.67944469521228,489972.69498746697,97823.8234352832,0.9779403864108532,2.193497173155311,99.07492707651156
476.18,2.40909,366.938,2011.51,110.763,500000,100000,1,2.40909,110.763,500.7956740366905,2.20154135206474,426.8909092170848,2436.297131611905,138.49383673949643,506842.9543674433,100147.99761950866,1.091333149920443,2.533699659298015,112.1958294689573
476.18,2.63636,366.866,2011.51,111.065,500000,100000,1,2.63636,111.065,471.147152872264,2.6575794681409435,325.2700287664262,2276.96743748915,120.44019276812593,508691.2940424377,96801.41034489348,1.0441044046342185,2.7552077938447708,112.70083882625744
476.18,2.86364,366.805,2011.51,111.32,500000,100000,1,2.86364,111.32,488.5154834236317,2.679023693717998,395.11511995155706,1736.0275725297522,93.64893243642756,509636.3530535706,99094.72676610782,1.0445017662980436,2.8821660181123443,116.06159755321904
476.18,3.09091,366.754,2011.51,111.539,500000,100000,1,3.09091,111.539,545.6587941724257,3.228931098663672,346.2489829302225,1890.626771989792,119.52860563834292,493509.7168748816,102164.6353268558,1.022681908160894,3.290975060674844,124.61031605968982
476.18,3.36364,366.7,2011.51,111.762,500000,100000,1,3.36364,111.762,476.5615459461655,3.7154933219718433,363.8852470019907,2091.239490619229,111.56570754086312,524418.376747084,97714.49386652884,1.0272312974465818,3.306354214581704,113.12007611435102
476.18,3.59091,366.662,2011.51,111.923,500000,100000,1,3.59091,111.923,457.93942914399054,3.719622494518926,367.60635084802254,1918.6490942727048,113.3619914824705,500094.4233426946,106454.58526658195,0.9941249083574722,3.607689739942272,116.0690080181083
476.18,3.81818,366.628,2011.51,112.065,500000,100000,1,3.81818,112.065,452.48590318875904,3.8335262273653306,349.742743132547,1809.5605296980807,125.06764105151711,526287.1960693068,108447.1248295278,0.9536216501393624,3.8490353505480166,116.78396797769848
476.18,4.04545,366.599,2011.51,112.191,500000,100000,1,4.04545,112.191,473.20656814670025,3.96436596652425,389.6844254543273,2101.2276804484327,126.36226869324898,486589.2239390531,99973.79933239376,1.067671231722893,3.9077274738593606,110.3044740067657
476.18,4.27273,366.572,2011.51,112.304,500000,100000,1,4.27273,112.304,484.9300553645612,4.066200218607996,380.1076140376047,2117.7689101994333,114.58280845947088,509941.4337852243,108100.19610426156,1.009954117191856,4.081973857830278,98.57019477082493
476.18,4.54545,366.543,2011.51,112.425,500000,100000,1,4.54545,112.425,517.3974177627476,4.5447805890029125,370.7070027408012,1792.3217021308449,131.4281619894501,487920.13834685535,95107.86500662548,0.9586470973969488,4.414110762044911,117.09025742762724
476.18,4.77273,366.522,2011.51,112.515,500000,100000,1,4.77273,112.515,432.2149423048246,4.746877581271103,308.4836297725218,2175.644816853357,92.560109928678,540194.4303976314,97691.00780360783,0.9732509520196468,5.058353462149293,127.4955002910806
476.18,5.0,366.502,2011.51,112.597,500000,100000,1,5.0,112.597,498.2193296360503,5.308182085517071,358.5293801660617,2136.8340638001227,127.90438008120248,496619.63942711457,105198.3931454876,1.016965911572134,5.078027580698163,109.46172749629103
478.201,0.5,369.707,2011.51,99.104,500000,100000,1,0.5,99.104,470.292155697344,0.5239877014255833,358.22820528886854,1724.4828500017052,97.98134053211022,515140.4477401018,99161.85737671242,1.0108275795642945,0.5200162743861751,85.56475180840626
478.201,0.727273,368.612,2011.51,103.715,500000,100000,1,0.727273,103.715,497.9802566958944,0.7493248165745613,335.9777637083069,2331.929694316341,127.17588107129625,497223.59400073625,96741.80895012913,0.9314663851039148,0.7286605273568098,110.08079329338982
478.201,0.954545,368.011,2011.51,106.245,500000,100000,1,0.954545,106.245,480.7634380323527,0.9992338082591866,376.6488707580975,1545.109102366105,113.88841142211731,516559.6947684201,102899.10485613464,0.9965762332936892,1.0264962184862303,93.4141830696736
478.201,1.22727,367.57,2011.51,108.103,500000,100000,1,1.22727,108.103,485.1579812458228,1.1730077274427977,391.5152760058693,1799.7131598705057,108.86985163309826,557490.1099216661,100212.91196915063,0.9851192121698124,1.3173912428286745,92.37578943775074
478.201,1.45455,367.324,2011.51,109.14,500000,100000,1,1.45455,109.14,478.5225988905656,1.5480600403278222,400.0140029091053,1969.1091156764985,121.76230606134337,527123.4279620065,101311.46830795104,1.0056964789815923,1.445037145550467,111.48966636471089
478.201,1.68182,367.142,2011.51,109.905,500000,100000,1,1.68182,109.905,467.94722465636255,1.7274699531086433,415.7082144972424,2228.8432613900177,109.11090399085384,491935.7017324212,98764.47521343468,0.941018048619518,1.7775780990253185,119.31291350386545
478.201,1.90909,367.002,2011.51,110.493,500000,100000,1,1.90909,110.493,490.3032548499484,1.879978162513628,366.2951263999563,2096.528912822956,91.17489554158745,518216.4087522697,99236.67469941084,0.985737475073414,1.9723159082209765,129.65613804757967
478.201,2.13636,366.899,2011.51,110.925,500000,100000,1,2.13636,110.925,444.7794011206012,2.377421785572123,358.9336938030405,1886.8545577703007,110.5340851990399,488278.5262487635,100103.69014066758,1.0162600808249949,2.019439948714945,112.7759581434252
478.201,2.40909,366.793,2011.51,111.371,500000,100000,1,2.40909,111.371,496.1544056991248,2.4804114687901646,362.6381613420846,1765.722092516248,112.52593614042496,507752.8849544286,102460.66407978653,0.9738229647596086,2.522403167538968,98.3192979561167
478.201,2.63636,366.722,2011.51,111.673,500000,100000,1,2.63636,111.673,440.9303250096302,2.461719432649069,382.215440552498,2181.681671601557,114.36272698989433,465679.3014995911,95207.24188783523,1.0263021175765232,2.894028198019833,105.36748393453075
478.201,2.86364,366.661,2011.51,111.928,500000,100000,1,2.86364,111.928,467.0407734683005,2.932531430931541,340.1831306310391,2115.288629063368,92.59716564628022,451319.78413410194,102495.51516815736,0.8973513740782335,2.671873933094421,119.74203829418246
478.201,3.09091,366.609,2011.51,112.146,500000,100000,1,3.09091,112.146,460.53870588006527,3.2559424441208016,378.7383642847027,1760.727833121579,96.18317789537149,517462.05059547,111977.91930567316,0.8900923261811655,3.1257188372861773,121.90736990704998
478.201,3.36364,366.556,2011.51,112.37,500000,100000,1,3.36364,112.37,488.18261117088167,3.2081201065303704,292.6110621644526,1960.402964077105,109.5017825386592,525423.4184133711,98647.49119836456,1.0149887234562052,3.2911722409810693,104.44548801396152
478.201,3.59091,366.518,2011.51,112.531,500000,100000,1,3.59091,112.531,446.2604631232082,3.770226861388855,390.99604805904255,1969.8882035390943,100.78595119968148,494072.999543946,93589.743883927,0.9993274474674372,3.581379231968568,102.53507195774534
478.201,3.81818,366.484,2011.51,112.673,500000,100000,1,3.81818,112.673,494.912204616266,3.993115444172004,386.2002628138289,2141.630871573425,111.33093814906287,503989.1238006319,105301.56630706805,0.9820345860394118,4.368506217259332,116.0951836731896
478.201,4.04545,366.454,2011.51,112.799,500000,100000,1,4.04545,112.799,459.64979418434825,4.080921565640456,360.8307688255149,1820.581386535384,104.5606890728989,488280.047713461,90291.7472933928,0.8684505836430682,3.929663566469423,125.06234439186656
478.201,4.27273,366.427,2011.51,112.912,500000,100000,1,4.27273,112.912,492.5369289900535,4.425749812826799,363.6225165381698,1856.6559732952087,104.78207772358572,510330.8057681124,98978.44872910152,0.9797355166414712,4.395466269678905,103.91230349800917
478.201,4.54545,366.399,2011.51,113.032,500000,100000,1,4.54545,113.032,499.96915184840697,4.6734963175099296,320.2524102398145,1738.3055557783812,106.09822675460958,464068.0128107585,102312.40376304238,0.9552987644921273,4.458522690827738,114.44469778663326
478.201,4.77273,366.377,2011.51,113.123,500000,100000,1,4.77273,113.123,509.827886340447,4.261101259185638,359.0430250716672,1842.1147642778235,118.18931285463486,500016.0548738492,108430.13530927584,1.0460273179709705,4.742936651480575,102.80431914989232
478.201,5.0,366.358,2011.51,113.205,500000,100000,1,5.0,113.205,484.867117454127,5.042456668145922,411.68127318440514,2099.855249607557,97.257485020706,522929.0408570469,93643.18716143802,1.0879316108061563,4.965027576344204,116.52264892014162
480.221,0.5,369.56,2011.51,99.7242,500000,100000,1,0.5,99.7242,475.2106533052069,0.4392219709007093,339.0678640774311,2106.280901966464,99.91689896932417,526952.0883812879,99809.95167496726,0.9913298010256676,0.4945693386095189,95.12258086681386
480.221,0.727273,368.47,2011.51,104.313,500000,100000,1,0.727273,104.313,506.203652852894,0.6917066498384945,356.8371975170932,1985.5928021091115,120.19572601396082,498353.3069868088,95617.18756684528,1.007986868137646,0.7332264705553562,126.84004179547736
480.221,0.954545,367.861,2011.51,106.878,500000,100000,1,0.954545,106.878,473.680149470828,0.9534642579399488,331.5365483124885,2025.2137047701467,122.93349059562269,470183.77073123393,97821.53720751642,1.0384217585215556,1.0484663732544282,109.73192368010044
480.221,1.22727,367.427,2011.51,108.705,500000,100000,1,1.22727,108.705,443.9633249569615,1.3199464749253995,354.14118998989653,2227.1638056573206,111.65947875419144,485656.4033936567,97990.9942244876,0.924515009738427,1.2793849594525428,115.00665566357344
480.221,1.45455,367.181,2011.51,109.741,500000,100000,1,1.45455,109.741,451.4463467681702,1.479812871929219,299.4648666457323,2103.8746277851296,124.84068086130404,526527.44877007,103841.47981262192,0.9897937812849116,1.5112497803673723,123.597701165167
480.221,1.68182,366.999,2011.51,110.507,500000,100000,1,1.68182,110.507,467.7891000468749,1.6487925069323182,333.75517498748974,1998.942018938521,121.97822656488935,505654.1476215844,97593.856125291,1.00233454571084,1.6927404744364998,102.64600932580234
480.221,1.90909,366.859,2011.51,111.095,500000,100000,1,1.90909,111.095,474.0994555462909,1.8320219404174285,390.3653576586785,1842.6671688031488,93.22159482839584,477458.4893558431,96121.27753819014,1.005108217902345,1.8518715320649648,103.47010963322596
480.221,2.13636,366.748,2011.51,111.561,500000,100000,1,2.13636,111.561,467.91451784256014,1.9718140580222168,375.0204418648277,1902.975309971421,126.26886222057932,487191.159782613,98016.5987427353,0.9636221968080516,2.050412198847204,108.690697970834
480.221,2.40909,366.642,2011.51,112.007,500000,100000,1,2.40909,112.007,439.3565404599182,2.5024530075471154,321.2923007922698,1618.143263756674,141.36058878523224,525723.6135909143,99554.6258342949,1.0076738734544872,2.3603782931673383,99.18077785507494
480.221,2.63636,366.57,2011.51,112.31,500000,100000,1,2.63636,112.31,427.3668328967963,2.758172767147535,367.6712262992567,1962.4062699749288,107.58879664466268,500776.8260469632,99521.501444578,0.9799932098834402,2.721674886978898,92.99229937631144
480.221,2.86364,366.51,2011.51,112.565,500000,100000,1,2.86364,112.565,484.2445341888929,2.78965655629361,328.2243731194916,1911.7632976901125,121.8216123091303,444900.6579965496,101715.09379357136,1.0149359055202347,3.0146486452138648,111.30275396977248
480.221,3.09091,366.458,2011.51,112.784,500000,100000,1,3.09091,112.784,458.4922523359325,3.0365851894321074,345.56947262554763,1805.9450456626544,113.7292851934371,456607.5026364149,102695.29471851386,0.9725461457868124,2.895436658907232,127.35170684849948
480.221,3.36364,366.404,2011.51,113.007,500000,100000,1,3.36364,113.007,457.9494705962131,3.5261506909219658,359.5007355339101,1738.2642002765597,79.1369819857027,533100.8635315286,101692.09873868724,1.0222866854801271,3.3582448371055382,110.65127799439688
480.221,3.59091,366.366,2011.51,113.168,500000,100000,1,3.59091,113.168,468.482330951336,3.548441518985775,344.1045509365314,2273.44475599954,126.2236019685869,508665.0852485228,97439.09560216503,0.9516524774325424,3.4137230108592926,112.06599828468129
480.221,3.81818,366.332,2011.51,113.31,500000,100000,1,3.81818,113.31,478.59133686044464,3.843700493329106,368.3524879300058,1809.54944498104,141.09930697048026,414510.1103420244,95477.97792089995,1.081577211046468,3.793610065261833,130.1382092212285
480.221,4.04545,366.302,2011.51,113.437,500000,100000,1,4.04545,113.437,494.8373806672458,4.180635433185512,401.26881677586175,1787.5628456379602,88.7619156074298,537285.9399268279,96930.32264883474,1.002979268781797,4.138118025603901,97.75516565069846
480.221,4.27273,366.276,2011.51,113.55,500000,100000,1,4.27273,113.55,520.6682100299053,4.033183752554402,341.4197554691061,1897.595720605106,147.03350862375385,468519.9944052426,105082.71151120338,0.9436212492165296,4.26090776637622,116.97038756949856
480.221,4.54545,366.247,2011.51,113.671,500000,100000,1,4.54545,113.671,427.92570788388673,4.7229518576359535,350.3491765002083,1815.249113025504,107.50836192413944,506267.6433687301,95246.04712538816,0.9994376869100584,4.519470602085558,111.58969132328076
480.221,4.77273,366.225,2011.51,113.761,500000,100000,1,4.77273,113.761,446.34004387643074,4.776966405484882,393.7190413018316,2202.2801627253903,111.15444968218767,512818.5995900244,98238.10587467634,1.02847481618239,4.224321153882123,91.12974327788152
480.221,5.0,366.206,2011.51,113.843,500000,100000,1,5.0,113.843,487.7002225851367,4.821043521531313,336.9362631240305,1723.3044600659114,111.4196835259684,449637.7250014135,103302.29546081046,0.9566368966449385,5.031692557237449,112.58255998994936
482.241,0.5,369.413,2011.51,100.342,500000,100000,1,0.5,100.342,453.6015451468466,0.5031692650285529,407.7983510053692,2033.8232333756253,116.54930187486517,492420.5544293447,101524.45834528437,1.0536583571729297,0.4704547983792751,89.91542376031123
482.241,0.727273,368.322,2011.51,104.937,500000,100000,1,0.727273,104.937,482.3922586555765,0.7442350417414691,426.1382257878026,2012.5333271722373,98.38323492290353,518938.7677325368,93501.67584573496,0.989657859786444,0.7710674228514537,98.11208161060388
482.241,0.954545,367.719,2011.51,107.473,500000,100000,1,0.954545,107.473,469.54524163415584,0.9541665903244662,412.43830953865535,1911.411693986355,118.13512368884852,518410.43434752926,99370.66822807622,1.040437744760396,0.9391882182273362,119.2864381109788
482.241,1.22727,367.277,2011.51,109.334,500000,100000,1,1.22727,109.334,473.0192886647782,1.1761083511941326,397.1655154314753,1926.9408382290285,114.13643720896566,513861.7501728792,100905.32842743794,1.09639881460198,1.2333155305479362,119.83101275777918
482.241,1.45455,367.031,2011.51,110.372,500000,100000,1,1.45455,110.372,453.5378291570299,1.4315202724151157,357.766413710991,2086.642428922945,82.38431083069926,487050.7007113891,94080.81328256418,1.0754633477477171,1.439751664183915,106.36067277267064
482.241,1.68182,366.849,2011.51,111.139,500000,100000,1,1.68182,111.139,505.4827721897839,1.7172200222558536,400.0934385402205,1862.1508681491528,112.47318627735324,460626.8603255554,103622.99311056026,0.9873271173993372,1.682863780014883,128.1409146098289
482.241,1.90909,366.709,2011.51,111.728,500000,100000,1,1.90909,111.728,467.358747448212,1.9650755111128475,374.19523971925446,2094.4877204366567,122.76897646431031,522025.2081593855,104832.42790595297,1.0223785629622462,1.8950095866566936,109.12016472609866
482.241,2.13636,366.598,2011.51,112.194,500000,100000,1,2.13636,112.194,480.8656205327835,2.127585644157997,398.4252785142765,2000.519520978065,143.86836712485191,472721.9586951933,101464.83373756212,1.0063695648676494,2.1305171353249173,119.59993269563977
482.241,2.40909,366.492,2011.51,112.641,500000,100000,1,2.40909,112.641,461.73097071416,2.594512420251605,376.3247318401818,2037.296568894349,116.69408635674918,530961.2724796288,108373.49088325656,0.9974511044858504,2.259323586853079,118.46029961747332
482.241,2.63636,366.42,2011.51,112.944,500000,100000,1,2.63636,112.944,524.8751864027222,2.374169490329092,457.7043213081263,1904.6740728409773,109.7678483282266,482880.3296414843,90899.09604935598,0.8941058160988961,2.6851632993697194,100.55298693361011
482.241,2.86364,366.359,2011.51,113.199,500000,100000,1,2.86364,113.199,523.342209783191,2.828027282693015,308.4202243657894,2105.313408705744,125.93031966664375,463216.3198215277,105265.4804411922,1.04627976231428,2.699738049830779,107.00327541327394
482.241,3.09091,366.307,2011.51,113.418,500000,100000,1,3.09091,113.418,475.5495777463611,3.065320514895055,344.8618767421114,1916.057814125044,107.8033712168179,467125.26511321065,104253.00874425788,0.8998185505548935,3.158542087042308,112.8414053286828
482.241,3.36364,366.254,2011.51,113.642,500000,100000,1,3.36364,113.642,464.2028702850396,3.4620382767898543,443.05790005296313,1884.6106119627427,92.4995029781192,467157.6667210413,106478.18857375887,0.9770010993975884,3.1706686217007416,106.58364430322948
482.241,3.59091,366.215,2011.51,113.803,500000,100000,1,3.59091,113.803,474.3642383223996,3.485125552932512,341.0331513508948,2508.959962577449,120.2812898353154,554850.8567843493,98208.31530578724,0.8961552170508307,3.628428239841103,126.91558264992308
482.241,3.81818,366.181,2011.51,113.946,500000,100000,1,3.81818,113.946,470.1802052242905,4.070747511322939,393.3207180819238,2009.0301705967668,114.62824559943272,532399.5544208771,107452.95327254415,0.9709591514206748,3.67328838212521,99.69256032662524
482.241,4.04545,366.151,2011.51,114.072,500000,100000,1,4.04545,114.072,470.6114310619053,4.370975907943048,328.7018724284094,1673.7558400469752,86.26856691629106,484449.3364742938,98407.84797131026,0.9867630318713606,4.19295817961133,113.61309363046696
482.241,4.27273,366.125,2011.51,114.185,500000,100000,1,4.27273,114.185,483.1279095126388,4.169092793360948,354.1871164442254,1832.538160623596,90.70358813332447,518018.423531717,99990.8403088561,0.9945233997606538,4.397042608967391,112.69428426246986
482.241,4.54545,366.096,2011.51,114.306,500000,100000,1,4.54545,114.306,472.9709565112604,4.570835004184669,414.7595168966749,1908.701931744452,126.64003730860011,502149.3104236039,98717.53626532866,0.971485372174046,4.292410511461546,113.06835415850163
482.241,4.77273,366.074,2011.51,114.397,500000,100000,1,4.77273,114.397,492.6299761904115,4.517327987689,346.8195304325746,2036.65907634533,133.47705845518396,506087.78254758345,98505.4856844678,1.0386455276197482,4.7027236952009295,119.6211500961259
482.241,5.0,366.055,2011.51,114.479,500000,100000,1,5.0,114.479,520.8075232815706,4.961061172854198,365.59994413770914,1929.6901281207536,127.8696350612796,495027.6089577085,92077.20293061614,0.9956368523801772,4.71242623813858,117.3079930480536
484.261,0.5,369.267,2011.51,100.957,500000,100000,1,0.5,100.957,501.2862255319001,0.4978363459829849,374.1839573154348,2198.6010000873225,75.17199191452465,508173.2983394111,101788.95534494249,0.8682100614030995,0.5238440604300478,96.35805482202689
484.261,0.727273,368.174,2011.51,105.558,500000,100000,1,0.727273,105.558,504.6430799888841,0.724838130348188,308.6922246530214,1992.7104565576708,109.12106607220282,476375.9326452832,101289.37162083748,0.989116283207899,0.6873009758404895,111.09566476830564
484.261,0.954545,367.571,2011.51,108.098,500000,100000,1,0.954545,108.098,487.5434037798202,1.002406351734001,376.6008683296277,2206.602574672241,112.31838600171568,483867.2471039405,105611.02094921192,0.9711327462491928,0.9390767859992796,103.93143192643709
484.261,1.22727,367.128,2011.51,109.961,500000,100000,1,1.22727,109.961,496.4784647030318,1.198001091817709,402.6929586471194,2154.019162933665,107.4026438119131,510471.41889423097,96465.52679242325,0.9567894277525184,1.1786082581802926,114.4670406668545
484.261,1.45455,366.881,2011.51,111.001,500000,100000,1,1.45455,111.001,468.2430639753051,1.3873913024408977,365.7230607307753,1887.7905355292503,110.55849496644709,551055.9725240278,101081.42640325396,1.0261231147106675,1.555188099928584,97.9002795292448
484.261,1.68182,366.699,2011.51,111.768,500000,100000,1,1.68182,111.768,511.3465006384927,1.6731478581088106,416.8460326435035,2119.434612397105,121.6350238972977,526577.9367955194,113269.04981083953,1.0912224061278184,1.6799140705891882,100.14470915592132
484.261,1.90909,366.559,2011.51,112.357,500000,100000,1,1.90909,112.357,466.1212675251694,2.010599725112997,407.00869405688826,1828.9654955527683,104.02551975113695,505960.3891083496,96504.09965643166,0.912027591323676,1.885127054203117,119.2147805497417
484.261,2.13636,366.448,2011.51,112.825,500000,100000,1,2.13636,112.825,458.7007482515321,2.2562045076454003,312.59068433900313,2181.545018065006,129.5608171323044,522255.53739264194,102281.75154907382,1.1102754956839482,2.3925170178722164,121.57596029203796
484.261,2.40909,366.342,2011.51,113.272,500000,100000,1,2.40909,113.272,513.8965323573619,2.420993800930432,357.7500860991741,1848.8901922132925,104.30027566589555,506396.257262875,96848.60856714284,0.9554295684677574,2.5383579305542745,110.62403599764056
484.261,2.63636,366.27,2011.51,113.575,500000,100000,1,2.63636,113.575,495.6163896551128,2.6351627242478948,367.9353024563432,2197.8722016477805,104.8951701046357,487649.3081842163,107377.8848460226,0.920301355244166,2.5358382123211247,106.34102453346446
484.261,2.86364,366.209,2011.51,113.831,500000,100000,1,2.86364,113.831,480.08112213995935,2.4546727737669864,342.0830475757218,1788.2882959004628,117.19095275925685,536216.6369954463,103199.71295854072,0.973003644985499,3.044428413821591,97.83147982357352
484.261,3.09091,366.157,2011.51,114.05,500000,100000,1,3.09091,114.05,509.6571999104353,3.2695232898610795,390.6396693062625,1957.1525460295384,111.9880220025635,478399.6289272909,96291.61501690593,0.9711371340415506,3.218779902874128,121.14756621448342
484.261,3.36364,366.103,2011.51,114.274,500000,100000,1,3.36364,114.274,502.3476844304974,2.946120787361544,358.9199983640068,2066.6107518503,93.01699591085077,489519.118975544,104406.1602307849,1.0132763156402813,3.5868085018429885,117.820199998302
484.261,3.59091,366.065,2011.51,114.436,500000,100000,1,3.59091,114.436,490.87403030547375,3.268515726493165,369.8163785525422,1750.5472711428486,135.30915895807718,480451.4037049228,110088.34777109898,1.002645831117579,3.600578127793656,121.05368073179126
484.261,3.81818,366.031,2011.51,114.578,500000,100000,1,3.81818,114.578,475.1923858811767,3.944065736298186,435.26870428425445,2085.390066728025,71.42913534249031,493872.9720227899,99473.73164840796,0.8995442331309209,4.0350071504063765,114.12708657273583
484.261,4.04545,366.001,2011.51,114.705,500000,100000,1,4.04545,114.705,451.6175217902119,4.067215216053406,384.5361872307225,1740.942068401094,114.66580803947222,496661.0351095751,95717.68715896735,0.9180285046525288,3.954607740690142,119.84028227584082
484.261,4.27273,365.974,2011.51,114.818,500000,100000,1,4.27273,114.818,493.731398840566,3.9570239391019584,360.6736902688835,2325.3131349223977,122.86232337848791,511671.9930876065,90933.77197521158,0.9591917224344042,4.2966106720612345,108.42675687533652
484.261,4.54545,365.945,2011.51,114.939,500000,100000,1,4.54545,114.939,521.5569415395779,4.210644453749851,377.4218662788166,1928.5796943628663,142.721328994655,526107.6673600158,90773.82822420224,0.9529397864267574,4.459225412187498,90.42546832004145
484.261,4.77273,365.924,2011.51,115.03,500000,100000,1,4.77273,115.03,511.49904796605466,4.815570812347344,416.0071760117089,2136.307597248556,122.4910610534466,474839.24495537847,92876.5921195392,1.0328411791442649,4.813612883255575,106.45217332320864
484.261,5.0,365.904,2011.51,115.112,500000,100000,1,5.0,115.112,495.3746447122397,4.622612094382511,397.34147498216544,2148.1825844560085,137.05212566481856,488769.8893820393,98593.84268111024,1.0000100014729416,4.897837854714779,131.15643929834735
486.281,0.5,369.122,2011.51,101.569,500000,100000,1,0.5,101.569,481.70503649355567,0.5057633416802835,402.3990126545668,1860.444115096116,86.30813654499023,539582.570853749,102434.187411293,1.0808727709752268,0.4788206570147627,111.902599032217
486.281,0.727273,368.028,2011.51,106.177,500000,100000,1,0.727273,106.177,491.6442791657231,0.7226418103316277,397.2284330800984,2039.370186811361,123.84267703959128,456169.55865678313,92240.5261778843,0.9144650510610028,0.7341934660298604,100.4856838751923
486.281,0.954545,367.423,2011.51,108.72,500000,100000,1,0.954545,108.72,502.3168811281638,0.9202978994372392,332.09567540132394,2160.831011911536,96.16113969925678,491578.4973093278,99588.90355361602,1.010494544202633,0.8761781568438715,119.43420828660427
486.281,1.22727,366.98,2011.51,110.586,500000,100000,1,1.22727,110.586,482.18688057574894,1.2035232558395002,362.0605803944421,1993.1398873274527,106.39547397873078,511627.7552029391,101864.66151235958,0.954562071680458,1.2251255038642357,98.3621242504807
486.281,1.45455,366.733,2011.51,111.626,500000,100000,1,1.45455,111.626,443.0166054337009,1.400339406444226,346.6010070845855,1793.3234484324423,94.573021767494,487062.5113101922,107791.55895793613,1.0773561682939343,1.504142354265497,119.14941736369124
486.281,1.68182,366.55,2011.51,112.394,500000,100000,1,1.68182,112.394,494.2514148334349,1.6560382817572203,385.7014979155152,2221.8961621167145,119.40670070689154,485404.8816819976,96016.16347552212,0.8827939970068673,1.6748915775859978,116.68670445223286
486.281,1.90909,366.41,2011.51,112.985,500000,100000,1,1.90909,112.985,507.3083846386924,1.858728459462788,362.6880222896066,1963.2281586214613,91.01564913225629,475344.8646727229,95795.12663231706,1.0196549210802195,2.156577304426522,121.12422521837874
486.281,2.13636,366.299,2011.51,113.453,500000,100000,1,2.13636,113.453,536.968814202457,2.351160640436792,352.5454757622859,2042.7189749796792,139.82054192382378,494725.6466657772,94139.85379560605,1.0459781037276157,2.1155885356229747,106.22189918116337
486.281,2.40909,366.192,2011.51,113.9,500000,100000,1,2.40909,113.9,417.3985598739549,2.343363352299752,334.90054653311194,2174.60147737486,124.60286700328706,507568.3257902816,111275.23286231243,0.8913268244422234,2.4905539921418973,121.689752362277
486.281,2.63636,366.12,2011.51,114.204,500000,100000,1,2.63636,114.204,524.4098660006489,2.5728416096614346,483.8412800717442,2265.2541478016683,155.3744449661997,523006.116989013,98080.92865090282,0.9571675745261232,2.6429413740966057,112.20175146196652
486.281,2.86364,366.059,2011.51,114.46,500000,100000,1,2.86364,114.46,483.0976634278731,2.935849405286565,372.2332351564902,1804.558569222328,131.851043142561,511751.4816247273,106284.69256337408,0.9425183778742432,3.071355906518584,113.81015384103686
486.281,3.09091,366.007,2011.51,114.679,500000,100000,1,3.09091,114.679,485.2023933526192,3.000698600951605,442.4920304508844,2113.4471057033475,96.86602415391462,502754.3851842863,104024.48313358262,0.9917918596411434,3.1985394686305177,112.75417848822842
486.281,3.36364,365.954,2011.51,114.904,500000,100000,1,3.36364,114.904,450.3315358464644,3.383244245294517,355.710560610597,2098.960503834449,111.43935156696384,514383.8079936196,99534.37696334296,1.0356230701329563,3.4327186837917845,86.58283371847298
486.281,3.59091,365.915,2011.51,115.065,500000,100000,1,3.59091,115.065,444.2113054578671,3.8053139263090894,322.6470900233724,2108.1237549276966,119.56191682117148,507081.2258634028,112167.84643992364,1.0238836573321142,3.500235046075419,124.14321407613272
486.281,3.81818,365.881,2011.51,115.208,500000,100000,1,3.81818,115.208,554.9519152061777,3.446217007658272,387.5527646819697,2058.5360797468275,120.9008488347587,513569.9874627622,99788.6066765346,1.0592756592477408,3.966451860179424,115.44932722135702
486.281,4.04545,365.851,2011.51,115.335,500000,100000,1,4.04545,115.335,495.0277114281815,3.89709825794496,391.713090626964,1887.7291737574803,148.32985967166118,463446.1231301969,95143.6111207579,1.0388153139547966,3.7857090027399978,106.44621655683244
486.281,4.27273,365.824,2011.51,115.448,500000,100000,1,4.27273,115.448,487.4438272165108,4.78126770673347,458.54328423777713,2172.680234486327,113.1896538623704,541101.3830647081,95463.69774695672,0.9582106269103464,4.284746887449707,107.31603854529384
486.281,4.54545,365.796,2011.51,115.569,500000,100000,1,4.54545,115.569,482.1899389911132,4.4287880509789606,365.2024517760804,2104.658370762843,131.08746954167742,475997.8563726506,90697.03485823909,1.015338366920616,4.635726368764973,114.33928242176547
486.281,4.77273,365.774,2011.51,115.66,500000,100000,1,4.77273,115.66,527.8830400181052,4.704101925563139,342.0773880116773,1741.4520582822852,114.72068754251173,479443.2037854851,102424.06664819352,0.9976172038948126,4.700813619869419,127.33730973019864
486.281,5.0,365.754,2011.51,115.742,500000,100000,1,5.0,115.742,501.1804247303932,4.745490582019296,369.33088329954273,2018.0641172140624,113.8620101304943,488830.61495431286,98248.15914706384,1.006301185141292,5.112561698306768,94.60432217440491
488.302,0.5,368.977,2011.51,102.179,500000,100000,1,0.5,102.179,487.6795583011795,0.5079539831852471,384.8345105781633,2217.3141100416133,100.59971246051612,460479.53839747095,99388.20668556423,0.9981104979957046,0.5315228305629729,99.08495462216784
488.302,0.727273,367.881,2011.51,106.793,500000,100000,1,0.727273,106.793,437.37716902489046,0.777856381698068,322.9521715068778,1752.009501694026,82.11354934786665,537224.873942909,99324.88401706846,1.133817625206139,0.7740633668466572,91.70837238168338
488.302,0.954545,367.276,2011.51,109.34,500000,100000,1,0.954545,109.34,490.4265160704282,1.030489329991762,332.022660365773,1879.577316167828,127.59031609397076,495757.39921412815,103787.9860886822,1.019462544822444,0.9377233193077952,101.75282850444344
488.302,1.22727,366.832,2011.51,111.208,500000,100000,1,1.22727,111.208,499.30089814561313,1.2759704848376254,451.5870396667892,2142.2945086845134,86.31320303654554,495266.6488662456,100379.08659761444,1.0264314930613556,1.2151238855234108,105.22083098044686
488.302,1.45455,366.585,2011.51,112.249,500000,100000,1,1.45455,112.249,530.3485889284968,1.4980027127999769,349.35832771827586,1953.364317985437,111.3694023703539,493056.9495691226,101370.9201275986,1.0155160372453915,1.3958752602634696,108.27937469175689
488.302,1.68182,366.402,2011.51,113.018,500000,100000,1,1.68182,113.018,434.3866040203096,1.7971056294620325,373.4025431975504,2281.5499577903565,119.54640843620736,455156.7431125942,100119.79309511743,1.044290231077743,1.7893937598077438,107.61858803476972
488.302,1.90909,366.261,2011.51,113.61,500000,100000,1,1.90909,113.61,489.3528471658993,1.7758136464878695,413.16140364465554,2040.0038882261897,81.33814627907492,464374.7056387071,104978.8470161081,1.039066046288251,1.8401087661432007,123.98868544512554
488.302,2.13636,366.15,2011.51,114.078,500000,100000,1,2.13636,114.078,502.44680907413766,2.182617148069716,333.38971737555414,2032.660420983525,136.49013719345916,536901.0263783818,101082.07697959268,0.9321129960296176,2.1962953358233293,119.3598584455398
488.302,2.40909,366.044,2011.51,114.526,500000,100000,1,2.40909,114.526,488.8004871792201,2.4832930687343464,385.1531636269158,1847.862104531372,118.51567678258628,450086.1927504484,97687.1823371516,1.0686426952823604,2.402971201599031,110.37259431193092
488.302,2.63636,365.971,2011.51,114.83,500000,100000,1,2.63636,114.83,493.24069638011287,2.760003913131204,359.4297031598955,2287.5362147554906,107.39767337394352,516981.08772287576,107445.62739169692,1.125617745545472,2.6676897020256782,116.06385781803384
488.302,2.86364,365.91,2011.51,115.087,500000,100000,1,2.86364,115.087,522.26272921784,2.936885543684838,343.4176285493265,2042.08257016922,104.36648966089516,500637.7851006212,105477.80831533688,1.008665558295397,2.6655864962308566,135.81080901468926
488.302,3.09091,365.858,2011.51,115.306,500000,100000,1,3.09091,115.306,480.210069927025,3.2434095675546915,394.7262987157984,1875.8327167301693,99.17790918966084,497888.8227750187,110345.00433448222,1.0545907065384086,2.9608933157542685,104.97783880367648
488.302,3.36364,365.805,2011.51,115.531,500000,100000,1,3.36364,115.531,454.0032538323155,3.3038434497458047,372.37756543229233,1978.1079948959125,139.8692602317846,482696.44949919183,101881.54679240088,1.0151152757635062,3.277825580896436,98.21073132668003
488.302,3.59091,365.766,2011.51,115.693,500000,100000,1,3.59091,115.693,493.3089349149474,3.575063272850289,419.1145353224573,1960.7403184782213,101.91317094362242,502534.94473157707,93967.98114954172,0.9984780422359032,3.425827611514816,121.79748303858902
488.302,3.81818,365.732,2011.51,115.835,500000,100000,1,3.81818,115.835,467.8887382624208,3.9300511026239695,349.6208856905397,2042.508335931538,126.78175186927658,525492.1535848591,106842.03232083906,1.0424831001918224,3.5136611800926256,101.24904977951148
488.302,4.04545,365.702,2011.51,115.962,500000,100000,1,4.04545,115.962,489.0146890726373,3.848229986915024,455.8027700430652,1958.6067424262048,138.85425133054616,521577.7741665554,96713.06691707949,1.0388982397844682,4.173132739625676,108.8909074039028
488.302,4.27273,365.675,2011.51,116.076,500000,100000,1,4.27273,116.076,539.5302871232063,4.098244966819144,407.2378357558016,2021.357352124597,151.4855274894315,474407.245049759,100807.78904582714,0.9842528987264983,4.0946636542645205,104.34875738942462
488.302,4.54545,365.646,2011.51,116.197,500000,100000,1,4.54545,116.197,490.6121822677069,4.283345677405662,379.0891780061128,2503.5130618440307,118.30212694466005,522560.504159341,104317.19577011258,1.0240555832794924,4.872855479876997,130.14177090062304
488.302,4.77273,365.625,2011.51,116.288,500000,100000,1,4.77273,116.288,481.3476776813304,4.700217094710626,314.84186227175707,1875.9219751690189,125.50078764061416,497947.4352494072,95015.36749370488,0.954113375480598,4.99840809358092,122.97001425030068
488.302,5.0,365.605,2011.51,116.37,500000,100000,1,5.0,116.37,472.4476929926452,5.369028718641442,323.9936433404415,2298.257926994964,75.67009328599653,495695.4058262731,98447.27563194543,1.0059602240200451,4.928057334574385,118.73219875250024
490.322,0.5,368.833,2011.51,102.787,500000,100000,1,0.5,102.787,497.55995133295295,0.463094237992265,369.0991921643038,2180.331403763611,90.0753421769424,513498.94961406896,100756.9347620922,0.9341950243758362,0.5116172722862539,108.61752015529127
490.322,0.727273,367.735,2011.51,107.407,500000,100000,1,0.727273,107.407,493.6744944823043,0.7642611671131085,343.82747962153167,2166.398646751861,106.7071537517556,508284.1477849828,108727.17504221982,0.9411824030473032,0.714503900273231,130.71054819216826
490.322,0.954545,367.129,2011.51,109.957,500000,100000,1,0.954545,109.957,517.3685923182247,0.8687722748891488,409.9820258169627,2211.2732231668497,108.75980047291289,486686.7864721338,104081.39289694704,0.9617784561467358,0.9164329777694608,122.89389767161052
490.322,1.22727,366.685,2011.51,111.827,500000,100000,1,1.22727,111.827,470.3473603591776,1.347610223178664,371.0875629606296,1921.493674859736,135.70294948739277,482687.3356059112,103287.98123387968,1.025439369872074,1.329969793754606,121.6537082152869
490.322,1.45455,366.437,2011.51,112.87,500000,100000,1,1.45455,112.87,496.9068670922401,1.5118064476397468,436.98084526954,2023.9758452258243,142.187707673563,548953.9872599123,96753.23057597395,1.002808750560204,1.569416910148624,114.87665258682708
490.322,1.68182,366.254,2011.51,113.64,500000,100000,1,1.68182,113.64,487.6491709338337,1.5863501185943505,348.92245093852887,2041.4012584453808,129.50640675633156,530827.3340677907,103955.4377014114,0.8998798848130539,1.667233974001441,117.09051862239608
490.322,1.90909,366.113,2011.51,114.232,500000,100000,1,1.90909,114.232,487.3893933270128,2.045788347096408,421.4984307141966,2146.342343899914,88.01721655079308,495240.2629522387,89109.59545898577,1.062656090729327,1.9385263056645248,128.36676195441018
490.322,2.13636,366.002,2011.51,114.701,500000,100000,1,2.13636,114.701,443.62680474753137,2.1439296572554354,268.2405978550739,2083.6468132195405,125.09528676015336,521057.9260269425,104368.11222531593,1.0246510693724016,2.2574044111255938,100.37284115912436
490.322,2.40909,365.895,2011.51,115.149,500000,100000,1,2.40909,115.149,453.7069649253681,2.328574233509717,426.4320324564492,2221.48661575801,127.6942352760304,467010.379494743,104627.2645263774,0.9160410614817353,2.623764661399539,137.01793661670013
490.322,2.63636,365.823,2011.51,115.454,500000,100000,1,2.63636,115.454,465.9442917754869,2.843259432449039,382.2770826644257,2307.4630011828303,136.9752525947875,504359.5099645636,101426.63630732504,1.014143660247561,2.6003819185591057,108.43397862257844
490.322,2.86364,365.762,2011.51,115.711,500000,100000,1,2.86364,115.711,505.33399779170696,2.704730962247356,347.1001583018145,2190.795578826333,126.47638879120704,512162.8604001008,100109.44158841867,1.1234650921930385,2.654644407912811,126.9943079680747
490.322,3.09091,365.71,2011.51,115.93,500000,100000,1,3.09091,115.93,477.6209681116476,3.4112207777814136,394.70128317839885,1801.1391227804727,126.20855916720704,518535.885790091,101942.80764206946,1.1123056082072391,3.2092606960233034,118.8679792265443
490.322,3.36364,365.656,2011.51,116.155,500000,100000,1,3.36364,116.155,446.3420505968745,3.025726145011093,345.5396217049518,1995.048202196264,153.2598432425326,493048.9403287255,104459.56099469934,1.1046020193330532,3.3444886556248137,127.05118312384322
490.322,3.59091,365.618,2011.51,116.317,500000,100000,1,3.59091,116.317,474.301638302121,3.6022245370758914,379.93046387154624,2179.100949315082,95.17157740992332,489792.7114219127,102669.0954902983,1.0194582043658027,3.2748831503295057,111.2539857083906
490.322,3.81818,365.584,2011.51,116.46,500000,100000,1,3.81818,116.46,467.9965339781253,3.8563584017937766,344.96981855624904,1922.6521776249008,96.44642487981756,517076.54965616943,100712.11972955176,1.016471444866424,3.7620601065885646,113.51258328347448
490.322,4.04545,365.554,2011.51,116.587,500000,100000,1,4.04545,116.587,470.28234043588463,3.9414275294479775,404.1574069685005,2237.298231143548,109.54104145619026,520133.7278511446,91620.32029459094,1.0227178777700827,3.7154404176273887,114.11510741472529
490.322,4.27273,365.527,2011.51,116.701,500000,100000,1,4.27273,116.701,453.5361668730649,4.506032895905846,393.57116220514416,1663.8587224442103,134.772399943171,476759.6583514525,97276.81768819428,1.0036613064706352,4.517133800515875,116.18877962543668
490.322,4.54545,365.498,2011.51,116.822,500000,100000,1,4.54545,116.822,481.7222864336517,4.925302821077056,315.9988644013357,2036.3277614462445,96.77226523403644,490782.5331744368,92482.26977150088,0.940289039824316,4.691964887290808,117.35229906288664
490.322,4.77273,365.476,2011.51,116.913,500000,100000,1,4.77273,116.913,501.3778450504436,4.586583230890149,391.6226662137708,2121.1886580391883,116.9393635846214,520960.9536611756,94502.7848872073,1.0406290912953655,4.502765125365111,124.2457003011056
490.322,5.0,365.457,2011.51,116.996,500000,100000,1,5.0,116.996,517.0888088732879,4.739019754937754,451.9988837972351,2285.940576205672,96.68792406842807,467245.7623956416,107739.96804347094,0.9496263178581424,4.782066538678661,80.87147746675214
492.342,0.5,368.689,2011.51,103.392,500000,100000,1,0.5,103.392,490.6133783384847,0.513995294048269,350.12411287119613,2453.490645480772,112.1235769908106,505001.4782148216,100254.6233368788,1.0019662184816225,0.4774740946430612,96.96319953036736
492.342,0.727273,367.59,2011.51,108.018,500000,100000,1,0.727273,108.018,482.7914275639083,0.6979174337185623,314.3774255986582,1841.7456384005493,82.75632547823913,481508.5433950741,99043.03282172854,1.0766113362631906,0.6840238851266738,118.45451309253131
492.342,0.954545,366.983,2011.51,110.571,500000,100000,1,0.954545,110.571,504.7917397147261,0.9083614197329668,370.43393927266646,1840.4976376726968,122.99422899541317,453628.8742573499,100953.50207679487,0.9390342832984384,0.948690873062964,119.53447356506848
492.342,1.22727,366.538,2011.51,112.444,500000,100000,1,1.22727,112.444,511.9827705009943,1.129690294735485,366.8290503427892,2113.7178136476464,82.0749942338467,533013.2519823097,108977.09741268693,0.9888693019975392,1.2538581567649212,119.51353352886528
492.342,1.45455,366.29,2011.51,113.488,500000,100000,1,1.45455,113.488,496.3127269716818,1.414517011428995,415.1372191303032,2032.919272401236,133.92312486021365,513668.82695600577,107391.21296274444,0.9396331497221968,1.412154008787733,123.21966522566848
492.342,1.68182,366.107,2011.51,114.259,500000,100000,1,1.68182,114.259,508.8942755629132,1.6008825104727993,335.16370540464794,1826.1858110756573,126.26229177666644,530582.1131695278,101270.71882617056,0.9456990690217092,1.6993313167083417,110.887288709059
492.342,1.90909,365.966,2011.51,114.852,500000,100000,1,1.90909,114.852,472.74520951531736,1.9051269230025007,323.3452236565601,2052.112055172711,142.10476323018847,494081.17896223866,102797.64936386286,1.0401528240315816,1.990922590520929,117.5138612931196
492.342,2.13636,365.855,2011.51,115.321,500000,100000,1,2.13636,115.321,522.5480333790118,2.001844567739278,367.61679502889785,2053.735934173359,105.46011587589508,497150.8021941442,105303.51001985293,1.015714680185488,2.0035653585882938,125.35691090471056
492.342,2.40909,365.748,2011.51,115.77,500000,100000,1,2.40909,115.77,492.3693236193615,2.364242578879844,338.5733660573489,2188.9828531871594,114.83421787697894,489845.1235776765,103530.06172772776,0.967427126984758,2.403892655425776,92.03093825952624
492.342,2.63636,365.675,2011.51,116.075,500000,100000,1,2.63636,116.075,521.0434835707748,2.695071311706561,311.1917598402661,1764.3647527692735,125.15092806884368,503603.0424852234,102845.18816001642,0.9731808527575,2.728011726798297,103.30217499763984
492.342,2.86364,365.614,2011.51,116.332,500000,100000,1,2.86364,116.332,474.70203877811497,2.7411431212575743,297.8068871405188,1786.823948980253,109.42078241731534,501716.9147941614,101967.63577316272,0.908735260309843,2.8469368631481227,121.96003191169326
492.342,3.09091,365.562,2011.51,116.552,500000,100000,1,3.09091,116.552,507.1757787148496,3.2198164899361275,381.37047683329325,2133.6035705291574,128.4897620683774,528262.771711593,99779.8319249891,1.0963853003434092,3.232114623625882,99.28586519175587
492.342,3.36364,365.508,2011.51,116.777,500000,100000,1,3.36364,116.777,458.4809108803973,3.3892063175483136,389.7738248733146,1566.3583892841543,135.7618941654077,488148.2735806438,100403.81598509612,0.9777311466315,3.60101661221688,128.16638022856367
492.342,3.59091,365.47,2011.51,116.939,500000,100000,1,3.59091,116.939,500.66148567194347,3.4985860082071185,295.56734246163467,2618.91624923444,146.18163124773764,509835.03006879176,107901.91126638732,0.9506018058512704,3.763875537253945,134.77452265069044
492.342,3.81818,365.436,2011.51,117.082,500000,100000,1,3.81818,117.082,439.3233990919182,4.342947302238975,372.8967253056612,1760.7708765454504,156.55423910643992,524295.9198315477,99178.45627524029,1.0232318285976123,3.776777671551218,129.75592897677157
492.342,4.04545,365.406,2011.51,117.209,500000,100000,1,4.04545,117.209,498.2466021153467,3.700125130013228,311.20646112761955,2400.461251296704,102.15595012491796,560571.3104980263,92524.5731977818,1.0887448699014046,4.138061485900656,101.75100859663068
492.342,4.27273,365.379,2011.51,117.323,500000,100000,1,4.27273,117.323,502.0143911805165,4.196559523443256,422.2695023847452,2058.739713797449,92.22100927683132,474847.6377718377,93279.82639361775,0.9965947208272736,4.121047407712125,117.83342202682492
492.342,4.54545,365.35,2011.51,117.445,500000,100000,1,4.54545,117.445,482.64319046917,4.503876564661525,361.5866072587927,1832.200606651833,99.70038909001048,534026.5467674525,106138.81913432069,1.006890544826737,4.460378305415611,106.5782750402788
492.342,4.77273,365.328,2011.51,117.536,500000,100000,1,4.77273,117.536,513.5995610989766,4.703207549720364,337.847674044784,1563.1387510763402,88.06356156296621,506488.3715777422,109919.53997372772,0.962737605434159,5.043043408192665,131.63216717372742
492.342,5.0,365.308,2011.51,117.619,500000,100000,1,5.0,117.619,463.53308282256,5.1413000542711496,354.2318217555493,2028.169907380497,112.89817615859464,521664.1981997957,100844.71921332076,1.0675830768871557,5.048226307807825,125.01994738555314
494.362,0.5,368.546,2011.51,103.995,500000,100000,1,0.5,103.995,466.82402557905874,0.5219826823177244,363.336852699512,2125.4812985883973,111.98228797992913,514291.8489468956,95153.49892459654,0.9867871892501748,0.4611087238593589,109.35134572978755
494.362,0.727273,367.445,2011.51,108.627,500000,100000,1,0.727273,108.627,515.0548683085879,0.7933990021929358,370.2801330728229,1940.02498245264,90.58196974660386,517556.12669308274,106194.91025569737,1.0487986358728505,0.641847672990758,85.64955816570335
494.362,0.954545,366.838,2011.51,111.183,500000,100000,1,0.954545,111.183,492.9105426107851,1.0268707195012907,403.6990288659378,1785.0981075729687,84.91601466244038,504627.8494562446,101369.71632210397,0.9601555802294712,0.8819950569552626,98.99565428092892
494.362,1.22727,366.392,2011.51,113.058,500000,100000,1,1.22727,113.058,548.2119176729433,1.156773149319952,424.1484794100624,2012.649637970764,102.6935883779726,456527.10183095065,100170.50955663518,1.0799918984746282,1.3048570004854885,113.29689967920672
494.362,1.45455,366.144,2011.51,114.104,500000,100000,1,1.45455,114.104,504.2301623958936,1.6345733844575805,402.2319183692715,1924.704130102156,112.98508120401247,540209.2648724343,92160.23456378882,1.033983696493555,1.3642587427095942,106.89257111011162
494.362,1.68182,365.96,2011.51,114.876,500000,100000,1,1.68182,114.876,520.8478380472857,1.7100259142605148,389.7814936570081,2159.324845443183,112.350744928921,490782.4730495984,104054.79629858553,0.9337158712088288,1.5571014950717712,104.71758903079504
494.362,1.90909,365.819,2011.51,115.469,500000,100000,1,1.90909,115.469,483.8609762687265,1.796549509808486,420.6300830622965,2099.8674855484123,114.10427510888452,497739.2196802688,109233.44791177896,1.080771934379783,1.869594518220944,118.82074744458411
494.362,2.13636,365.708,2011.51,115.939,500000,100000,1,2.13636,115.939,515.6824361070662,2.187056241850727,322.9594958287704,1570.472581356205,97.85638364032368,479434.5690225202,99235.57482662173,0.9718662668613054,2.3625766723217647,107.16378666017997
494.362,2.40909,365.601,2011.51,116.388,500000,100000,1,2.40909,116.388,548.7916003911289,2.302399161093461,409.781541039116,1971.912401712343,129.86271390933177,501923.92447582056,101939.46281042216,0.9134776927025512,2.4834122187834646,128.33288486784642
494.362,2.63636,365.528,2011.51,116.694,500000,100000,1,2.63636,116.694,532.251716891954,2.462812403041193,392.3162669246797,1962.3406599995387,104.8252642558596,505325.0380523711,99521.24424892208,1.0867986430972458,2.742296108379197,112.53766934094664
494.362,2.86364,365.467,2011.51,116.951,500000,100000,1,2.86364,116.951,485.3860756408108,2.64206140457778,344.4616751486136,1849.657268274325,131.63477509253366,456943.027161536,103085.54439594947,0.9728449710238728,2.895926755353907,124.33277792913252
494.362,3.09091,365.415,2011.51,117.171,500000,100000,1,3.09091,117.171,519.7136771539139,3.2052857810671065,353.86558492191017,2257.380457770508,119.7672886918878,492895.7443795866,101497.27161074056,0.9570235887478916,3.239243789667156,103.50381520535036
494.362,3.36364,365.361,2011.51,117.397,500000,100000,1,3.36364,117.397,553.3880245419309,3.0239247762140407,388.5662111532856,1937.3561951149632,121.31486448745048,484022.63762421405,99981.55542391544,1.0427605168523686,3.336052196114623,139.9795840626661
494.362,3.59091,365.323,2011.51,117.559,500000,100000,1,3.59091,117.559,515.7972251890174,3.273426244054801,405.26094684266224,1990.0393014598887,146.71148034645836,501707.6345075235,102467.87987942496,1.0150213353040378,3.289569601096672,93.614032822645
494.362,3.81818,365.289,2011.51,117.702,500000,100000,1,3.81818,117.702,505.55327678626696,3.932899849287129,373.2708417599201,1723.0060787220057,80.68784913809336,494659.8778606539,99945.17662797635,0.9638792852201392,3.5941565625574023,109.27911654199976
494.362,4.04545,365.258,2011.51,117.829,500000,100000,1,4.04545,117.829,461.3245661523658,4.031195134027872,312.9947455350025,2078.898296516966,97.44804429171886,556386.195459234,93782.49883751493,0.9398580830256956,4.168736051570767,139.8244580163718
494.362,4.27273,365.231,2011.51,117.943,500000,100000,1,4.27273,117.943,497.6731966470204,4.502415033889841,398.0835270795496,1862.4151697776044,100.485718369553,488023.5596107024,100265.03910763096,1.024099211373109,4.237959378659824,117.21713275667967
494.362,4.54545,365.202,2011.51,118.065,500000,100000,1,4.54545,118.065,493.3650223739383,4.134708976749222,422.7970879263525,2239.045150683108,112.51329887328023,448387.9884612904,104554.3670287838,0.9622220868887276,4.560235969521494,128.3011843763671
494.362,4.77273,365.181,2011.51,118.156,500000,100000,1,4.77273,118.156,496.145490923084,4.9481125486201405,405.85105015283216,1915.7361055197669,136.82844239504664,477236.1108486904,99202.58894681749,0.953780783484074,4.680939729359992,102.585978258927
494.362,5.0,365.161,2011.51,118.239,500000,100000,1,5.0,118.239,476.6128028720454,5.132067484728776,315.78990262554845,1986.3827264599176,105.5748518903381,457772.80339761183,101602.44452045656,1.000895121107094,5.085229774345109,133.87957193148208
496.382,0.5,368.403,2011.51,104.595,500000,100000,1,0.5,104.595,481.7919355828578,0.4919313861819164,354.5287682517708,1858.143590358804,106.90321565223644,494790.5437106551,95439.40286816012,1.0578439219454925,0.523696674366784,105.70443382991289
496.382,0.727273,367.301,2011.51,109.233,500000,100000,1,0.727273,109.233,522.7610720927607,0.8080440628081176,411.02961594991086,1981.7072383907173,117.79957392656172,532987.3177785252,102066.92514509863,0.9803597211823756,0.6976465750764289,116.735932177196
496.382,0.954545,366.693,2011.51,111.793,500000,100000,1,0.954545,111.793,522.2175457349048,0.9461127836815404,366.2035944794101,1975.994724922828,114.43249503486253,524907.8643933894,108550.77928479172,1.0244575295100005,1.0081274064480956,123.0872194587732
496.382,1.22727,366.247,2011.51,113.67,500000,100000,1,1.22727,113.67,516.7919985722089,1.27923590966962,360.4037019878104,2121.385352761416,104.85854148969058,479325.0956760026,99757.68616943836,0.9748311545794064,1.2805509618126412,121.77610817379492
496.382,1.45455,365.998,2011.51,114.717,500000,100000,1,1.45455,114.717,500.0491686413545,1.3664211276898173,433.900295357673,2205.5285019780144,113.13260750139786,493706.6226708184,90565.43661585188,1.0571194612934465,1.5006960324404424,102.7469144445944
496.382,1.68182,365.814,2011.51,115.49,500000,100000,1,1.68182,115.49,525.4652731269279,1.793967000305355,326.05432358954926,1821.6654782499256,128.8177586802072,512529.4251568701,99552.00398631988,0.998218221554782,1.6946263499650185,118.97482811133516
496.382,1.90909,365.673,2011.51,116.084,500000,100000,1,1.90909,116.084,482.7958379516967,1.7984779872409726,318.33952000569786,1890.5956905088285,134.194673871071,483996.6470000134,96579.9506963986,1.0190287472795423,1.7394769015314735,106.65936716641654
496.382,2.13636,365.561,2011.51,116.554,500000,100000,1,2.13636,116.554,523.4324601701712,2.0765788597126176,376.24461562093103,2054.8641438124628,113.05838195254262,490991.5479865409,104356.50786608044,0.9938129682280256,2.210960030023359,137.19891497149032
496.382,2.40909,365.454,2011.51,117.004,500000,100000,1,2.40909,117.004,495.9707869797739,2.3008627776610204,388.4887818393032,2187.3660128371425,142.7061957672801,478662.9153598903,95598.34104471756,0.9609396306377158,2.49966417726582,89.87827822318056
496.382,2.63636,365.382,2011.51,117.31,500000,100000,1,2.63636,117.31,487.1547795350974,2.8250753925261893,298.34579011350576,2015.132412369451,133.07499818045005,534187.2248170188,101902.469856551,0.9777984232694872,2.7326814976105265,131.20150012123827
496.382,2.86364,365.321,2011.51,117.568,500000,100000,1,2.86364,117.568,477.1960983343996,2.793453485664364,377.4791431803728,1901.0293715078567,143.98030021071136,440650.7829926802,110974.69536087614,0.9382073173920248,2.908057707961147,113.13959136145944
496.382,3.09091,365.268,2011.51,117.788,500000,100000,1,3.09091,117.788,473.5975931072764,3.2010487100860843,370.6485880895826,1619.9497293917775,67.5280997375753,526703.4631886152,92740.89707188823,0.9130225549915956,3.154362058441722,120.69580465990262
496.382,3.36364,365.214,2011.51,118.014,500000,100000,1,3.36364,118.014,458.34627563553687,3.4924073889344727,330.6884918327171,2095.571910490832,148.87845026915352,523856.1043159677,110148.83221278797,1.0146500565607872,3.294818887260626,125.44084939281456
496.382,3.59091,365.176,2011.51,118.176,500000,100000,1,3.59091,118.176,492.3624272028515,3.89413042492808,370.92639880387566,1986.129571129572,118.59093217824,506929.9341750252,100613.4710896614,1.0245336973253507,3.388497640734228,131.34368477699107
496.382,3.81818,365.142,2011.51,118.32,500000,100000,1,3.81818,118.32,463.6085411787862,3.6693747960751377,376.8948395164114,2094.7036982026534,113.73978115722532,512156.8564966768,94142.34674307524,1.052482433418751,4.024092369620883,126.68205180782633
496.382,4.04545,365.111,2011.51,118.447,500000,100000,1,4.04545,118.447,535.8791248675418,4.162666658401326,397.228390641037,1998.870782571278,137.32012209416803,489072.5004991922,112890.3626009246,0.9605075478311478,4.09951616831273,114.02796249535844
496.382,4.27273,365.084,2011.51,118.561,500000,100000,1,4.27273,118.561,544.8516518077454,4.11122608467698,434.0840963412954,2017.322961835555,110.21826675581926,557087.819266346,97638.39392272178,0.9984657625043688,4.571837441498346,135.8458209163576
496.382,4.54545,365.055,2011.51,118.683,500000,100000,1,4.54545,118.683,528.1150849506041,4.712624127894471,354.9831911683826,1885.9437766174467,120.42362997345742,514326.1631358899,104987.79991653892,1.0582539216080895,4.402348656703181,115.54945251595736
496.382,4.77273,365.034,2011.51,118.774,500000,100000,1,4.77273,118.774,429.0573975175324,5.2091067324406986,389.69239988837353,2342.9848504684564,113.71818213695737,491945.51965384727,103324.34615940214,0.968202903801942,4.444913345741393,118.71820010274564
496.382,5.0,365.014,2011.51,118.857,500000,100000,1,5.0,118.857,487.4906969602758,5.044559935976264,278.7058786787441,1720.1537789803492,78.3424809391397,521386.8995301485,102327.63752169942,1.0149368991969452,5.157845900140734,125.89450394058962
498.403,0.5,368.261,2011.51,105.194,500000,100000,1,0.5,105.194,484.640566758166,0.5350194319048913,423.2634009894728,1837.310004419703,100.81536879338265,533194.9925581673,105036.2804816759,1.0223982517586885,0.4823471275223773,107.54057844504608
498.403,0.727273,367.158,2011.51,109.838,500000,100000,1,0.727273,109.838,537.8295867599976,0.7062831391694555,412.0446866102571,1913.3761200616648,98.00489142959692,486808.53040104936,96315.06949151072,0.9703368872879612,0.7084096405663549,112.92955896102656
498.403,0.954545,366.549,2011.51,112.4,500000,100000,1,0.954545,112.4,522.9207479805167,1.0227964178796474,337.8302398749352,2079.111661906465,117.59776270047996,549793.6638107963,90560.73518398676,0.9826523869852988,0.9781066625945408,121.30102866346068
498.403,1.22727,366.102,2011.51,114.28,500000,100000,1,1.22727,114.28,498.7076126600383,1.1408147252607916,349.4959762546902,1738.7353157029954,104.09479129195564,460737.9344376546,96294.04293222488,1.002795299924658,1.2812226566982814,101.90361535250568
498.403,1.45455,365.853,2011.51,115.328,500000,100000,1,1.45455,115.328,497.5986549574287,1.4423946104390473,337.0550056585598,2560.985939597636,154.73540123646467,467954.1796747508,102400.26676070376,1.0386516181074388,1.4125376740159383,96.36213312181982
498.403,1.68182,365.669,2011.51,116.102,500000,100000,1,1.68182,116.102,462.8664146186408,1.834868547440427,397.794212212494,1662.9449607849274,113.17225899214468,488520.156136475,107899.07423854974,0.9243213160422457,1.64452144639203,95.05420751653074
498.403,1.90909,365.528,2011.51,116.696,500000,100000,1,1.90909,116.696,489.3426989547232,1.844304636421352,403.7091021615522,1872.0698651126888,90.719578705613,492137.2819446335,101057.18509942536,0.9845829445502476,1.7869420033384675,125.4397779378195
498.403,2.13636,365.416,2011.51,117.167,500000,100000,1,2.13636,117.167,482.6683536048981,2.1415638182594874,387.497664681676,2215.0432514166823,99.81862248398302,477596.7415223505,102551.25143485412,1.0971014960722494,2.110124158675005,115.12177563557948
498.403,2.40909,365.309,2011.51,117.618,500000,100000,1,2.40909,117.618,531.6103824569352,2.3923989062074766,319.69912355888044,1660.9569467141866,120.35888757821805,501039.7123198647,100101.20941598524,0.826248130817864,2.3465434034857595,122.4336517141938
498.403,2.63636,365.236,2011.51,117.924,500000,100000,1,2.63636,117.924,514.4092431216637,2.5269201310592457,357.567739870719,1856.612404755316,116.73912437148174,480105.3296095498,103549.58838182504,0.97534291940058,3.0150021041009043,127.24755809079656
498.403,2.86364,365.175,2011.51,118.182,500000,100000,1,2.86364,118.182,564.1394089485871,2.8990474767190406,421.8914687252485,1938.003063682467,129.48189904129794,476203.3387327708,96360.2367445711,1.0402785198487363,2.767195121658041,109.4186847252362
498.403,3.09091,365.122,2011.51,118.403,500000,100000,1,3.09091,118.403,464.88017322199903,2.6937052620308752,354.64763641985843,2060.7126780618864,118.91038834076626,485080.0177615688,97687.20749498707,0.9362144576395424,2.9979111604359434,129.95029908957585
498.403,3.36364,365.068,2011.51,118.629,500000,100000,1,3.36364,118.629,506.085684469689,3.3496505102223204,404.7797944510922,1987.4525063572587,84.72909992006838,520747.5344407496,98694.53469212362,0.9946894112641717,3.308284103416236,116.28163271380082
498.403,3.59091,365.03,2011.51,118.791,500000,100000,1,3.59091,118.791,522.505223887897,3.5376444633394137,398.1265046942475,1673.079699080451,134.5247124514411,536397.144950506,105765.9894278928,0.943767556297332,3.269231921106019,118.86416427549872
498.403,3.81818,364.996,2011.51,118.935,500000,100000,1,3.81818,118.935,471.4415316445134,3.5629877236376526,335.35929960473374,1652.1740371495953,120.25810844135532,504254.12109591457,105401.69344705214,1.1001378370006107,3.811428931731701,139.6906422775291
498.403,4.04545,364.965,2011.51,119.062,500000,100000,1,4.04545,119.062,468.2695867361023,4.353025745901899,343.09550177590484,1928.2318576586656,132.4031258323906,517677.8097193579,101564.01911186136,0.9602482365014006,4.108970046174023,106.62929655646153
498.403,4.27273,364.938,2011.51,119.176,500000,100000,1,4.27273,119.176,523.7947199815263,4.401325550917907,388.2168862025077,2104.878159163773,146.05596695822294,484510.76626379584,97771.75654330822,0.9609690895826394,4.181454796420342,114.88706880613616
498.403,4.54545,364.909,2011.51,119.298,500000,100000,1,4.54545,119.298,490.55111109422046,4.932660329765928,378.092509209148,2245.261692292477,119.87588461815696,541251.7519963188,99972.53064076266,1.0142342734542398,4.558115830537686,112.04023028941332
498.403,4.77273,364.887,2011.51,119.39,500000,100000,1,4.77273,119.39,468.7251820336588,4.42745091290261,361.0846251911753,1848.3721618418024,116.0624947284036,514667.2362537494,109805.41613686942,1.0584181675574638,4.704735463671069,125.83895072965892
498.403,5.0,364.868,2011.51,119.473,500000,100000,1,5.0,119.473,483.80495746275017,5.176630193355157,350.73833877890235,2133.634459716276,132.7284294279326,486943.62893663626,102300.9963266342,1.058103924294305,5.039200940386073,114.84601664208196
500.423,0.5,368.119,2011.51,105.79,500000,100000,1,0.5,105.79,494.8783208068378,0.4957207201189616,390.2816972791588,2090.2474099299407,112.87591950573328,519919.1339676908,111633.45698519774,0.9664938463016044,0.5093517713718363,106.62251060562237
500.423,0.727273,367.015,2011.51,110.44,500000,100000,1,0.727273,110.44,524.9051395242536,0.7236150675236137,397.1065883582149,1843.3611604345767,128.45414130760182,550492.8662457957,100242.3903084238,0.98805946355914,0.7842470760099385,113.0121790291208
500.423,0.954545,366.405,2011.51,113.005,500000,100000,1,0.954545,113.005,495.7916439491843,0.9632055393890984,350.2535183666224,1890.9255184884544,113.66016826700044,440452.2350257236,97355.4744054868,1.0626764204227377,0.9669680978117836,128.36764410754904
500.423,1.22727,365.958,2011.51,114.887,500000,100000,1,1.22727,114.887,558.5896402401233,1.2517875925786677,378.5711927682903,2049.3829896103366,128.17031447508873,546051.6333462254,103856.12422458384,1.0342151236453614,1.19490455225089,106.95009384661653
500.423,1.45455,365.708,2011.51,115.937,500000,100000,1,1.45455,115.937,500.2306124847063,1.3639075729070516,431.01799577146807,1804.3556409130908,127.29152445596648,481172.4513876486,105146.35240375968,0.9272663797237228,1.3819982059295342,117.16389358587676
500.423,1.68182,365.524,2011.51,116.711,500000,100000,1,1.68182,116.711,487.4908966090752,1.751761271336837,338.60139475039983,2510.132363198224,82.76841616429175,518534.7785218586,95317.49937102784,0.982080078049162,1.7547838037765997,94.73625605681283
500.423,1.90909,365.383,2011.51,117.307,500000,100000,1,1.90909,117.307,466.4399015634709,1.91599712483851,335.2048358482376,2079.713260077379,107.9619071042912,486206.21410341066,96784.75711139664,1.051616861219577,1.8874448573487064,140.1811345851471
500.423,2.13636,365.27,2011.51,117.778,500000,100000,1,2.13636,117.778,517.7103867015537,2.163264190730435,423.6291632793743,1935.2782876696567,119.19437170951858,481218.5963982424,97277.80951222446,1.0321053930754938,2.031226333021898,146.02006893797204
500.423,2.40909,365.163,2011.51,118.229,500000,100000,1,2.40909,118.229,496.8284733535147,2.3553192920244266,374.4876939626751,1624.9895625406225,112.13686469633733,557270.6354316955,91793.5317719181,1.0338646075870472,2.428974953119196,109.34422496156624
500.423,2.63636,365.09,2011.51,118.535,500000,100000,1,2.63636,118.535,532.2677862659051,2.682763208881345,366.244926296676,2292.4479068560995,120.97022056591716,484303.8049686699,104384.833615448,0.9269518747366912,2.7286284772119616,118.90743246394412
500.423,2.86364,365.029,2011.51,118.794,500000,100000,1,2.86364,118.794,466.5505012208859,2.923358419865874,372.377981663495,1877.0726243509905,121.10052730424084,500253.35892584577,94137.64103851424,1.0678982241838255,3.1337874796112715,117.150925126167
500.423,3.09091,364.976,2011.51,119.015,500000,100000,1,3.09091,119.015,461.7669265514114,2.984032297239989,381.17586965470633,2216.296703492595,118.43118126862495,515377.9085065258,92079.74887200633,0.9579126791858704,2.9798321282403952,88.43139189453977
500.423,3.36364,364.923,2011.51,119.241,500000,100000,1,3.36364,119.241,517.5177600423714,2.956407510569776,377.8159645941123,1979.2714692113143,104.9624748356074,501698.56577232905,96377.25337732998,0.962318227974052,3.4860505434737323,126.0647900127112
500.423,3.59091,364.884,2011.51,119.404,500000,100000,1,3.59091,119.404,479.8836653505489,3.366173248029426,378.3908977031784,2296.368456189503,108.1656152127725,556849.0953672413,108199.2889772926,1.0664064142322085,3.703017591769124,117.58800132348752
500.423,3.81818,364.85,2011.51,119.547,500000,100000,1,3.81818,119.547,532.310664828414,4.036165800583197,401.0715527638665,2058.860995792465,141.50117805895644,534448.8741392964,101332.71400401264,0.9481922613571976,4.0531939990191646,109.68965789211155
500.423,4.04545,364.819,2011.51,119.675,500000,100000,1,4.04545,119.675,523.105777336672,3.7891025835515264,354.0190555885565,2039.1967536194368,116.39856848461748,475128.6611920162,100719.29262354612,1.0468367161683685,4.259209771905051,135.47392011934596
500.423,4.27273,364.792,2011.51,119.789,500000,100000,1,4.27273,119.789,497.2573517014807,4.330632809161392,299.2638160642577,1681.519599422705,120.92688534209364,523776.5813888206,100940.09538403308,1.008940120994266,4.0690819212208265,106.48293519602151
500.423,4.54545,364.763,2011.51,119.912,500000,100000,1,4.54545,119.912,519.312936531453,4.392498512232264,340.3834220100157,1971.7159172712363,115.28978049517472,512219.3939703604,91542.7398152198,0.9578443840310688,4.313604458565013,113.45687215729096
500.423,4.77273,364.742,2011.51,120.003,500000,100000,1,4.77273,120.003,477.8336824171248,4.874051501272855,331.232879773478,2521.686376486341,109.7789660022762,518468.8909135338,103232.48693153712,1.0013393788963714,4.75051558814742,118.33213316260984
500.423,5.0,364.722,2011.51,120.086,500000,100000,1,5.0,120.086,464.5475294086136,5.177693506293799,359.8078428820502,2157.507928109758,117.13451680226552,513857.2191251656,103748.58492302604,0.9923572174114812,5.045768488222664,89.0584031839524
502.443,0.5,367.978,2011.51,106.384,500000,100000,1,0.5,106.384,510.7361681612796,0.4954513640414395,356.85445032873383,1925.27172236656,101.41248430392166,446029.6891438583,101045.27481665056,1.0410765955382633,0.4968039555308248,101.0611483297532
502.443,0.727273,366.872,2011.51,111.039,500000,100000,1,0.727273,111.039,536.0305376112339,0.7295937726896944,386.61457646463936,2147.653538760586,106.0941515285202,523604.79572165007,99841.3640821304,1.0653715806308466,0.7476971842478055,102.38149886418508
502.443,0.954545,366.262,2011.51,113.608,500000,100000,1,0.954545,113.608,513.483834420977,1.019162535242894,375.27967179136425,1752.8367563990005,146.3078347358178,490720.2406332509,101484.8850144076,1.004192467599748,0.8452639217020359,115.65666126997704
502.443,1.22727,365.814,2011.51,115.493,500000,100000,1,1.22727,115.493,470.17643622173085,1.110236182822096,370.6947867620381,2132.8443520602004,128.65241045074447,477009.0472200021,108067.79487099635,0.9656540752939984,1.2145944819620755,138.12091288522973
502.443,1.45455,365.564,2011.51,116.543,500000,100000,1,1.45455,116.543,481.79724460817465,1.5358987203474803,347.6313001878304,1863.650461957296,117.19905868944568,438774.3211772889,94816.61964257986,0.9855188036751652,1.4519911712191895,118.3858346306002
502.443,1.68182,365.38,2011.51,117.319,500000,100000,1,1.68182,117.319,481.9835665752453,1.6455136119404574,319.8657508520548,1735.8219029992324,135.96077620033662,533777.3285315577,106798.07127152129,1.005095479969559,1.6492996231301544,129.98647461460297
502.443,1.90909,365.238,2011.51,117.915,500000,100000,1,1.90909,117.915,436.6698650624727,2.050068853169493,304.9558631580388,2581.278189407818,142.05423109993689,476928.6757758095,88185.50885879093,1.0621439783439803,1.890935990937009,124.5505412605547
502.443,2.13636,365.126,2011.51,118.387,500000,100000,1,2.13636,118.387,468.6452800848312,2.207774521551899,392.65283589591735,2138.6573615788634,145.02388879337033,482034.6389258367,103501.3558508291,1.0467075074675023,2.311635854741545,106.62751913164696
502.443,2.40909,365.018,2011.51,118.838,500000,100000,1,2.40909,118.838,467.6905054998026,2.4516922723832684,347.102033837797,2027.6190061578616,102.11763702470223,548182.310060407,99058.37263148492,1.0707832748292114,2.469382377780905,112.4152134993316
502.443,2.63636,364.946,2011.51,119.145,500000,100000,1,2.63636,119.145,490.8549799673239,2.625473108484246,338.464663586205,2091.424480757106,127.55045058503346,437870.26447461714,96195.13576004482,1.0040542924549336,2.760079020735725,111.48221602305208
502.443,2.86364,364.884,2011.51,119.403,500000,100000,1,2.86364,119.403,474.848598864962,2.8856691561985657,388.56279748276296,2162.6248221343326,100.52255478384669,493705.35784646455,98453.632012823,0.97368587110671,2.794304804111434,113.89464434106084
502.443,3.09091,364.831,2011.51,119.625,500000,100000,1,3.09091,119.625,527.4640001560322,2.864186504457928,395.0709349213578,2014.3593359749327,106.11049652667144,495407.4564713622,103869.09179204873,0.9932110220866388,3.0692021608371016,95.4106951783938
502.443,3.36364,364.778,2011.51,119.851,500000,100000,1,3.36364,119.851,517.493763768577,3.5243985485265843,354.7673234065043,1707.203940997098,127.49307523128456,468808.20337536,98991.2356658516,0.978134802018178,3.541161998638093,121.09478778088788
502.443,3.59091,364.739,2011.51,120.014,500000,100000,1,3.59091,120.014,515.7749010187268,3.542479287915606,353.51751501843194,1896.3813784975168,95.14022807415904,470414.07698985,102965.5852749986,0.9801909707117894,3.813925891203907,130.37998275331825
502.443,3.81818,364.705,2011.51,120.158,500000,100000,1,3.81818,120.158,442.63371508017286,4.04048891948447,376.2325297069384,2014.9711204344835,136.3227755620194,476930.3462491319,105203.91187693956,0.9836351871642276,3.843603783181212,106.93477924188028
502.443,4.04545,364.674,2011.51,120.286,500000,100000,1,4.04545,120.286,496.3124831325039,4.271273238633049,414.61075699680543,1996.794230760326,82.73704474438989,498205.48652630014,95917.30279325155,0.930408512396119,3.766976487265368,117.17475354580056
502.443,4.27273,364.647,2011.51,120.4,500000,100000,1,4.27273,120.4,494.0878909325044,4.343221240578473,392.5721709804629,2222.461990244591,97.40211459178444,520456.6784842989,100148.22496290792,1.0757282592277724,4.214228213130929,113.21375987323157
502.443,4.54545,364.618,2011.51,120.522,500000,100000,1,4.54545,120.522,535.6292543742102,4.958474773276087,382.61314935217774,1777.5578788510245,120.8329574686998,491885.64946090005,95533.10986108596,0.9059568342199228,4.432033062160771,116.07550979956244
502.443,4.77273,364.596,2011.51,120.614,500000,100000,1,4.77273,120.614,476.6656431199909,4.822826018406655,403.0926759249854,1937.216831044863,112.32631329169412,487216.93390684953,103501.7493306093,1.056992257462539,4.781006019223628,122.14047936977634
502.443,5.0,364.577,2011.51,120.697,500000,100000,1,5.0,120.697,493.4472744411662,5.256283651139396,399.7551353078343,1991.4375815413505,132.57158321446155,464203.8858896142,105106.11129007798,0.9900154632143766,5.11262660056974,113.53676125776056
504.463,0.5,367.838,2011.51,106.975,500000,100000,1,0.5,106.975,535.418711705429,0.4773852196571732,292.08712404360585,2272.126019492275,113.21961957379624,464803.3027606768,91249.63507672276,1.0132668602919288,0.5258686334678027,107.49826577927811
504.463,0.727273,366.73,2011.51,111.637,500000,100000,1,0.727273,111.637,497.95427925291233,0.7714866006600569,376.97700590051903,2103.947924608212,111.65771454010564,522001.488393998,106655.05681442696,0.9476212156665174,0.8103447328092928,114.74090825175362
504.463,0.954545,366.119,2011.51,114.209,500000,100000,1,0.954545,114.209,543.5902920418966,0.900806460092422,373.9052511683061,1978.2068890750352,118.10277667660954,504756.3850248969,108757.49609576805,1.1211770626280226,0.9105403912546252,121.12205594435802
504.463,1.22727,365.67,2011.51,116.096,500000,100000,1,1.22727,116.096,547.1493114492253,1.2140475945276497,367.6630631910082,2115.860710945595,99.75768087225734,487565.7245561518,100113.72973583837,0.9947533295452716,1.2627211717609137,104.89189049970324
504.463,1.45455,365.42,2011.51,117.147,500000,100000,1,1.45455,117.147,502.573116236041,1.6247849037297335,372.4024613154157,1864.9038587464288,91.57522426834736,500041.4706995765,101122.01298015792,1.0267081633008512,1.5248322453033625,101.49430499121551
504.463,1.68182,365.236,2011.51,117.924,500000,100000,1,1.68182,117.924,495.90450303013614,1.5984486268628428,316.2180086307244,2178.412697652424,109.8941345241578,511703.2754041343,105813.17536376354,0.9796411025138314,1.6977982022588918,106.98478611376773
504.463,1.90909,365.094,2011.51,118.52,500000,100000,1,1.90909,118.52,516.0667165410812,2.0314606035914853,347.5121433145597,1875.9841047619304,123.7872460733492,497869.3403721565,97394.18042834978,0.9588396920638412,1.937731613901274,112.12851481557448
504.463,2.13636,364.982,2011.51,118.993,500000,100000,1,2.13636,118.993,480.4769601752007,2.078751672125722,384.6496691218934,1953.893094841344,127.3175205572324,498790.03598008206,108382.69670433842,1.1143431504720578,2.144901991815708,120.38017679882788
504.463,2.40909,364.874,2011.51,119.445,500000,100000,1,2.40909,119.445,460.2978804404408,2.436293665198047,402.6838622786781,2459.6686880632915,140.18756040847745,498061.6333741813,101610.52067524315,0.9721391188867262,2.456834023711873,127.68082437620798
504.463,2.63636,364.801,2011.51,119.752,500000,100000,1,2.63636,119.752,483.8331913819642,2.512060454170417,438.4384790443004,2342.038561456928,91.37580288241006,448899.94720346015,91661.13061938688,1.03637000189223,2.721393401605631,125.12035366604918
504.463,2.86364,364.74,2011.51,120.011,500000,100000,1,2.86364,120.011,514.4866047322658,2.645272324108282,310.1321872866674,1878.7184049892217,110.03139480166269,537763.814099467,95334.12746473707,0.9587945258473516,2.83902099142353,110.25222482957297
504.463,3.09091,364.687,2011.51,120.232,500000,100000,1,3.09091,120.232,532.5136807337127,2.82296409819113,333.1098734655545,1934.915546747785,90.00243992014154,462283.5889117349,99302.66595795164,1.0084938180285388,3.1717523957404654,114.69137365807448
504.463,3.36364,364.633,2011.51,120.459,500000,100000,1,3.36364,120.459,541.5810112754228,3.2610653429398693,320.5759354899501,1996.8462008906768,99.62884384365756,522036.7607664183,102280.236770378,1.008376619004793,3.504452843430516,121.39436187529677
504.463,3.59091,364.594,2011.51,120.622,500000,100000,1,3.59091,120.622,509.97145819117486,3.705829189097096,386.7099388573358,2119.034824736897,107.68232669890573,486833.3629518375,103186.4998890644,1.0172877311458552,3.5291124233472084,125.15983865045229
504.463,3.81818,364.56,2011.51,120.766,500000,100000,1,3.81818,120.766,492.6140604513548,3.6983535423642393,415.286129757692,1744.9452818388409,108.97003488175736,489290.8554305853,103389.10578813445,0.9251332214726836,3.732726454795753,119.47635274902215
504.463,4.04545,364.53,2011.51,120.894,500000,100000,1,4.04545,120.894,510.8630538971461,4.339857278284538,428.0045902653556,1891.811579831637,126.5178089853068,493019.5363119251,91338.89252519047,1.051203789100004,4.325513107034931,112.18170857642755
504.463,4.27273,364.502,2011.51,121.009,500000,100000,1,4.27273,121.009,465.53230534238446,4.461354965228734,318.3195245699844,2141.4267262016965,152.6270588028141,490608.8437618598,103798.32994114472,1.0648903838319284,4.420697546160989,122.60468433247316
504.463,4.54545,364.473,2011.51,121.131,500000,100000,1,4.54545,121.131,511.25259072873394,4.958103554409741,372.7237649304728,1908.4737175431148,95.93284314808092,498620.4493481996,94879.00128994128,1.0430353497881248,4.703060427274068,112.4036246880098
504.463,4.77273,364.452,2011.51,121.223,500000,100000,1,4.77273,121.223,458.04568493634366,4.679597922354837,384.4683264940383,1822.9975219994112,142.63794240051956,518911.81537458434,104718.3568453932,0.9797104523714104,4.984354030271593,115.78364902789426
504.463,5.0,364.432,2011.51,121.306,500000,100000,1,5.0,121.306,548.3750282576589,4.828516374012596,363.746150697542,1786.304708910326,98.07286878046511,512925.8169464113,101670.4720032832,0.9789030972612256,5.113486288262226,118.86572942282618
506.483,0.5,367.698,2011.51,107.565,500000,100000,1,0.5,107.565,473.8280001874138,0.5118335295846286,368.9372824359461,2313.044497557013,94.6122053273294,470857.8977227566,108666.5641718255,1.0224805462924589,0.5217673293539278,96.14372726091216
506.483,0.727273,366.589,2011.51,112.232,500000,100000,1,0.727273,112.232,463.38975855485074,0.7121130075470271,346.5890717351929,2263.2263187491862,152.64871943101866,518461.9695342765,99295.17180413216,0.9361032787899344,0.6941861293381608,109.58765041094183
506.483,0.954545,365.977,2011.51,114.807,500000,100000,1,0.954545,114.807,523.747572346346,1.061048183464292,385.1376401184767,2306.587475166756,117.34022214797628,455829.5977013561,99606.40163215436,1.0692905619160054,0.957322098685496,91.47939618200937
506.483,1.22727,365.528,2011.51,116.696,500000,100000,1,1.22727,116.696,534.0745878603203,1.2442054576709174,314.1750919940816,1826.350636793812,118.06851091723468,502382.2333416076,98843.23481925952,0.8921122026545505,1.3314248493662633,114.75201985513068
506.483,1.45455,365.277,2011.51,117.749,500000,100000,1,1.45455,117.749,511.3617363105085,1.469596049182887,365.0428129752066,2020.557717131877,124.21110474436504,527228.2464013718,110336.43035969822,1.0516230454561009,1.3713219746266363,114.4078318435181
506.483,1.68182,365.093,2011.51,118.526,500000,100000,1,1.68182,118.526,515.9424230287722,1.5604162785823823,343.99493864831163,1957.5029962338192,87.29213155477143,442910.1734245371,103741.3668091363,1.0327106793555212,1.6888275310346068,119.80262994900204
506.483,1.90909,364.951,2011.51,119.124,500000,100000,1,1.90909,119.124,518.0615322069087,1.9356339487556733,390.7379429795856,2165.558619656132,125.21218662560652,458799.652478159,109336.97985466874,1.037490793306158,2.0881711557154787,110.0439151690581
506.483,2.13636,364.838,2011.51,119.597,500000,100000,1,2.13636,119.597,516.1677986515951,2.3482092185601435,422.35317845904575,1722.2048734547084,110.49126881273756,490260.685536569,110171.782267031,0.9922275252751748,2.201804460372822,128.49526134423775
506.483,2.40909,364.73,2011.51,120.05,500000,100000,1,2.40909,120.05,484.8689524386046,2.4364709695791293,442.1296982336792,2300.0101113390538,118.30742096701236,503033.1020215327,105304.36603504642,1.047011847546749,2.480436981561437,117.22221474511124
506.483,2.63636,364.657,2011.51,120.357,500000,100000,1,2.63636,120.357,482.7646035450851,2.566716478859242,382.1195109954417,2201.4229462314497,147.28210019469535,483687.1291183134,94947.65478680724,0.9915978471127636,2.497552920439005,131.0664644255885
506.483,2.86364,364.596,2011.51,120.616,500000,100000,1,2.86364,120.616,487.5046771339036,2.891281400069149,344.0947966384066,1953.5796086983744,121.75368843980904,504534.1812929405,106401.53364918265,1.029097913150904,2.5650016023514137,103.27923330566972
506.483,3.09091,364.543,2011.51,120.838,500000,100000,1,3.09091,120.838,545.3848645392945,3.1537392580294954,348.3432090468763,2216.296834201074,89.49175869848304,543715.3906869069,95396.3187162261,1.0495941581224708,3.3410872383573245,112.61965677707948
506.483,3.36364,364.489,2011.51,121.065,500000,100000,1,3.36364,121.065,437.9167532747488,3.5383541404405725,348.1993173048732,2166.623081582993,127.82864341606994,498174.17484220106,103249.78930135103,0.9723294815418156,3.457111551973044,112.02841619499094
506.483,3.59091,364.45,2011.51,121.228,500000,100000,1,3.59091,121.228,516.2517900567285,3.60625705565241,368.1265375098425,1938.0990767525232,136.36146656842078,522456.9591307746,92273.90846293072,1.0198668943207003,3.756361623904735,131.92918408063838
506.483,3.81818,364.416,2011.51,121.372,500000,100000,1,3.81818,121.372,509.6304295792572,3.770620558344972,402.9703758118141,2082.353866455549,109.92863098676926,493698.5492931987,98966.3576660674,0.8537471716184961,3.750686685273682,122.4921219909707
506.483,4.04545,364.386,2011.51,121.5,500000,100000,1,4.04545,121.5,489.947592311185,3.983386375983158,348.6928012628208,2126.5837246946985,121.64167347360453,506142.384542954,102498.55875172984,0.9808105306120256,4.030023380111708,130.9723074588977
506.483,4.27273,364.358,2011.51,121.615,500000,100000,1,4.27273,121.615,505.1884625502746,3.974048646278891,335.888931335728,2000.861089149371,128.7907344908618,543801.5916172854,101050.88345760088,0.9917759677066584,4.318439388759544,130.75162787192343
506.483,4.54545,364.329,2011.51,121.737,500000,100000,1,4.54545,121.737,488.8789333836576,4.6638284481127,336.00432360201626,2009.334155606263,112.33466119556591,506806.1794169037,90565.27064687296,1.04429640212887,4.48105734247619,125.39633756970773
506.483,4.77273,364.307,2011.51,121.829,500000,100000,1,4.77273,121.829,519.6690189108322,4.831293721842217,279.00340811459665,2053.084248211183,112.90495058126304,539588.9935741691,98056.2673330269,1.0156945759546283,4.866766417487976,116.5603188218951
506.483,5.0,364.288,2011.51,121.912,500000,100000,1,5.0,121.912,485.620031537677,5.240340089954703,393.076344372647,2040.6059660371784,91.39401100134764,530779.9049911725,97135.95231332265,0.8979422297838701,5.363305126010155,98.15052994026244
508.504,0.5,367.558,2011.51,108.153,500000,100000,1,0.5,108.153,538.7877188371285,0.5395984110240871,405.9851781326309,1998.514092962133,122.14862782223317,469837.0814742083,100139.6859065671,1.0237589302697527,0.5127291146270159,96.21330978757176
508.504,0.727273,366.448,2011.51,112.826,500000,100000,1,0.727273,112.826,478.933408007984,0.7364216549943386,339.76410508450755,1919.8367775841127,128.75678555752333,512266.6050541909,98105.99756208084,0.9211093295411656,0.7259216849068976,116.69168266531408
508.504,0.954545,365.835,2011.51,115.404,500000,100000,1,0.954545,115.404,535.7735897624973,0.903428181584169,409.66813030328063,2258.5644278753102,131.0561720591483,526439.2174423288,106914.34739615116,1.0727970291900495,1.0279890921904584,88.23571415803384
508.504,1.22727,365.385,2011.51,117.295,500000,100000,1,1.22727,117.295,535.1597768276368,1.2764614187682195,347.66316348487936,2065.058590031042,125.52842238263275,512792.84662197833,101394.94545324652,0.9310594061244292,1.1903386642549572,105.69194005931148
508.504,1.45455,365.135,2011.51,118.349,500000,100000,1,1.45455,118.349,536.1254468585507,1.3374463760164326,365.33898708103993,2089.4744836545287,93.53725272645448,502191.1088767708,100164.05868187624,0.9447252192106124,1.359562073512675,118.25679748467228
508.504,1.68182,364.95,2011.51,119.127,500000,100000,1,1.68182,119.127,487.9708286597328,1.6467788191793444,392.6322801252088,1952.8528630313008,99.09600775680208,474010.9298735896,106476.28902686528,0.937293911924333,1.6348862895255376,122.2925238457124
508.504,1.90909,364.808,2011.51,119.725,500000,100000,1,1.90909,119.725,486.0314565672679,1.8885129248506336,367.8684698678409,1852.1534584514989,112.08394462166012,507568.82646752696,99284.32431343551,0.8859853697956087,2.0676749705333264,116.56892532242252
508.504,2.13636,364.695,2011.51,120.199,500000,100000,1,2.13636,120.199,529.1417764993816,2.103378682988305,331.1894989846689,1830.121778911846,105.13516935069426,507229.7656037328,102331.0991087904,0.975708314399653,2.0966223757783893,102.1868587924574
508.504,2.40909,364.587,2011.51,120.652,500000,100000,1,2.40909,120.652,468.6375847504771,2.4134600040551044,400.5093645632248,2215.2132969536697,93.85651298511809,512696.743088993,92483.73145954398,0.987029467041979,2.496380504209994,122.71018161800323
508.504,2.63636,364.514,2011.51,120.96,500000,100000,1,2.63636,120.96,521.6798204588647,2.8685576565963284,381.5988793403951,2113.3764260080625,108.52210215501152,522348.6799583627,98125.222364216,0.891890308680796,2.6986124969068723,134.65581042076192
508.504,2.86364,364.452,2011.51,121.219,500000,100000,1,2.86364,121.219,501.7778676162527,2.7752559608048992,398.60166033017344,2070.936601393389,145.3835001893212,510130.0353069181,109322.93152776572,1.055109609591794,2.693980148812079,110.5238439137626
508.504,3.09091,364.4,2011.51,121.441,500000,100000,1,3.09091,121.441,521.0135614862695,3.1425745550478816,366.3961018290199,1959.049612085286,136.04846346288014,454932.0570844644,98744.11170796888,1.0568484933430096,3.116158535676328,139.8178552898326
508.504,3.36364,364.346,2011.51,121.668,500000,100000,1,3.36364,121.668,550.8943386528503,3.294528116951655,344.91327973725924,2045.16660213016,98.21339695994097,471825.7088144988,100775.71737326527,1.1116839552676807,3.355374846658864,102.85551468338718
508.504,3.59091,364.307,2011.51,121.832,500000,100000,1,3.59091,121.832,550.4701477047878,3.4799451222745,319.0739120197496,2190.0342988329867,129.3097195211426,502663.81893239054,103925.91021040204,1.0246004171011216,3.5339497639452624,121.4974174094824
508.504,3.81818,364.272,2011.51,121.976,500000,100000,1,3.81818,121.976,478.8028450913431,3.5374711988691936,370.7908809852135,2130.6070257471306,116.82518177117193,499232.8353579911,107279.11663297276,0.9771069491480316,3.947857454058938,130.4037032918745
508.504,4.04545,364.242,2011.51,122.104,500000,100000,1,4.04545,122.104,529.4569809731357,4.05681446163301,403.3962170542796,2172.881932062515,114.44874521062803,460855.910506944,104081.3479630782,1.0010173658013628,4.072079168305664,140.01540515386455
508.504,4.27273,364.215,2011.51,122.219,500000,100000,1,4.27273,122.219,501.7512541807765,4.405361936606918,382.7334061909707,1930.2783686183711,123.85037247749052,536877.9025210767,100964.04823798152,0.9847906969441684,4.432209765862012,122.62072952802154
508.504,4.54545,364.185,2011.51,122.342,500000,100000,1,4.54545,122.342,525.9819627344424,4.363979091289355,399.7112306989944,1924.3703467896755,115.46468793546197,487644.41710369615,105790.5797386023,1.0734892376853324,4.353055144260037,99.60727467091142
508.504,4.77273,364.164,2011.51,122.433,500000,100000,1,4.77273,122.433,503.4138430691623,4.990622021379043,370.61702519008696,2169.6378594612183,134.84220682316635,477798.4901959764,104111.12296418066,1.0460489600008602,4.828709931435302,128.1636124304121
508.504,5.0,364.144,2011.51,122.517,500000,100000,1,5.0,122.517,539.7948674998112,4.707239740084546,371.60550678600487,2310.397766335142,74.26915843046237,467636.6012059421,95702.62312938436,1.063040415672903,5.184950371217659,132.65714987282178
510.524,0.5,367.419,2011.51,108.738,500000,100000,1,0.5,108.738,486.3008403278112,0.5535242574082588,316.8093603536676,1858.5421297837736,101.31409583126816,488898.5109827636,92969.6771054352,0.9708778168242014,0.4934111498976166,99.66849854279567
510.524,0.727273,366.307,2011.51,113.417,500000,100000,1,0.727273,113.417,507.2941040628606,0.6851638276082578,358.2197984664681,1988.0285311974187,90.9061649031402,500998.4157606141,95161.523411324,0.9786527327201096,0.7183602285290488,93.83933506481704
510.524,0.954545,365.694,2011.51,115.998,500000,100000,1,0.954545,115.998,521.7979669459262,0.9643488105124548,286.3800967585652,2120.423428990724,102.2765095049682,491857.7860127637,102469.35158584728,1.0470044898323716,0.896569193787578,101.10020885472436
510.524,1.22727,365.244,2011.51,117.891,500000,100000,1,1.22727,117.891,460.37686018417713,1.1902409424433584,313.89242253413147,2000.0842658435936,147.66118131949727,539224.7166276898,96909.22924823474,1.0370351350277127,1.309410153111967,120.03078052425428
510.524,1.45455,364.993,2011.51,118.947,500000,100000,1,1.45455,118.947,557.3364100131274,1.3846405824464023,323.94110369373493,1815.8528175060208,97.0590225561984,517232.26183418575,95769.9090029871,1.0262771041999907,1.4896097844034557,138.4595314654796
510.524,1.68182,364.807,2011.51,119.726,500000,100000,1,1.68182,119.726,472.3485076310395,1.581048579151299,381.0866404206973,2243.844927086691,157.0814146125073,478722.7709899127,93891.56426882464,1.0096644139847148,1.7160925537996672,124.87379955449389
510.524,1.90909,364.665,2011.51,120.324,500000,100000,1,1.90909,120.324,491.3607259056537,1.98751199273398,366.3952818424452,1947.723803719088,106.07023297734668,475578.1403280281,101281.92129192568,0.9075510410891878,1.861208283775916,126.99898956513988
510.524,2.13636,364.552,2011.51,120.799,500000,100000,1,2.13636,120.799,534.2146265542806,2.191887094407313,437.7460840792172,2052.6673499717645,139.4518455630357,540710.623690777,103344.06737217915,1.0031816817055978,2.3253862322900067,125.38000777460152
510.524,2.40909,364.444,2011.51,121.252,500000,100000,1,2.40909,121.252,558.2854214502934,2.22812048640508,323.6100229335478,2239.0416944550866,128.87073971229935,478120.8423807272,100743.02099063672,0.8884072274358908,2.3039317881348675,126.3429967123255
510.524,2.63636,364.371,2011.51,121.56,500000,100000,1,2.63636,121.56,522.6806065086442,2.672110554248456,391.16541597643817,1809.4288645182176,110.47819150268896,477379.13468085416,96987.43513713458,1.0264233184672356,2.703353289344773,126.28674606445291
510.524,2.86364,364.31,2011.51,121.82,500000,100000,1,2.86364,121.82,511.3444923980468,2.872810641727325,446.25522435858,1673.154316966215,142.03502192199107,537069.378528802,97233.21846088584,1.043226606079454,2.8669873968872013,116.46093149809938
510.524,3.09091,364.257,2011.51,122.042,500000,100000,1,3.09091,122.042,503.0528524371053,3.175077411765374,342.986075172118,1984.972774228372,128.14409353532537,513616.5126706851,99808.07510179108,1.0737151342992683,3.1699990273035734,118.0779130203352
510.524,3.36364,364.203,2011.51,122.27,500000,100000,1,3.36364,122.27,517.0778722368005,3.188736076324741,333.02029953372363,1942.6724696532656,136.86645224026924,484989.6932477603,109205.91578894158,0.9815536877992008,3.2865240004401857,133.52192220983255
510.524,3.59091,364.164,2011.51,122.433,500000,100000,1,3.59091,122.433,497.08304836052594,3.6727536038850377,376.1444595107013,2110.3333287584555,114.10577416659268,472396.6453612656,102532.43737903098,0.8940062687089864,3.406601722573579,124.8468708175116
510.524,3.81818,364.129,2011.51,122.578,500000,100000,1,3.81818,122.578,498.90450171588174,4.076562934424656,335.0325055146133,1863.5446831636789,106.23592483246826,515140.3476176312,91184.04873502794,1.0166167016602634,3.8524328387308775,142.298810583669
510.524,4.04545,364.099,2011.51,122.706,500000,100000,1,4.04545,122.706,502.8450564811283,4.323882679691989,389.2498662438013,2010.892381338146,110.92360887417168,497947.1554725067,95694.12900030806,0.9356795173180456,4.120498610756885,148.17172041268736
510.524,4.27273,364.071,2011.51,122.821,500000,100000,1,4.27273,122.821,505.6991832344976,4.26342705502692,310.6687211124945,2123.727444870324,117.38778705588936,453006.893530207,95707.49548511591,1.0851170680482864,3.896094031739086,124.28459295423616
510.524,4.54545,364.042,2011.51,122.944,500000,100000,1,4.54545,122.944,508.0540822540309,4.760574450265512,397.8538786992451,1995.64057815487,130.6492246700126,554337.7240823912,99107.34784329476,0.9592121921889236,4.508787143393481,116.6946560846122
510.524,4.77273,364.02,2011.51,123.036,500000,100000,1,4.77273,123.036,492.4628788551256,5.061782158653855,389.2283746001155,1915.8954647332555,111.36075872026274,488012.6715594577,95650.75054856316,0.9503401790518308,5.104827947355648,109.52895634458748
510.524,5.0,364.001,2011.51,123.119,500000,100000,1,5.0,123.119,472.88554950986935,5.370248101029373,387.00875276848177,1615.9919995359191,144.2189053887505,523108.4029931749,111591.20419793933,1.0299981736517794,4.697050769424495,124.10798233738296
512.544,0.5,367.28,2011.51,109.322,500000,100000,1,0.5,109.322,536.808026868513,0.5094409892946661,391.8287517150584,2006.1279362594885,60.908779589426224,494394.71085540496,101532.1825314578,1.0338902203692482,0.5412073695657619,103.39498993116372
512.544,0.727273,366.167,2011.51,114.006,500000,100000,1,0.727273,114.006,519.9134577105042,0.7866144349210378,366.2836186788645,1998.5863024674325,85.6206039297425,450485.8437505895,107812.4674755835,1.0389474310431963,0.7737858122694659,95.5701306938039
512.544,0.954545,365.553,2011.51,116.59,500000,100000,1,0.954545,116.59,458.47475343983854,0.9005309167196569,410.1223234487183,2050.841706324613,131.45186078860368,530947.5609466026,94593.29692718916,1.042348640385888,0.9146080997677198,113.79057672229018
512.544,1.22727,365.102,2011.51,118.486,500000,100000,1,1.22727,118.486,484.65106758116485,1.1941504746216138,360.6556803940955,1638.5485934838653,96.19099996092694,450831.8706409248,100413.2710711,0.9631117006471022,1.1067220044500212,111.69175233961532
512.544,1.45455,364.851,2011.51,119.542,500000,100000,1,1.45455,119.542,496.37717306239176,1.5037887334924382,321.288841990181,2358.6881719775697,90.8748624325504,476505.8703379309,103544.7059021537,1.0692799482523263,1.5252941576550194,120.94662611974717
512.544,1.68182,364.666,2011.51,120.322,500000,100000,1,1.68182,120.322,513.0845480677166,1.6168804670163612,316.4375382628879,1786.7712896849573,165.77048826780663,492544.6086160751,95988.37562232657,0.927450968889206,1.6604981964675547,128.15640399234167
512.544,1.90909,364.523,2011.51,120.922,500000,100000,1,1.90909,120.922,534.4082379405121,1.9755986734064623,378.5571059459157,1941.9899180768807,97.78307253738262,420256.7545991894,99794.58114716834,0.9896560020301464,1.8414394751082328,146.25843321933635
512.544,2.13636,364.41,2011.51,121.396,500000,100000,1,2.13636,121.396,549.615366777557,2.0894436367972635,381.8992315583244,2054.643805498129,122.9814341031687,542087.3116370577,93238.65587697543,1.0075001226326172,2.065751538087208,111.0434522068803
512.544,2.40909,364.302,2011.51,121.851,500000,100000,1,2.40909,121.851,545.8590363864362,2.314957691231943,412.2640258057991,2152.4181087048723,134.39696893470511,504674.9752247649,109751.21776251469,1.1156634612886187,2.3380012051017,139.75352338441073
512.544,2.63636,364.229,2011.51,122.159,500000,100000,1,2.63636,122.159,535.5602322887482,2.5909690115034483,373.514794041793,1831.800372001906,158.08415281482092,527951.4974621766,102269.4092631696,0.952791345771192,2.7131775255228945,91.7934532056155
512.544,2.86364,364.167,2011.51,122.419,500000,100000,1,2.86364,122.419,475.0007991866208,2.8510178095654,385.8911415439942,1858.04223223844,129.56792786288062,533955.5894703869,104601.73480602608,0.9850146983713688,2.846827018240776,121.2597127114355
512.544,3.09091,364.114,2011.51,122.641,500000,100000,1,3.09091,122.641,558.8290070406314,3.166608125277768,292.74915425494504,1916.8518280777769,144.33074383736965,482875.0747098016,99985.6021898768,0.924960825539528,2.959812763284327,122.54476201989428
512.544,3.36364,364.06,2011.51,122.869,500000,100000,1,3.36364,122.869,503.775688087832,3.2851233233681207,354.0800524507412,1608.2305323721405,150.62968930816385,513564.1131976199,93091.88478859595,1.0948072489236036,3.342174396230502,128.3872058339133
512.544,3.59091,364.021,2011.51,123.033,500000,100000,1,3.59091,123.033,511.0465996544276,3.462722967409857,360.3011502239598,1990.2014898869136,133.9671508871552,475869.460386633,99193.35016790884,0.9745007183174024,3.568693433294804,121.17576876866516
512.544,3.81818,363.987,2011.51,123.177,500000,100000,1,3.81818,123.177,542.3756023423504,3.627933756511767,377.6113634075247,1879.724122778212,145.50899100010844,475952.7993929951,99639.69690032986,1.055055266808735,4.011445704671721,127.84409516766956
512.544,4.04545,363.956,2011.51,123.306,500000,100000,1,4.04545,123.306,552.5289805063951,3.9529481751085087,357.5229254959733,1939.458717626808,108.14573599757668,511407.5142727906,89655.7635617728,0.9988198372140844,4.056031694329452,137.01689533189565
512.544,4.27273,363.929,2011.51,123.421,500000,100000,1,4.27273,123.421,495.3296769895254,4.044330301100323,355.9705782383413,1960.328578040588,128.666371974482,500765.7852112122,106350.04919064105,0.9044837384130792,4.269449827008065,117.75110223947432
512.544,4.54545,363.9,2011.51,123.544,500000,100000,1,4.54545,123.544,511.0588898761385,4.249828688715394,326.05314353073044,2285.7371800132614,110.41933603575916,467273.1318835644,105011.5922430458,1.0183698762826066,4.463158301328403,144.75504358917695
512.544,4.77273,363.878,2011.51,123.636,500000,100000,1,4.77273,123.636,496.37719490077257,4.630640008690955,326.15752734756944,2321.155071191471,125.2180870183306,480046.9432912549,98819.6053619606,1.0266310474658662,4.596513278784874,107.6158577110289
512.544,5.0,363.858,2011.51,123.719,500000,100000,1,5.0,123.719,522.7631987436675,5.073733683777534,341.7664812855917,1810.123429665856,84.32902115248262,553992.9241954882,104753.13533664552,0.991644248652074,5.227193958385324,103.03137145231096
514.564,0.5,367.142,2011.51,109.903,500000,100000,1,0.5,109.903,534.7653988346977,0.4915044707922926,338.3668723897097,1771.5495838867212,92.49175238598788,481485.3337910676,87806.42774082281,1.0657094948576145,0.5394258763466504,129.05157105666314
514.564,0.727273,366.028,2011.51,114.593,500000,100000,1,0.727273,114.593,534.5530539672435,0.6683751646218062,365.72060905111454,1892.372145711712,133.27989040503303,489006.3529382349,99954.08547445411,1.0370342195797884,0.7100134937695622,123.24697620251936
514.564,0.954545,365.413,2011.51,117.18,500000,100000,1,0.954545,117.18,522.0606567971416,0.9344147501491554,355.8005794402765,1930.4325123023427,106.16996802222168,481866.46586698137,105852.15655238874,1.0438236608949456,0.9243097768963918,104.5389283997882
514.564,1.22727,364.961,2011.51,119.078,500000,100000,1,1.22727,119.078,513.6610310832725,1.1571633120448102,393.03396978632367,2044.5276622673584,117.25037984101934,510867.5766853603,93484.09211480692,0.9752614064142054,1.1407353068596968,124.53869068057789
514.564,1.45455,364.71,2011.51,120.136,500000,100000,1,1.45455,120.136,472.7430097738446,1.4581352784924808,374.6598990429051,1962.382563012747,89.92881990305,497572.7150861391,95475.01526001214,1.0216129947791484,1.5381786803627162,126.04777831313324
514.564,1.68182,364.524,2011.51,120.917,500000,100000,1,1.68182,120.917,522.5519051141132,1.6607310193220508,397.5048156513867,2049.338895050784,138.70507771785662,486405.5807513599,98696.69169639144,0.9866430300309204,1.748479225645876,113.89412641162626
514.564,1.90909,364.382,2011.51,121.517,500000,100000,1,1.90909,121.517,500.8797428650061,1.946751003523681,414.1894007229881,1793.8165153629984,128.41892505900688,512856.2088592671,99434.71603580892,1.0252707627328164,1.903113815827853,107.94588958692884
514.564,2.13636,364.269,2011.51,121.992,500000,100000,1,2.13636,121.992,474.1341919987525,2.1622736128148583,356.1717855661653,2102.263958152329,125.88733641340907,465263.1209721634,97966.0538456012,1.011600376777786,2.190102051542825,137.18201024979916
514.564,2.40909,364.16,2011.51,122.447,500000,100000,1,2.40909,122.447,526.4194836432004,2.3751868668070952,381.69263271729136,2097.2031330308864,117.01735491991003,521255.2282152918,99697.23640733206,0.9702573744124102,2.3516971314699355,118.10981814246084
514.564,2.63636,364.087,2011.51,122.755,500000,100000,1,2.63636,122.755,512.1745062532592,2.556857916210209,374.9353929099248,1675.281641702972,129.00836183051302,486604.3956583697,97081.05395258951,0.9353022497591532,2.643490784559964,122.72139028554191
514.564,2.86364,364.025,2011.51,123.015,500000,100000,1,2.86364,123.015,541.5798717508949,3.211011790362708,350.2020319540801,1796.8177997000255,111.67756003331792,488081.6532577483,102589.03716867571,0.9864863076572834,2.9160983387952943,124.07623632286824
514.564,3.09091,363.972,2011.51,123.238,500000,100000,1,3.09091,123.238,513.8594507277884,3.0444779158883417,381.0597653903095,2147.510261706483,103.09009323440164,493814.8633227478,95847.9396319799,1.020085398725399,3.245847128261371,110.64493279227072
514.564,3.36364,363.918,2011.51,123.466,500000,100000,1,3.36364,123.466,517.5773952579466,3.1883649565925696,317.0183626829878,2224.859966966545,116.15921480987993,519584.2184954438,97258.7218287793,0.9932327706070612,3.5461429273212026,95.97788078745324
514.564,3.59091,363.879,2011.51,123.63,500000,100000,1,3.59091,123.63,555.8737081762018,3.44315327749523,256.83931733230736,1935.2607606256229,99.32154285346002,511157.1547187877,101351.87387091391,0.8677548062505918,3.733896148147597,106.5686228964235
514.564,3.81818,363.845,2011.51,123.775,500000,100000,1,3.81818,123.775,544.9217871100556,3.74450189275004,365.8783709846066,1938.4967977939016,124.2880992560538,472703.8330507773,101668.77028479557,1.033568883544857,3.66665310731884,128.83257462608725
514.564,4.04545,363.814,2011.51,123.903,500000,100000,1,4.04545,123.903,528.938958621675,3.9857389045317846,400.8839030471814,2194.572932022804,141.86209901878584,501195.6769594017,88242.98487525678,1.030862673000034,4.193145567864023,145.9907302855546
514.564,4.27273,363.787,2011.51,124.019,500000,100000,1,4.27273,124.019,497.7920801709161,4.559589898355982,418.10918671956784,1773.0217608494067,139.18811473127727,466931.47442161216,104127.86137138438,1.0169070206234347,4.306746178120029,102.56860435041416
514.564,4.54545,363.757,2011.51,124.142,500000,100000,1,4.54545,124.142,536.8263479037989,3.9186657109786953,316.8010418343993,2099.0850109982243,120.18804997785512,523651.8776581369,101880.55473575856,1.026341697232248,4.295883273706988,107.62153228480172
514.564,4.77273,363.747,2011.51,124.186,500000,100000,1,4.77273,124.186,531.9340612146485,4.80800574625265,394.6087376078728,2083.8375231642776,112.42882590230172,520699.00776892336,99239.29378562931,0.8977566342000842,4.870169594420076,104.20190374631756
514.564,5.0,363.727,2011.51,124.269,500000,100000,1,5.0,124.269,478.3621792351578,5.005210370534443,353.45730010143217,2289.30723985108,105.9837140911039,497973.9362850467,100723.25928350116,0.9841272163396788,4.622609278412478,97.43045375714205
516.584,0.5,367.004,2011.51,110.483,500000,100000,1,0.5,110.483,510.9011103599727,0.5123313544048258,349.7852271996219,2130.6405943553827,91.31460324964468,502191.8883587656,100172.87002377168,1.0871372065548806,0.4776265621820559,108.45178136385584
516.584,0.727273,365.889,2011.51,115.178,500000,100000,1,0.727273,115.178,506.5718315261744,0.6805477220433063,329.2967901143181,1931.9469505838435,64.63852760540068,481596.5480781827,103166.3292819572,0.8988446077655614,0.6820866073427698,119.99488812970014
516.584,0.954545,365.273,2011.51,117.768,500000,100000,1,0.954545,117.768,491.2894584919837,0.9307287078114932,367.9919179953737,1889.9357142387707,93.96759143851264,508235.60532309575,94278.03266895445,0.9334565040177384,0.9950929613042344,96.266392951838
516.584,1.22727,364.821,2011.51,119.668,500000,100000,1,1.22727,119.668,561.8676191815124,1.1811845761224076,401.880470994813,1860.985894977879,125.72524049302976,480502.9048840317,102895.3006712191,1.003157244751799,1.3348363183891232,134.78728096179145
516.584,1.45455,364.569,2011.51,120.727,500000,100000,1,1.45455,120.727,494.8500322096589,1.4129688822612176,383.6798258738645,2389.924433267421,139.847866649815,547229.9145277467,98438.88930223636,1.0558927007842085,1.371267055169855,116.48740978888176
516.584,1.68182,364.383,2011.51,121.509,500000,100000,1,1.68182,121.509,517.1801549561621,1.7078157393111706,439.0635625121672,2093.9735098566384,136.3385970903608,519997.9956174664,90973.8996389133,1.0287643991477171,1.5715719572758935,137.57347672608532
516.584,1.90909,364.241,2011.51,122.11,500000,100000,1,1.90909,122.11,511.8171838894907,2.079899977446535,368.42602759359545,2045.114018283223,122.1806729336762,533992.9935356744,100833.92430633938,1.052836654721652,2.102346003275084,108.8327212922876
516.584,2.13636,364.139,2011.51,122.538,500000,100000,1,2.13636,122.538,499.7297162088486,2.206733860897239,387.97802328094673,1979.4886395996336,124.95343408357569,524766.0996848904,93204.38077641414,0.9557244592158288,2.0356437118680426,151.62091803577692
516.584,2.40909,364.031,2011.51,122.993,500000,100000,1,2.40909,122.993,517.4692135433403,2.329979054869923,428.1063196349863,2066.7209215938697,126.0613016713192,484674.3267428777,104918.6206210654,0.9927649649857934,2.473723538056811,117.52621915537851
516.584,2.63636,363.957,2011.51,123.301,500000,100000,1,2.63636,123.301,448.08940259399935,2.569030372117536,336.9998974550897,2161.2694333650106,133.82843524936234,544244.1160227254,100121.81278386337,1.0403815759180837,2.5893771474745466,134.88235271596665
516.584,2.86364,363.895,2011.51,123.561,500000,100000,1,2.86364,123.561,493.9396156361221,2.6653906860782888,344.1783297118672,2017.5662188764663,107.01819982879375,469697.62491149735,92489.64021771704,0.9939831318911097,2.9608955421529526,126.26354223364044
516.584,3.09091,363.843,2011.51,123.784,500000,100000,1,3.09091,123.784,496.5652086412609,3.01255106361283,337.0014800502787,1954.167462534964,106.26052517862024,488426.68331134354,104208.10257778458,0.908032025387186,3.175271016686136,97.76574116105236
516.584,3.36364,363.788,2011.51,124.012,500000,100000,1,3.36364,124.012,481.9860612540579,3.2214205096329662,385.94788861127176,1602.7155276920344,138.82459029649343,528261.4707880287,103449.5995150246,0.9563301878119808,3.681432346524778,91.60671717128344
516.584,3.59091,363.749,2011.51,124.176,500000,100000,1,3.59091,124.176,544.614422892569,3.9674397539091215,355.7034894803767,2015.7979979047093,118.52134563116996,492565.4228217349,101860.2945536406,0.9931124938247476,3.624207014890198,110.33713331271504
516.584,3.81818,363.715,2011.51,124.32,500000,100000,1,3.81818,124.32,532.1756865207647,3.608941435952985,377.3522760073289,1964.3801366456607,126.5526323343737,494871.3650900464,101974.6152837161,1.0138830829983052,3.8442849762470654,129.64654584203612
516.584,4.04545,363.684,2011.51,124.449,500000,100000,1,4.04545,124.449,505.8744256617406,4.29021306146826,362.91006662228807,2103.903200121951,136.07807349289703,546471.7196088172,102435.12948234014,1.0863026993320912,3.911347551384897,101.82939024689084
516.584,4.27273,363.657,2011.51,124.564,500000,100000,1,4.27273,124.564,492.53697058990326,4.359049649766021,304.8559745995309,1907.9687021358363,122.07920323999971,530418.9941833453,96972.00891921754,0.9817259500343066,4.249193590098437,115.91215627075348
516.584,4.54545,363.628,2011.51,124.687,500000,100000,1,4.54545,124.687,464.27883906167534,4.746706019722405,433.9243548382016,2182.050242875246,108.1439405378749,453432.7452453355,100021.8888035741,0.9574161084881896,4.467620716024824,112.99727294349596
516.584,4.77273,363.606,2011.51,124.779,500000,100000,1,4.77273,124.779,535.8899056559836,4.532734444295192,299.1032071731827,1917.2082550233367,104.4272011886729,511174.6877717849,97506.19331955846,0.9875186874603914,4.708369315336849,124.93231482854068
516.584,5.0,363.586,2011.51,124.863,500000,100000,1,5.0,124.863,478.37755020263353,5.007293606692024,354.436703182782,1885.093640304848,118.52557839113442,501726.5188591561,106769.79379424344,1.01878148096001,5.35194340054621,149.05858564325476
518.605,0.5,366.877,2011.51,111.018,500000,100000,1,0.5,111.018,522.2262028253368,0.5067445982349984,407.5777466709577,1763.5873191537848,105.22728062774442,508040.9117050826,94331.47209879557,0.8977985861024482,0.5049177513915923,121.84303283278864
518.605,0.727273,365.75,2011.51,115.761,500000,100000,1,0.727273,115.761,522.6714600131802,0.7227610991770181,336.1117674532383,2247.1266974173504,72.36374431477806,488378.840996276,93754.07069630944,0.9680609992324396,0.6958795540104539,127.52640405144712
518.605,0.954545,365.134,2011.51,118.354,500000,100000,1,0.954545,118.354,579.9926463128143,0.9147225131748036,379.1638152055506,2169.123491165815,139.01613085573408,492690.6239747799,99636.64670016004,1.0408424491262322,1.0034853227008682,154.5425237247857
518.605,1.22727,364.692,2011.51,120.21,500000,100000,1,1.22727,120.21,503.269986806617,1.239788177384261,408.427651572951,1986.356963432368,111.60791746741256,501551.8524698892,96834.67021745742,1.0644889131675992,1.2139467100389028,99.6698371431632
518.605,1.45455,364.44,2011.51,121.269,500000,100000,1,1.45455,121.269,459.62350800556544,1.5279314276385465,398.3135522480024,2029.752035402376,103.11417260403348,486459.9755948092,94272.7356502521,0.9474121012558672,1.4467791274798243,126.42947844161836
518.605,1.68182,364.255,2011.51,122.05,500000,100000,1,1.68182,122.05,517.1166694146425,1.5587863526811616,397.30960782342055,2002.207610905104,120.734809358345,504221.7349410037,88732.26764836267,0.999205067778242,1.7445073397425224,122.90321653458533
518.605,1.90909,364.112,2011.51,122.651,500000,100000,1,1.90909,122.651,562.3635429593039,2.034957050934821,374.87766800812136,1793.4288840603326,122.77738310025728,468118.01153551607,99893.55391363302,1.0674299417481985,2.062997857919564,122.95772977952376
518.605,2.13636,363.999,2011.51,123.127,500000,100000,1,2.13636,123.127,511.9395667763751,1.973843571844696,375.3723255184372,2274.867544145904,118.59929925124943,433952.0147891661,92351.87150746195,1.0575792178770016,2.183109506610538,138.68396517283446
518.605,2.40909,363.891,2011.51,123.582,500000,100000,1,2.40909,123.582,496.46515388523966,2.3646129116573698,351.2041189221074,2035.2248161983207,123.1806974461494,537705.4565345044,99917.42234868632,0.9283148697513754,2.329128795488234,130.46699287604417
518.605,2.63636,363.817,2011.51,123.89,500000,100000,1,2.63636,123.89,518.994673321882,2.6266749288934537,344.7939981656732,1955.3855597419351,107.94341144885226,555017.7208391245,98348.21971194616,0.9279528607702476,2.9364257200604853,144.72185559025232
518.605,2.86364,363.755,2011.51,124.151,500000,100000,1,2.86364,124.151,546.0061411307291,2.9510001412527807,395.37728082423297,1721.033840270034,104.75213126724388,492786.7574462427,103937.82754675022,0.967741483025865,2.841105373057759,121.14962096077868
518.605,3.09091,363.702,2011.51,124.374,500000,100000,1,3.09091,124.374,535.430670559168,3.0874505520693725,272.59339097363915,2136.627806353138,108.95885394678768,529419.8648556215,105609.40261494112,0.9281685600097151,2.955845553541051,115.81306113909184
518.605,3.36364,363.648,2011.51,124.602,500000,100000,1,3.36364,124.602,553.8519265759293,3.4885984542025685,322.29233015613755,2004.0967998031329,142.47966120481414,490433.5896970386,102192.6492656392,1.043231720125252,3.49343320866912,119.87183892052664
518.605,3.59091,363.609,2011.51,124.766,500000,100000,1,3.59091,124.766,523.3500918279141,3.733457478251438,376.5549509798064,1819.776017113666,105.14338444082917,433016.0692887216,107517.69717515763,1.0718974588508297,3.542042880966295,119.9535339989268
518.605,3.81818,363.574,2011.51,124.911,500000,100000,1,3.81818,124.911,512.749774544771,3.929619188678769,446.5052053341229,1964.190788791763,126.152531179271,473658.3293423318,99974.0069866958,1.0325756992852717,3.711391496803969,119.6136822038757
518.605,4.04545,363.544,2011.51,125.039,500000,100000,1,4.04545,125.039,516.4633538729972,4.340528993657528,414.2595927892036,2145.280768980164,104.53685109152268,529684.6211042524,106142.75801915357,1.0043156389522918,4.295862973120825,127.05006880382402
518.605,4.27273,363.516,2011.51,125.154,500000,100000,1,4.27273,125.154,517.5899855947042,3.9717195256033615,316.24148500802124,1946.4013587341176,103.61411598791626,549063.8253532791,96680.6693801239,0.9474870364669306,4.323865951380027,110.84745833510718
518.605,4.54545,363.487,2011.51,125.278,500000,100000,1,4.54545,125.278,518.2014452148211,4.250281730029816,414.4084309245449,2065.067903523253,144.81817378322614,530186.4739929308,98134.51889547486,0.9216441917199028,4.975194261483396,114.63718844167695
518.605,4.77273,363.465,2011.51,125.37,500000,100000,1,4.77273,125.37,521.7747916686566,4.725692839636578,335.77429016262505,1752.3441721143329,114.7419749288496,520438.79818211263,98893.71772048173,0.9278561423273546,4.53499445816876,134.10306372569772
518.605,5.0,363.445,2011.51,125.453,500000,100000,1,5.0,125.453,547.6857549380716,5.386910193398818,377.6987426563099,2022.206797398664,138.21350131033032,462777.3238750378,101087.80874160943,1.0298410515840266,5.195301727660895,132.919156970075
520.625,0.5,366.741,2011.51,111.592,500000,100000,1,0.5,111.592,503.41769154672807,0.4553215353103887,394.64372658629793,2111.0732726430124,117.74234738474073,519553.44427559496,97945.99640809224,1.015595779170039,0.4944962153183151,122.79315815291255
520.625,0.727273,365.623,2011.51,116.297,500000,100000,1,0.727273,116.297,441.3687844628264,0.7584332033398027,354.3989134891658,1967.1450213162188,103.43775182645922,529912.2372706775,101755.7653631666,1.023913350897908,0.710523235071498,121.00109825058917
520.625,0.954545,365.006,2011.51,118.892,500000,100000,1,0.954545,118.892,508.9043414993969,0.9330358472221671,381.170418237201,2037.1834244151155,116.03523676467384,512513.2578806354,102843.98746712715,0.9368056456615051,0.9077830800970828,134.93278490492764
520.625,1.22727,364.554,2011.51,120.794,500000,100000,1,1.22727,120.794,496.462273974972,1.196243351175948,374.93454976361096,1747.8228759581589,127.10908773756086,502187.5828816097,101148.86276409982,1.0368233078926992,1.3408117993156845,140.96642902649364
520.625,1.45455,364.301,2011.51,121.854,500000,100000,1,1.45455,121.854,517.5619730397923,1.5551363069553437,334.52940555397817,1845.5004218923204,105.06711678796424,480415.3393149629,99649.31369240378,0.9542796777107762,1.3907688602252402,131.46781596394507
520.625,1.68182,364.115,2011.51,122.636,500000,100000,1,1.68182,122.636,551.296394437734,1.634010961312579,405.19215116783033,1915.4116829967045,120.99961688546372,544984.4827364626,89835.50520031482,0.9952414695422102,1.608008226934636,143.72217161494007
520.625,1.90909,363.973,2011.51,123.237,500000,100000,1,1.90909,123.237,539.4844079155619,1.8510390068068496,353.92924794878564,1986.19201851556,152.26117393662352,468071.37981971295,97892.8896067972,1.0521406215669629,1.945907534227333,122.74998399575226
520.625,2.13636,363.859,2011.51,123.713,500000,100000,1,2.13636,123.713,519.6727758369559,2.2776165851677392,348.65906800706176,2075.380656397261,152.7181245278673,482822.6815046447,99926.13491360964,0.9324837591377004,2.0892063333153272,102.5546780569668
520.625,2.40909,363.751,2011.51,124.169,500000,100000,1,2.40909,124.169,542.7929794134072,2.325935794311316,319.5421227215719,1853.4505423384123,128.51421728094726,495913.5413637786,94397.13370878,1.021525210181577,2.5109336115601257,117.79978560303162
520.625,2.63636,363.677,2011.51,124.478,500000,100000,1,2.63636,124.478,487.1070249599063,2.728444822736269,401.4135807649032,2252.7354356032174,149.72394320909103,480012.70583361486,95217.12883143984,0.9501114166499574,2.530549933236975,135.16424587098885
520.625,2.86364,363.615,2011.51,124.738,500000,100000,1,2.86364,124.738,507.5346977560029,2.924064860009142,385.4640598865468,2230.652112713213,145.50153957190744,448618.8528485409,93466.18770572227,1.0507053806944813,2.6426056118925034,132.44658411759832
520.625,3.09091,363.562,2011.51,124.961,500000,100000,1,3.09091,124.961,514.6102314316104,2.977962755008773,287.10311115477185,1862.648410593657,116.34478953081212,502976.10296861874,100121.15623322967,0.9456276314729212,2.9618755903950387,139.9084174852974
520.625,3.36364,363.508,2011.51,125.19,500000,100000,1,3.36364,125.19,506.1703545649331,3.427054857903124,380.8550105485702,2232.343808391372,111.35476385541536,501267.7182236393,101767.89058673878,1.114324942160988,3.5348929476888142,109.51881463276214
520.625,3.59091,363.469,2011.51,125.354,500000,100000,1,3.59091,125.354,487.1523523001874,3.349441630501249,416.6107804758265,2193.101476906695,138.44354638092628,493876.6628707752,100736.38601323785,1.0392694397031914,3.1256989585232224,116.6778022504238
520.625,3.81818,363.435,2011.51,125.499,500000,100000,1,3.81818,125.499,470.9262036459986,3.981844663760621,333.57511961039074,1986.0037370583711,106.5066681296858,486895.6751945048,101408.63372131376,1.0052101774487123,3.871879552229496,128.21903604590827
520.625,4.04545,363.404,2011.51,125.628,500000,100000,1,4.04545,125.628,535.52646687585,4.2198205439838254,389.81556598386805,1739.0917716856138,76.81863414201862,523091.96406219655,98075.95554316044,0.924400480566075,4.058455604519977,123.91507028498032
520.625,4.27273,363.377,2011.51,125.743,500000,100000,1,4.27273,125.743,499.9044136863346,4.188523443811508,367.561460715416,1934.637001344738,145.05488283331502,486931.52294381766,101321.52617789277,0.9136304110923996,4.625479650490127,139.3381818600808
520.625,4.54545,363.347,2011.51,125.866,500000,100000,1,4.54545,125.866,542.3137020702519,4.868607197002557,332.8982663216307,1967.945545815792,117.81213049321586,478474.2088014081,97381.11531807556,0.990315203024144,4.694641700771184,111.59777756723298
520.625,4.77273,363.325,2011.51,125.958,500000,100000,1,4.77273,125.958,521.772003707803,4.722160397659612,281.1917397118787,2010.9358659990105,163.97597757620113,522140.2316509616,101416.2279458705,0.9861984211183464,4.782593311067063,132.760199675554
520.625,5.0,363.305,2011.51,126.042,500000,100000,1,5.0,126.042,556.1713607276369,5.119779781945693,363.9312482654291,1963.393431080213,139.82270633578133,519407.2730496222,101065.01966148164,0.9469126414594232,5.054778704999632,114.46689105885228
522.645,0.5,366.605,2011.51,112.163,500000,100000,1,0.5,112.163,506.1779500270126,0.5157182637064909,340.0134115697271,1799.0356442968498,105.31720225495806,482016.4673790347,96357.044555782,1.047216533314988,0.5093238002582147,112.94285087899156
522.645,0.727273,365.485,2011.51,116.874,500000,100000,1,0.727273,116.874,566.1709595808597,0.751290790182875,361.88517719757454,2103.4200082894085,128.40667283217283,518666.3063380367,98221.13148378913,0.9099841736035248,0.7425390725969353,113.66321373066393
522.645,0.954545,364.868,2011.51,119.471,500000,100000,1,0.954545,119.471,550.1416449802588,0.8673379626933247,350.8743410547,1866.6683069276385,111.03017359316462,468641.62811844354,99273.34290377796,1.0692066090048509,0.9275773285988764,131.68063205322065
522.645,1.22727,364.415,2011.51,121.375,500000,100000,1,1.22727,121.375,543.081135198934,1.2680322514964322,370.9006699200348,2063.215660810287,131.25391102154745,539048.5608107088,95616.49127229142,1.0717645103732558,1.2886061885230338,107.93409562372038
522.645,1.45455,364.163,2011.51,122.436,500000,100000,1,1.45455,122.436,522.3715226313118,1.430654178689213,362.7329883953587,1912.31526909346,106.1794959104944,504384.3455869488,92946.66653548284,1.0695239530741698,1.5423394374760782,131.91346873808325
522.645,1.68182,363.977,2011.51,123.219,500000,100000,1,1.68182,123.219,514.1118834676034,1.6612751359037534,433.3475422043964,2118.8928329120104,133.17969792701209,483349.6763886048,104375.96024884412,0.8934729938452876,1.681464587169963,111.46583543125996
522.645,1.90909,363.834,2011.51,123.821,500000,100000,1,1.90909,123.821,485.4620249258415,2.067032332591347,367.1492928586532,2089.654733242102,112.45875738459686,487287.9139159249,99556.90998507226,1.018909025401473,1.979510313839049,119.94392388446818
522.645,2.13636,363.72,2011.51,124.298,500000,100000,1,2.13636,124.298,502.4567363978107,2.467142821390103,362.6642515551272,1908.6266806412389,144.27972020956958,501693.76321879256,99156.48946080096,0.9569313737024684,2.208637732661078,128.96396770593626
522.645,2.40909,363.612,2011.51,124.754,500000,100000,1,2.40909,124.754,525.027428800724,2.395990449920088,389.4799019782437,2021.295419231713,132.8583795712547,552752.2093011818,100996.32771767022,0.9806044537090884,2.4902203693570844,101.39061980005756
522.645,2.63636,363.538,2011.51,125.063,500000,100000,1,2.63636,125.063,509.9987302331732,2.618547432727295,462.0305014231864,1980.755807004423,121.91266968241932,504922.3553230504,84860.36405874134,1.029725812152904,2.6918257849193203,127.54049381788742
522.645,2.86364,363.476,2011.51,125.324,500000,100000,1,2.86364,125.324,494.85715437180914,3.0401890092057737,400.7738136158597,2061.9530405291684,145.1696974423023,502490.99718171655,102380.84471948334,0.9397682583665372,3.14494611119307,115.07417014972631
522.645,3.09091,363.423,2011.51,125.547,500000,100000,1,3.09091,125.547,542.4924448553807,2.7863438941365355,395.2308214096328,2044.931443817776,115.52540740634112,490543.1419238297,96085.69287214382,1.0132363943608018,3.1489494747881865,121.40420064908784
522.645,3.36364,363.369,2011.51,125.776,500000,100000,1,3.36364,125.776,492.5489813384373,3.2178387793965744,375.2960629440086,2289.618251405522,130.2522756983329,501020.8434321432,103432.99096536904,1.062093926080051,2.887100868726608,123.22512912970984
522.645,3.59091,363.33,2011.51,125.94,500000,100000,1,3.59091,125.94,511.63399856014087,3.3296194131773285,352.9931123657003,1562.421543556224,120.72288688451329,494623.86072096095,97016.84469504992,1.0380147369471602,3.79054732274394,131.8903626762002
522.645,3.81818,363.295,2011.51,126.085,500000,100000,1,3.81818,126.085,555.9489906442045,3.676537080822805,331.37342743646184,2104.375241927796,151.11886275500578,510777.0246194418,98468.14767223466,0.9424057531320305,3.482239538670472,129.024707425315
522.645,4.04545,363.264,2011.51,126.214,500000,100000,1,4.04545,126.214,572.7825003684366,4.128843027287981,377.71625537597146,2017.7785489462285,102.29542077905188,479592.1918813749,101872.35899505216,0.9152401216146202,3.977432344436828,140.34393291274378
522.645,4.27273,363.237,2011.51,126.329,500000,100000,1,4.27273,126.329,514.4898582536149,4.161196385574637,432.1836330474866,2190.161826946201,118.3331135336681,476915.9073976792,100203.38551558917,1.0700803857617407,4.338440446669193,108.33059206717972
522.645,4.54545,363.208,2011.51,126.453,500000,100000,1,4.54545,126.453,543.7747796948042,4.561074997275799,364.0233627228369,2255.715232239912,137.25753858369458,490748.9531308892,101880.00504046824,1.0281021725943391,4.375810960369683,114.19905949416592
522.645,4.77273,363.186,2011.51,126.545,500000,100000,1,4.77273,126.545,494.9654148338722,4.642775021554832,415.3391146050468,1932.8173926238408,156.01598433769618,475523.335456784,103981.48543011112,1.007041600291403,4.723424962062032,125.87732804200726
522.645,5.0,363.166,2011.51,126.629,500000,100000,1,5.0,126.629,517.9511325352976,5.108920777981126,332.6835906714698,2145.7425920162186,118.19988559993216,467036.8577182964,96494.69886084652,1.1078330230141962,5.177192407861701,141.49857775012663
524.665,0.5,366.47,2011.51,112.732,500000,100000,1,0.5,112.732,569.935556690358,0.5310241399684633,340.88269511259494,2230.675846944612,132.19760419287218,526683.1187270847,104295.01312050372,0.9893075158224384,0.4917094269940436,124.3847655045385
524.665,0.727273,365.349,2011.51,117.448,500000,100000,1,0.727273,117.448,465.852258811044,0.7742965839982472,387.4922615480146,2020.7998806458456,119.25849093057911,518994.9385099549,95459.46494611244,0.9949286736523052,0.6986718010898856,113.70724852437796
524.665,0.954545,364.731,2011.51,120.049,500000,100000,1,0.954545,120.049,570.4383854953057,0.976263050974172,374.2899945927,1975.6911365131089,119.70902604620318,478654.12507844367,98145.01696658104,0.9144916622912894,0.9605287494351018,117.55886355854042
524.665,1.22727,364.277,2011.51,121.955,500000,100000,1,1.22727,121.955,571.4364083329089,1.2316675624396014,352.4704515572336,1371.875921426178,131.40205146323584,519859.9376140208,105272.84187055872,0.9880033832715972,1.2530092999604163,129.332360559205
524.665,1.45455,364.025,2011.51,123.017,500000,100000,1,1.45455,123.017,483.06311485434793,1.5069470288366449,376.872772464501,2302.881520294877,102.46274794903027,508582.6870275418,100178.01864337108,0.992415665426768,1.5974792723260416,134.26045399673575
524.665,1.68182,363.838,2011.51,123.801,500000,100000,1,1.68182,123.801,551.3163351700487,1.6780203037292,410.4678823595344,2021.5953138983689,162.9423096309623,472496.7081059292,95989.93284025144,1.0390616506248744,1.693292401035408,123.7683406640368
524.665,1.90909,363.695,2011.51,124.403,500000,100000,1,1.90909,124.403,540.842100260761,1.9863178726377293,333.2626138924445,1824.8977379179173,139.5284776376742,488176.5287780493,102772.7627522944,1.025401953302671,1.7974281509191783,122.51643872776746
524.665,2.13636,363.582,2011.51,124.88,500000,100000,1,2.13636,124.88,513.3465162123493,2.225656635370916,350.6838623915704,2082.705599328711,122.14551730237348,504445.924557048,96131.56524670764,0.9788607429169802,2.353837106442282,107.49996810499282
524.665,2.40909,363.473,2011.51,125.336,500000,100000,1,2.40909,125.336,545.518416777076,2.620055104273888,313.3885950205629,2056.126245096369,112.452847896935,474669.923344376,108838.8253288759,0.9707427395500726,2.488293089348537,137.80837451504826
524.665,2.63636,363.4,2011.51,125.646,500000,100000,1,2.63636,125.646,498.93574297828496,2.654791487615657,336.08457550855536,2021.3454492634608,122.3209109111924,523477.3060331646,96814.00359488802,1.0363354553557234,2.743615182176272,111.06230936896812
524.665,2.86364,363.337,2011.51,125.907,500000,100000,1,2.86364,125.907,484.6442959895065,2.793100692807198,352.27545679704536,1927.1258119379129,125.69182653523168,491265.2669151625,104542.10240080168,1.029254742633431,2.8564102258039594,122.4615430896676
524.665,3.09091,363.284,2011.51,126.131,500000,100000,1,3.09091,126.131,524.2591285809052,3.0871744148277576,392.3973735521322,2101.6565045849084,132.08779867142755,485269.3285538617,97641.9231822458,1.0837137113554556,3.169279725383584,116.14576918251592
524.665,3.36364,363.23,2011.51,126.36,500000,100000,1,3.36364,126.36,547.5610504406349,3.771162835258849,353.2496166694995,1853.8692912257045,105.47574023341446,505242.6578927927,96342.904298327,0.9521850349790216,3.372778381541284,135.65742944940266
524.665,3.59091,363.191,2011.51,126.524,500000,100000,1,3.59091,126.524,555.5292909799279,3.3428590834489618,260.92329707002966,2059.013097422028,125.28264244851844,437174.06647210673,100076.4006949484,0.9460146726232744,3.459823048482076,152.51621241569703
524.665,3.81818,363.156,2011.51,126.669,500000,100000,1,3.81818,126.669,563.5884249323514,3.6057433225718056,371.662399484832,2365.2852343570094,127.70777106641184,475901.9611968412,92089.53279436218,0.8843191484924731,3.774791596452817,144.79582096944029
524.665,4.04545,363.125,2011.51,126.798,500000,100000,1,4.04545,126.798,509.9237468406365,3.83022277018122,342.1231795100193,1752.2930256966813,123.57500428189906,528021.8615223591,105740.60387742768,1.04053982676503,3.863483250044134,123.14188168231578
524.665,4.27273,363.098,2011.51,126.914,500000,100000,1,4.27273,126.914,560.4557114448953,4.318632944503377,394.4753719156116,2025.630242731384,120.96749830766518,466825.64294068434,85887.40045981367,1.0322571128305915,4.241743430181661,129.12164585332798
524.665,4.54545,363.069,2011.51,127.037,500000,100000,1,4.54545,127.037,529.1180356341163,4.774713976902415,297.5120526443894,2158.197551695977,147.76424762527506,489089.3751228647,100277.52734527182,0.9089684438242206,4.634052752905871,152.7341132751935
524.665,4.77273,363.047,2011.51,127.13,500000,100000,1,4.77273,127.13,562.6230475282063,4.230514067810425,361.5655184686039,1614.278296202876,126.5271853461085,478202.3516201559,97769.7852462882,1.0074522438149929,4.69325932961857,126.83512144630949
524.665,5.0,363.027,2011.51,127.214,500000,100000,1,5.0,127.214,531.3474256096794,5.187395642843407,377.7951629877079,1981.8489798820656,92.09386159040376,490862.4714210504,97414.13124317024,0.9784585059452208,5.007206249006225,144.08475007891118
526.685,0.5,366.335,2011.51,113.299,500000,100000,1,0.5,113.299,523.2911108902656,0.5000529605254368,423.2103061780552,1834.627444587421,113.7711153814069,514698.33145634766,102858.76472731936,0.9910696642403934,0.4907078429040192,103.67774522716988
526.685,0.727273,365.213,2011.51,118.021,500000,100000,1,0.727273,118.021,507.4279593712373,0.7213473137485651,321.62498965176223,1756.6743388787186,124.80305044619938,516571.16732989385,96326.70212256782,1.0842937302348603,0.6889407552604817,113.11292477002227
526.685,0.954545,364.594,2011.51,120.624,500000,100000,1,0.954545,120.624,532.8855517724048,0.9048403494253576,322.3358584873052,1884.742671308792,109.91605924949609,468638.8733164557,99307.76363440354,0.9406786610415204,0.979182387031596,122.99577578796487
526.685,1.22727,364.14,2011.51,122.532,500000,100000,1,1.22727,122.532,530.9721268401976,1.23884747900578,354.89863383766976,1900.2816570643413,162.9076100000928,509230.1794605937,100121.7542281188,0.9839934098021874,1.1367121653600525,121.88121307394488
526.685,1.45455,363.887,2011.51,123.595,500000,100000,1,1.45455,123.595,513.3958488721197,1.4728941649558307,425.5279013257695,2191.536518718164,131.95789410511023,509695.04027910647,100810.83574062672,1.0313600406953258,1.4704237396548174,107.02600390944176
526.685,1.68182,363.701,2011.51,124.38,500000,100000,1,1.68182,124.38,555.6984402867434,1.806654835720983,358.44182759834246,1763.805555670292,154.92511044102844,452155.2457185718,103556.13735163612,0.9463359500528542,1.730855785844977,129.75675225880627
526.685,1.90909,363.557,2011.51,124.983,500000,100000,1,1.90909,124.983,504.2113649007855,2.1208790378214286,394.7231614699129,2128.2003850907754,119.65040473391576,522051.5709034738,91717.75637913168,0.9837858742520554,2.0209031879869634,138.6504647054034
526.685,2.13636,363.444,2011.51,125.461,500000,100000,1,2.13636,125.461,497.7802379900054,2.194448339155021,323.01695454730486,2122.194103310996,139.85021215427986,475857.61024740816,90944.39087520089,0.9644893459824538,2.11226974717913,103.81994739572902
526.685,2.40909,363.335,2011.51,125.917,500000,100000,1,2.40909,125.917,515.0297429167621,2.4652605410915487,336.75713860137336,2161.9088707864066,130.59430026030395,477302.0532466831,98641.37553330572,0.9566150444926348,2.280516165523488,111.8350505119013
526.685,2.63636,363.261,2011.51,126.227,500000,100000,1,2.63636,126.227,580.5248884476925,2.644690054472329,335.40027597587493,2131.337473656704,125.6970515463068,521025.6699582677,98441.806867154,1.058019992421137,2.65751653529658,140.9322266554525
526.685,2.86364,363.199,2011.51,126.489,500000,100000,1,2.86364,126.489,525.0156757890522,3.0398232111121017,385.2018369255989,2192.6538643757904,149.97164173094467,492316.24873118725,101323.78686778522,1.106243074880005,3.0132483599519264,119.62217305177914
526.685,3.09091,363.146,2011.51,126.712,500000,100000,1,3.09091,126.712,470.4403128334554,3.2464793070023994,305.7632819242721,2126.708904556432,98.2084260718745,497830.2417677167,101383.36106512572,0.981009287793206,3.1719461906967426,131.63195156515116
526.685,3.36364,363.091,2011.51,126.941,500000,100000,1,3.36364,126.941,544.1404230539049,3.4590028659013305,370.7933124625495,1850.8371915388093,101.0029496391815,505102.4332538074,98260.0977865336,0.9919338970231188,3.179160744428922,113.67743288492288
526.685,3.59091,363.052,2011.51,127.106,500000,100000,1,3.59091,127.106,526.5777448890348,3.613313432477471,315.9097032293221,2294.854396535504,113.77731641658858,541046.1139558143,99455.7152813006,1.0698354350565151,3.4989740045104742,127.4914293040646
526.685,3.81818,363.018,2011.51,127.252,500000,100000,1,3.81818,127.252,519.0485585169268,3.92648374961892,339.9198780003456,1704.532207377954,120.04130504675278,443974.6468886306,107321.56705916351,0.9765422219214284,3.945730526488091,144.76025247828125
526.685,4.04545,362.987,2011.51,127.381,500000,100000,1,4.04545,127.381,508.2170651203826,3.8562371419493537,431.65277524721085,1850.917351124783,98.7603661458915,503598.0913625732,93147.1322978288,0.9884050886307744,3.971626360379331,95.90233587057702
526.685,4.27273,362.959,2011.51,127.496,500000,100000,1,4.27273,127.496,567.2996982819895,3.949941364849384,360.7496986121569,2183.986729699747,160.33630192399167,479363.8559345296,102359.23543086751,1.0075088470579563,4.360344015965133,111.0318820850416
526.685,4.54545,362.93,2011.51,127.62,500000,100000,1,4.54545,127.62,521.5210323667308,4.364728586991177,311.6025116599725,1930.406375747468,150.70905302502837,490504.7503517666,113352.00481679628,0.9380242679668171,4.177901998807031,121.85260869202835
526.685,4.77273,362.908,2011.51,127.712,500000,100000,1,4.77273,127.712,542.9690617420235,4.94147133917627,399.9114239555821,1886.2042440271327,156.363776064646,525002.0263384714,98425.74444977792,0.9879743280154548,4.638198481097634,122.4724042018392
526.685,5.0,362.888,2011.51,127.796,500000,100000,1,5.0,127.796,549.0880572135752,4.6142944627406965,362.2627416458628,2368.3972787118323,127.12131607891853,498656.3253093794,101225.06039369942,0.979196649875684,4.741750700075507,118.10144558851576
528.706,0.5,366.201,2011.51,113.865,500000,100000,1,0.5,113.865,552.2826665497261,0.4954421324820752,358.53483612090827,2186.6901436646453,135.37167364955764,503843.1510565869,100589.40296552448,0.942918339445758,0.4638385880178352,120.86188103959324
528.706,0.727273,365.077,2011.51,118.592,500000,100000,1,0.727273,118.592,520.7834448332619,0.7534678279464571,323.4083169495176,2008.2491532312408,138.53470613838013,482883.04260058486,104009.6860716516,0.8984777240420698,0.7669258932266589,85.29661767181877
528.706,0.954545,364.458,2011.51,121.197,500000,100000,1,0.954545,121.197,537.5015352933833,1.02410450536909,362.6273389613721,1918.799306073223,88.47325747199946,512952.1555748336,105976.00836004932,0.9137850499834208,0.9625761551941444,135.36686516721628
528.706,1.22727,364.003,2011.51,123.108,500000,100000,1,1.22727,123.108,509.82947438660574,1.298510120438381,348.3394222047065,2080.065558536513,136.23957012952553,506164.997888452,103102.25263221945,0.9157616337125996,1.1738812837170225,129.5775722316198
528.706,1.45455,363.75,2011.51,124.172,500000,100000,1,1.45455,124.172,566.724434283047,1.5714525143972835,370.834957790032,2305.192451326546,141.54110769748038,481420.9454645563,107645.04334635272,0.9311892110343916,1.5853034131310002,140.85164809958735
528.706,1.68182,363.563,2011.51,124.957,500000,100000,1,1.68182,124.957,494.7208017402808,1.7311354301828836,323.1900879056936,2157.095190964521,142.004485720428,517655.9583734928,94815.2375968233,0.9823403455529536,1.6763554421797098,125.84745146302656
528.706,1.90909,363.42,2011.51,125.561,500000,100000,1,1.90909,125.561,535.1423367066337,1.693421414444885,332.4236513659654,1633.3290241267275,148.5116868569335,512239.01267592097,97541.52168570877,0.9263381954784486,1.885799555064892,130.5137941685456
528.706,2.13636,363.306,2011.51,126.039,500000,100000,1,2.13636,126.039,600.3544301174862,2.305529540790124,358.0212931848701,1737.4751386859666,166.3841220644561,451335.1858174065,95446.78778616944,1.013315118073567,2.1690183714359743,116.843763089381
528.706,2.40909,363.197,2011.51,126.496,500000,100000,1,2.40909,126.496,512.0189511911362,2.295428927109795,357.5669587654883,1937.520995545597,80.34122430391648,515207.3927465461,103966.28840183937,0.9801131435334032,2.246746033496127,125.48721990643222
528.706,2.63636,363.124,2011.51,126.806,500000,100000,1,2.63636,126.806,536.460849085809,2.2730085870130963,403.5889327599633,2293.9868099011896,106.15839928221118,493173.6005324281,98443.73812546072,1.0087312399074817,2.621772622738568,107.40693650804192
528.706,2.86364,363.061,2011.51,127.068,500000,100000,1,2.86364,127.068,550.1193130580807,3.1343584811813905,358.3851546680195,1696.8160987402707,131.92639865281777,491624.4769033146,102439.1051254743,0.9883568054091731,2.776780026529908,147.15131895541126
528.706,3.09091,363.008,2011.51,127.292,500000,100000,1,3.09091,127.292,589.9734237996306,3.090744461131893,361.9164125449639,2031.4071346648127,140.41830875722627,555368.7918159465,103218.80826857392,0.970668982358304,2.960631082510064,128.41728326019413
528.706,3.36364,362.953,2011.51,127.521,500000,100000,1,3.36364,127.521,544.7598673009178,3.614670126184397,339.7888033575444,1961.3352419287144,130.59638848018434,500151.67178291606,97697.11775185476,1.0441170191084632,3.3711607965876644,137.0274119391449
528.706,3.59091,362.914,2011.51,127.686,500000,100000,1,3.59091,127.686,547.0474311498016,3.3517322407763177,377.60480821928434,2103.7461323270145,143.2629348178254,449286.52836326015,99738.25608094,0.9694589370467224,3.716649660711094,128.6694735711111
528.706,3.81818,362.88,2011.51,127.832,500000,100000,1,3.81818,127.832,540.447110841243,3.8239585617326752,329.80444418431034,2037.2316803244,146.93666257246244,472121.5645063978,102141.82068831653,0.9510875288244968,3.7791577781787935,128.90614485032748
528.706,4.04545,362.849,2011.51,127.961,500000,100000,1,4.04545,127.961,522.684805835573,3.9784645760346784,372.6261982452673,2024.0090314891388,121.58310175298848,508988.5816408573,100369.743039759,0.9957135749062048,3.982248910129731,136.80053583572146
528.706,4.27273,362.821,2011.51,128.077,500000,100000,1,4.27273,128.077,597.6191040356132,4.515997657525531,381.257679911098,2068.7210478712173,112.19854227593687,521276.7327192174,99898.74273852626,1.0033142268095236,4.347734133304311,173.69529981553322
528.706,4.54545,362.792,2011.51,128.201,500000,100000,1,4.54545,128.201,558.5194148331045,4.16457761620189,423.0117389039647,2007.835765944068,119.29101468443648,492828.6881086944,96838.0973818229,0.9542170517528638,4.78978215234624,124.5146471182804
528.706,4.77273,362.77,2011.51,128.293,500000,100000,1,4.77273,128.293,530.6586020476819,5.280380809276249,363.633133067789,2139.811124502391,126.3352449327139,507181.5913935673,90640.75036849616,0.963252386109027,4.60592984402914,152.50213546395793
528.706,5.0,362.75,2011.51,128.377,500000,100000,1,5.0,128.377,480.2314379209856,4.823503708625273,307.5867385478944,2037.2390558691568,123.36121031167713,512633.3871672485,100905.46545959654,1.002236353749086,5.150549962954061,113.40201292171147
530.726,0.5,366.067,2011.51,114.429,500000,100000,1,0.5,114.429,508.60538588371855,0.529219222925278,392.8782430134506,1964.780103894856,130.44261706627597,478503.89825388417,98116.50947074158,0.9909064876572176,0.5346851111229182,100.99296390661011
530.726,0.727273,364.942,2011.51,119.16,500000,100000,1,0.727273,119.16,515.9907613955481,0.6902733111110099,306.5061614316461,1965.7277850266155,105.48789277290813,485459.3563399088,95892.54858498467,0.977616435208928,0.7208355876384918,141.05247354141898
530.726,0.954545,364.322,2011.51,121.769,500000,100000,1,0.954545,121.769,546.0393605919044,0.9952592296510892,318.80453890671305,2068.7607836554494,133.3175843029272,500365.86155072507,106122.10535896356,0.9862569060199698,0.997022247586602,144.4605189017772
530.726,1.22727,363.867,2011.51,123.681,500000,100000,1,1.22727,123.681,515.3627624814618,1.1978486924361416,376.19652764409193,2033.261150049566,146.84052571884345,514522.3830653847,100728.25358573585,0.9826536276082322,1.1026694554373382,118.31625592803772
530.726,1.45455,363.614,2011.51,124.747,500000,100000,1,1.45455,124.747,553.3707244673914,1.2688308003094166,393.1511357597354,2199.628933913333,116.39175084503827,492574.8736537767,103976.98292447506,1.0275786197347845,1.4237551689490426,140.98120626741996
530.726,1.68182,363.426,2011.51,125.533,500000,100000,1,1.68182,125.533,529.1647937329096,1.635239078501022,414.41588264323786,1861.192045361997,118.48779634946158,496737.2015178083,96772.3172314552,0.969864821523864,1.696845271381256,119.68026433934808
530.726,1.90909,363.283,2011.51,126.137,500000,100000,1,1.90909,126.137,550.4845680458025,1.889243834398794,311.2504993305763,2479.757593860205,120.51392197731604,529331.6433902882,107377.9028983798,0.9452068811025716,1.8398138245565696,120.8160150017912
530.726,2.13636,363.169,2011.51,126.616,500000,100000,1,2.13636,126.616,549.3940786929437,2.183898571117297,365.1677303361504,1992.2262033083243,108.1335699409341,491330.6373255294,104782.70042637254,0.9893810366374542,2.244278073280263,141.49091569483812
530.726,2.40909,363.06,2011.51,127.073,500000,100000,1,2.40909,127.073,548.1906810462748,2.3386844392318658,302.50785426157324,1838.23835832202,159.89593883584,485720.54383434594,99794.52623503984,1.1004286360588291,2.6303551481972605,143.7773450329193
530.726,2.63636,362.986,2011.51,127.384,500000,100000,1,2.63636,127.384,532.5756934048562,2.537491467499439,386.1780636487193,2219.9991778482326,102.52353385674331,491075.0031857713,95287.44664225444,0.9197809728965396,2.5878034092872726,112.01618479130298
530.726,2.86364,362.924,2011.51,127.646,500000,100000,1,2.86364,127.646,540.2850661876978,2.831939754596542,361.34043666288005,1825.7834490445464,134.88287431713724,502980.4422609177,99392.11923512438,0.9661188714729636,2.971045963545836,141.32257919410787
530.726,3.09091,362.871,2011.51,127.87,500000,100000,1,3.09091,127.87,507.2156148140684,3.175032624569373,377.9983485400276,2197.5320730593994,140.51168507043548,560149.6351457434,104920.80722576578,1.0538953143951089,2.944933538329614,121.51482367454476
530.726,3.36364,362.816,2011.51,128.099,500000,100000,1,3.36364,128.099,513.6690930704522,3.292959154711646,352.42962160130554,1921.063310520433,117.7762510180413,436166.9721896055,102950.59531951214,1.01928414951374,3.387675293722839,127.66495438168442
530.726,3.59091,362.777,2011.51,128.264,500000,100000,1,3.59091,128.264,500.0645845637165,3.366732776339738,318.5885177897013,1958.221898443616,140.447875656595,509501.2046830423,95156.25202450344,0.9431386510900088,3.309736072910602,121.35577457483193
530.726,3.81818,362.742,2011.51,128.41,500000,100000,1,3.81818,128.41,506.79045245658045,4.121619725124813,370.7663075527242,2001.185825586751,161.30182158429625,472250.7995878716,101342.93367138616,1.012365220587652,3.851481089398707,118.76291628857628
530.726,4.04545,362.711,2011.51,128.54,500000,100000,1,4.04545,128.54,515.2802458201076,3.7116286685584026,409.3521859679428,1934.688952509463,143.27626922703865,518277.7012703304,95684.24942485942,0.974156153553278,4.051474963910834,112.89967308553146
530.726,4.27273,362.684,2011.51,128.655,500000,100000,1,4.27273,128.655,529.2118044521955,4.367515329427333,308.0082979980781,2130.640717573025,126.2151878856979,477321.5054592215,93940.05797301052,0.9466694106423242,4.410053506750612,127.08106082307728
530.726,4.54545,362.654,2011.51,128.779,500000,100000,1,4.54545,128.779,523.6105793593388,4.89643453241767,393.0525270680636,2194.0764089400286,138.12413676048297,461468.4107533467,89944.89809161998,1.0229980094485445,4.301901372140264,138.22587762436424
530.726,4.77273,362.632,2011.51,128.872,500000,100000,1,4.77273,128.872,479.3668499600465,4.057949992613698,364.40154909169246,2180.2980011862105,126.58774225651166,519083.3047160347,98926.70669482514,1.0829551969132525,4.832115876958981,120.28274679613436
530.726,5.0,362.612,2011.51,128.956,500000,100000,1,5.0,128.956,517.8378831303331,4.924791178261242,345.29619449444345,1898.8059214208488,136.119034676607,501786.4901437072,103274.32689824003,1.0298646524644204,4.688770430261204,135.86845112527567
532.746,0.5,365.933,2011.51,114.99,500000,100000,1,0.5,114.99,493.1133814456092,0.4845962967776843,394.61050866567246,1765.553977337057,139.4717930652647,522073.0613252648,98936.68956089516,1.0143581381437847,0.4781143410693079,101.91227522087794
532.746,0.727273,364.807,2011.51,119.727,500000,100000,1,0.727273,119.727,530.8515474770651,0.7320590153683093,339.29738871038955,1740.4741203707165,117.21747528842312,484780.5419172914,96402.33820501296,0.9317768555900848,0.773004613852223,131.3753864015787
532.746,0.954545,364.186,2011.51,122.339,500000,100000,1,0.954545,122.339,541.6709432881901,0.8714176554544955,343.3931499670366,2154.707153673904,72.98047774495154,485531.5546558234,94640.54775214598,0.8877775781198094,0.9494486141169984,108.3489453923138
532.746,1.22727,363.731,2011.51,124.253,500000,100000,1,1.22727,124.253,525.4302320550051,1.3487665616976003,399.2394054216618,2345.448346526988,108.74650513969618,472456.6022704582,100954.35412872102,0.9910704527072578,1.2026951171470357,123.04230258335308
532.746,1.45455,363.477,2011.51,125.319,500000,100000,1,1.45455,125.319,563.9409945499535,1.4566204748657343,401.6875999633843,1759.2150460493772,91.3986559206341,474890.5986845099,102734.11856372024,1.0073219834787397,1.459992803988794,136.95306561207016
532.746,1.68182,363.29,2011.51,126.106,500000,100000,1,1.68182,126.106,508.6068703356588,1.6767169012366174,356.23233593838,2006.203493425572,98.34158174759128,490956.8056933095,107321.01675571888,0.9933613146184428,1.601513167677519,124.97759621378076
532.746,1.90909,363.146,2011.51,126.711,500000,100000,1,1.90909,126.711,568.5980745842916,1.9001534237987745,388.0180300430888,2231.9495265308174,124.14627871162274,487226.10017336986,100868.24602521866,1.0084621543660972,1.8000600472025197,125.21096690341253
532.746,2.13636,363.032,2011.51,127.19,500000,100000,1,2.13636,127.19,473.6492862459708,2.2952719044679304,392.85175063517386,2230.0947368221755,130.21361322438688,512501.6180959417,104222.52153503192,1.025616360342372,2.0293997493900706,144.78573138058957
532.746,2.40909,362.923,2011.51,127.648,500000,100000,1,2.40909,127.648,494.2837220249322,2.349897403962867,366.7689777142797,1946.9811893642209,84.1056476522013,518984.1557717522,104919.49048688036,1.003821032436969,2.587751229595872,126.63211842353236
532.746,2.63636,362.849,2011.51,127.959,500000,100000,1,2.63636,127.959,554.2043350310589,2.5795538501076383,418.52335367348337,2037.3836648706483,145.4745155396623,521823.7248011624,92959.77821328994,0.9348881814278028,2.8188324693439384,123.44207570575828
532.746,2.86364,362.787,2011.51,128.221,500000,100000,1,2.86364,128.221,525.5440359298002,2.817891568395693,360.609688871147,1893.4239101636367,97.73126278368488,492128.9087109304,106132.93029071308,1.0103689416250703,2.771881540116192,112.64254102274948
532.746,3.09091,362.734,2011.51,128.446,500000,100000,1,3.09091,128.446,590.2591579315142,2.769894321873524,383.25009283923447,1815.252758845756,130.74804298407437,449807.11091091007,101752.2215832085,1.0823069092147262,3.0143413759934643,114.63338570084792
532.746,3.36364,362.679,2011.51,128.676,500000,100000,1,3.36364,128.676,552.3315891905967,3.48057176915024,356.9641726561029,1944.207641514306,115.8309273344366,492793.8857372895,99103.5520854284,0.9318888552198936,3.5770049097994163,119.8755574424496
532.746,3.59091,362.64,2011.51,128.841,500000,100000,1,3.59091,128.841,521.9633440397678,3.3747216064880377,388.5025144524428,2095.908795311352,109.27409206185678,541692.7306210516,96310.4074870682,0.9201980776656306,3.597262279944003,128.19369584750996
532.746,3.81818,362.605,2011.51,128.986,500000,100000,1,3.81818,128.986,519.1447682216606,4.102661823746518,318.31006192086784,2070.309088530852,108.7102319758963,458238.69229452295,104762.27954344924,0.8863124016143427,3.928700456958903,125.11439112051778
532.746,4.04545,362.574,2011.51,129.116,500000,100000,1,4.04545,129.116,535.0238442156088,4.286404121017196,367.4987278718769,2109.0523332414805,102.28021963128366,508855.514821472,96051.3334227907,0.9345618847237868,4.102706479589487,147.33012423811877
532.746,4.27273,362.547,2011.51,129.232,500000,100000,1,4.27273,129.232,583.0712860594786,4.148194982813407,404.04592220532896,1652.8758912510468,114.15510337335496,520799.4843435148,93841.62601731742,1.0552801350944745,4.770458352662295,130.30468469920876
532.746,4.54545,362.517,2011.51,129.356,500000,100000,1,4.54545,129.356,548.2107556498738,4.588941377897581,340.25539963347256,2014.1457335059376,120.45316400955969,484380.1280397031,105095.94209157318,0.9777789620611058,4.6100742213778965,130.0785285546063
532.746,4.77273,362.495,2011.51,129.449,500000,100000,1,4.77273,129.449,513.9017206129743,4.460407726141537,366.91551681485953,1819.979874779228,130.80354689075455,475478.65237433166,101157.4645802973,1.0293514455489627,5.409818179460486,114.93837014494424
532.746,5.0,362.475,2011.51,129.533,500000,100000,1,5.0,129.533,588.0923848702065,5.2578539766085015,369.1531698264646,2167.299457466859,92.66390834120028,501517.5997532664,97874.58167934755,0.969618980673596,4.594299617651021,135.8764815875027
534.766,0.5,365.8,2011.51,115.55,500000,100000,1,0.5,115.55,533.8829605910872,0.5080458797505693,430.3853807401368,2091.942014450086,126.08072336133613,503700.6246798539,95869.61464897142,0.9180187079996052,0.4995810784820603,112.07033291233284
534.766,0.727273,364.673,2011.51,120.293,500000,100000,1,0.727273,120.293,550.0198613988294,0.7173053062482718,414.87819177129006,2020.18499132593,122.9281983886152,505573.5498887091,100902.873125091,0.9520594229234828,0.7441786755264812,107.83842916681184
534.766,0.954545,364.051,2011.51,122.907,500000,100000,1,0.954545,122.907,527.063690478844,0.997554107340176,318.0099784239345,1971.9734325931247,137.93199403514288,492058.3692308656,104215.43619648337,0.9626241421600222,0.9443378265535256,97.06574470644102
534.766,1.22727,363.595,2011.51,124.823,500000,100000,1,1.22727,124.823,515.1688037152426,1.1860637589716074,311.2868774081763,2048.138837218054,137.449737220399,498229.86531569215,98922.37653214988,0.9840740406656082,1.109218757414738,120.45123335476026
534.766,1.45455,363.341,2011.51,125.89,500000,100000,1,1.45455,125.89,519.6519422533704,1.608424721552492,418.5322467495658,2074.2423419892334,98.07299116729692,478025.1313477001,91189.02386068951,0.9950331782442996,1.333382074532788,116.82265835184477
534.766,1.68182,363.154,2011.51,126.678,500000,100000,1,1.68182,126.678,504.23241705671904,1.7064152878482557,334.4456388033773,1802.0133683649744,98.56738817433914,472333.52861842274,95405.47714726576,1.0614440963272016,1.655942453630416,116.79802744071242
534.766,1.90909,363.01,2011.51,127.284,500000,100000,1,1.90909,127.284,574.9256689691022,1.7428567846637295,382.8858947882316,2124.4895425587506,148.759958556916,495154.106724667,101573.02996977892,1.04315656155766,1.754952398548384,124.85694392633496
534.766,2.13636,362.896,2011.51,127.763,500000,100000,1,2.13636,127.763,493.2404768305355,2.0047742504710007,375.1342652390955,2086.3538180672945,123.4574657404184,483094.72948285454,98701.64132736364,0.932684623429147,2.24548018575867,140.2148772226902
534.766,2.40909,362.787,2011.51,128.222,500000,100000,1,2.40909,128.222,496.2117683251756,2.250018234216718,310.5153292654812,2238.794573877973,128.592075415287,537780.9774865763,96413.39431762966,1.0244889515827569,2.505173312248747,129.44700442972336
534.766,2.63636,362.713,2011.51,128.533,500000,100000,1,2.63636,128.533,515.869862415212,2.5146391965126886,334.5803156337036,1842.999725657936,131.65718803834125,465867.1698051252,96386.54944380678,1.0664543415970762,2.4647893722309515,133.22995317237564
534.766,2.86364,362.65,2011.51,128.795,500000,100000,1,2.86364,128.795,523.4372305040272,3.0583301860147105,411.5097220853117,2167.7331818737725,109.41382424084368,517282.951545911,89111.28382928636,0.9748764882175198,3.008350803192529,112.7010858961744
534.766,3.09091,362.597,2011.51,129.02,500000,100000,1,3.09091,129.02,527.0611976093845,2.895892519577441,359.9659212824271,1563.416754811528,114.69317659316292,485068.8612371746,94010.67347292585,1.045023732145201,3.093421268089901,113.1782808539592
534.766,3.36364,362.542,2011.51,129.25,500000,100000,1,3.36364,129.25,561.389158312481,3.506043456379158,416.5479908040074,1880.7943796788768,127.56726924896356,517959.5210709513,107118.43345365528,1.0002765736008945,3.5421414550411003,135.60762128230786
534.766,3.59091,362.503,2011.51,129.415,500000,100000,1,3.59091,129.415,535.68401644357,3.614524314333248,337.3945840480255,2292.723380780909,112.40521443773524,492499.28213136207,100904.99093041242,1.0012735880282655,3.661714457066071,106.10870339039064
534.766,3.81818,362.468,2011.51,129.561,500000,100000,1,3.81818,129.561,513.5118951983746,3.664686682573553,342.4591326492842,2006.961965094648,124.01682607106878,463734.71118723287,98450.3273632404,0.9347595831911396,4.159437056336458,135.21358609980578
534.766,4.04545,362.437,2011.51,129.691,500000,100000,1,4.04545,129.691,544.3665228060061,3.772779741854358,360.378089755664,2049.5248527779804,106.03241983149891,506831.013907022,103263.90258812558,1.022282915243776,4.32579237727941,140.17129426688413
534.766,4.27273,362.41,2011.51,129.807,500000,100000,1,4.27273,129.807,555.5575967790203,4.327356754360222,306.40665437177483,2309.9115867586406,162.43118277395814,491673.2640986776,102087.3844004522,1.1239586939619413,3.96129766091706,128.241846727333
534.766,4.54545,362.38,2011.51,129.931,500000,100000,1,4.54545,129.931,520.8361865866176,4.602644003939246,362.3192173817126,2177.5679799340514,140.094074224243,529608.3782001166,99405.45721514964,1.0340037051017903,4.3785812532456205,132.88117987435956
534.766,4.77273,362.358,2011.51,130.024,500000,100000,1,4.77273,130.024,535.8862257085993,4.693455499711896,391.080852829004,2111.7786261292777,140.46062377472217,475040.6794247674,100879.42721677988,1.0087478797123768,4.610514577021245,122.5525282443496
534.766,5.0,362.338,2011.51,130.108,500000,100000,1,5.0,130.108,539.2175331637495,5.0931918060691,323.22242791777785,1873.9774977678333,144.09051320757197,539902.677470822,103555.69461515166,1.0292442592544515,5.148377159643229,119.81846925059006
536.786,0.5,365.667,2011.51,116.109,500000,100000,1,0.5,116.109,472.4768286388134,0.4773373054766807,364.1992490097768,2351.840472836988,139.79994906320846,474999.4308482757,98646.87301390304,1.053471805219329,0.555608510615963,115.19440823692264
536.786,0.727273,364.539,2011.51,120.856,500000,100000,1,0.727273,120.856,483.6217357059661,0.7729211331009866,382.716348108453,2069.8267730185275,95.8258139326044,492136.8877300184,97625.88817770989,0.9323668766131428,0.7621764519644306,111.116959550964
536.786,0.954545,363.916,2011.51,123.473,500000,100000,1,0.954545,123.473,510.9291165796692,0.96032161417777,355.5562730584627,2028.423822456543,138.31007223046862,556104.2737800041,97532.90371076652,0.9938327504868152,0.991113807318318,148.49108254240562
536.786,1.22727,363.46,2011.51,125.391,500000,100000,1,1.22727,125.391,509.5665423004248,1.1066263882108431,350.6826190984139,1885.1020268724803,115.85989411257708,510499.7904491852,91759.23021974928,0.9834450186351896,1.2745327419540575,125.01490446816716
536.786,1.45455,363.206,2011.51,126.459,500000,100000,1,1.45455,126.459,505.10940641627593,1.4429602492543991,329.2147417122476,1729.3303920533865,111.035698850888,478332.682247866,102196.21590369228,0.9791032692548812,1.5386572716523406,120.78879033398762
536.786,1.68182,363.019,2011.51,127.248,500000,100000,1,1.68182,127.248,560.3781245984019,1.6506060976264672,375.82660074729336,1805.083999002962,127.03605757107675,495961.7789935892,97897.56064392292,1.0543164010706112,1.8948739477037784,121.27461556236658
536.786,1.90909,362.874,2011.51,127.854,500000,100000,1,1.90909,127.854,552.4875630436718,1.881371636723469,335.4771393481383,1953.1250284668245,136.7628437390408,505902.6691542057,93438.9171758872,1.0243615163778024,1.868978463249029,147.0808432911918
536.786,2.13636,362.76,2011.51,128.334,500000,100000,1,2.13636,128.334,512.4024285427708,2.060819519655231,344.4600971812466,1996.9112195013568,147.3733887429572,488985.3032529191,104114.16756359531,0.9856649086644704,2.193798954609469,141.79156116518
536.786,2.40909,362.651,2011.51,128.793,500000,100000,1,2.40909,128.793,497.9630007657104,2.623971023799601,357.12646364096497,2180.3405311742176,169.30649090948717,525544.0505427965,90528.87021951392,0.8974409491379982,2.359277228603346,118.43530276600812
536.786,2.63636,362.577,2011.51,129.104,500000,100000,1,2.63636,129.104,581.4638212522993,2.8208924718080888,378.6449618188784,2107.016820129512,161.188429730434,502017.8403734108,104801.8273610863,1.0627465750719058,2.5206675212957657,113.90965698857003
536.786,2.86364,362.514,2011.51,129.367,500000,100000,1,2.86364,129.367,523.2476482761822,2.7467771179024343,390.3429874190024,2171.192483314643,131.53594264443774,474788.1085620198,99344.13638935392,0.9504955996367008,3.008099491619285,133.37733728688625
536.786,3.09091,362.461,2011.51,129.592,500000,100000,1,3.09091,129.592,508.9815070095478,3.285989367752799,388.1839053565264,2055.845835851785,141.56424679673037,499790.90556306654,98187.9323533876,1.0604509369890895,3.0073083778847565,142.64487935110756
536.786,3.36364,362.406,2011.51,129.822,500000,100000,1,3.36364,129.822,536.194728274696,2.996649840138694,308.24160120717784,1715.0739045368562,121.57987467357322,510025.9226262567,89363.73343738762,1.024062430421605,3.254146701290274,128.97479893859543
536.786,3.59091,362.367,2011.51,129.988,500000,100000,1,3.59091,129.988,516.5705377447454,3.886492773247277,428.1713142510572,2281.34719221293,137.62988070879632,489899.2524304885,106722.65001588115,1.0013931531490248,3.797437978635066,120.5116124092145
536.786,3.81818,362.332,2011.51,130.134,500000,100000,1,3.81818,130.134,515.7395909563229,4.076711053527614,278.2195879519093,1905.702194737648,116.80703784827,483335.5802686362,97307.99026608684,0.97268723830224,3.644000364915009,114.72790033835344
536.786,4.04545,362.301,2011.51,130.263,500000,100000,1,4.04545,130.263,557.1042107036031,4.232610832711259,364.5264300476391,2058.778505407785,139.3533295909971,472659.2194814752,103284.69908194916,1.0166620985002208,4.3106087362577705,130.46463188140223
536.786,4.27273,362.274,2011.51,130.38,500000,100000,1,4.27273,130.38,540.5430214777977,4.156378565283629,402.5956194662338,2106.935150431291,145.82908325822163,528803.523368906,96435.96766197529,0.9356337881833292,4.116264365389259,125.69998500936052
536.786,4.54545,362.244,2011.51,130.504,500000,100000,1,4.54545,130.504,562.1914641720072,4.698746445147679,329.0052735355783,2013.2096331305024,111.4827411358618,494097.5033084412,103292.87458030626,0.9988256749379556,4.128862535145018,150.67605977130304
536.786,4.77273,362.222,2011.51,130.597,500000,100000,1,4.77273,130.597,539.6765778244072,4.865761878580655,402.25978634707,1938.6619920655644,110.2289068289084,467511.0203707771,96348.89213901472,1.0204859222034066,4.645487303464354,130.1551081694018
536.786,5.0,362.202,2011.51,130.681,500000,100000,1,5.0,130.681,538.9237390426499,4.632994587808162,360.1405576184507,1459.048204678464,114.3095572983596,503479.67909779,100995.34207043012,1.069525169203796,5.119980535885286,122.71065651250856
538.807,0.5,365.535,2011.51,116.665,500000,100000,1,0.5,116.665,435.44615669506265,0.5245794620249755,303.2007209285841,1787.823729871317,130.77853373058278,512613.01733547327,107305.0194296866,1.0308820232603784,0.4988205347988189,128.92519596187807
538.807,0.727273,364.405,2011.51,121.417,500000,100000,1,0.727273,121.417,526.7742799937481,0.6772948267682237,434.3730076342451,1915.614786796216,129.11188698329624,482182.60754997935,103132.52212635266,0.9883476141158658,0.7069806740711108,127.90056595362076
538.807,0.954545,363.782,2011.51,124.037,500000,100000,1,0.954545,124.037,555.5893302097452,0.8358871066807209,350.2049944269998,1771.86491621665,112.81216772410068,518446.41822930187,102094.19221232973,1.0254298971417506,0.9599548078192148,91.60841213407927
538.807,1.22727,363.326,2011.51,125.957,500000,100000,1,1.22727,125.957,578.8262802452817,1.164284410451995,326.92746375875,1898.88907150055,122.7832773201766,504374.1582037527,101837.78666828857,1.0453290835319071,1.107717836020257,113.06811263932975
538.807,1.45455,363.071,2011.51,127.027,500000,100000,1,1.45455,127.027,564.8571504604153,1.5194840614142566,347.3689208861864,2000.7324922926032,138.05960893472994,496864.7960425167,93447.0625060897,1.0396624513863626,1.388189581198891,109.30010994286108
538.807,1.68182,362.883,2011.51,127.816,500000,100000,1,1.68182,127.816,527.151593886844,1.6186654047877818,375.8912716218706,2005.240705870062,117.00233058403316,471015.0820140538,98245.99448233904,1.0444025984522836,1.7148541637348278,129.90104669488716
538.807,1.90909,362.739,2011.51,128.423,500000,100000,1,1.90909,128.423,489.014268309202,1.9960005712086195,336.4155997315418,1798.9328773548,154.0320717423952,478150.6938224303,93844.5900725736,1.014399886944182,1.9949330012780084,115.47661117196986
538.807,2.13636,362.625,2011.51,128.903,500000,100000,1,2.13636,128.903,563.432558731203,1.9738425986097488,423.8508655186647,1655.170227253981,132.35656654829052,515310.4648543564,96974.49783359832,1.013516956895954,2.147870064192824,125.24285237825836
538.807,2.40909,362.516,2011.51,129.363,500000,100000,1,2.40909,129.363,534.122778424888,2.400377646312631,442.69476397042337,1940.7963191375447,137.8023928105687,478984.0316377661,97655.74938223435,0.9888903647061288,2.133650302464958,135.39037947115918
538.807,2.63636,362.441,2011.51,129.674,500000,100000,1,2.63636,129.674,528.035527838964,2.535098172330047,295.89689169625217,2195.585984579667,88.10774459654603,486960.710451663,100945.4990158008,0.9739260971671598,2.575700758029812,143.20273148185527
538.807,2.86364,362.379,2011.51,129.937,500000,100000,1,2.86364,129.937,488.15137211833326,2.7588832858239605,403.04335016659286,2195.8330338621568,140.53721620022534,545976.013370666,94270.41906083382,1.0297359008452611,2.940829635213238,136.17373447573598
538.807,3.09091,362.325,2011.51,130.162,500000,100000,1,3.09091,130.162,544.9788949477446,3.142716486925337,396.369938036795,2514.622610907312,119.14299968474916,491777.9007901254,99941.06452114265,0.946439871418666,3.1266657442409755,145.53047530432752
538.807,3.36364,362.27,2011.51,130.393,500000,100000,1,3.36364,130.393,536.4810278805828,3.3468621173770963,325.7876341521477,2296.0520437632244,143.02788692675378,502226.3165470374,94091.86112031357,0.9588966294894672,3.573772443647856,118.36797978685571
538.807,3.59091,362.231,2011.51,130.558,500000,100000,1,3.59091,130.558,518.5823314366465,3.169324885608334,354.91078577940823,1809.230958147155,104.9395965287124,487242.8703974796,104986.43311759636,1.0867409792238552,3.416851044155885,108.0787327201592
538.807,3.81818,362.196,2011.51,130.704,500000,100000,1,3.81818,130.704,528.3388361410898,3.646151272585103,374.9387648175946,2166.5370056675915,111.36573800101984,494964.7072814369,107539.76436713348,0.9500039322401213,3.684027799252674,117.47544318913262
538.807,4.04545,362.165,2011.51,130.834,500000,100000,1,4.04545,130.834,515.5228525434803,3.7906750979246953,370.8143812002989,2255.492757023513,112.90458614935314,510696.24873650726,103421.40106284282,0.9622305536762276,4.151653218784244,130.71424353261258
538.807,4.27273,362.138,2011.51,130.951,500000,100000,1,4.27273,130.951,459.5177361266436,4.489846199082728,352.3047974741985,2021.6793399868363,130.03855962531716,532341.8236439752,100102.17530900064,1.0317559689024227,4.10773682703497,134.78851629374398
538.807,4.54545,362.108,2011.51,131.075,500000,100000,1,4.54545,131.075,487.4523182719751,4.942245883245906,397.28628518608656,1804.105569791378,126.1057450813926,458269.2798014973,103551.14555445088,0.9395122404578182,4.83062388537451,108.0493613328748
538.807,4.77273,362.086,2011.51,131.168,500000,100000,1,4.77273,131.168,562.5790864379235,4.756211722756764,367.723145195076,1948.91766409454,126.8692802975542,502065.041185604,100112.277139319,1.0013761342966871,4.479090801140285,129.7678108273172
538.807,5.0,362.066,2011.51,131.252,500000,100000,1,5.0,131.252,566.6271549279278,5.225581440282596,352.91399762743026,1683.2358789635884,91.85559197380812,484626.45050221466,107416.9504263318,1.0415300369300002,5.224439963508829,151.53649990703647
540.827,0.5,365.403,2011.51,117.22,500000,100000,1,0.5,117.22,580.1408026960959,0.5095913755966697,406.07072194481935,2048.996215271361,126.30779866449176,496219.33459891146,99237.1156102959,1.0641555377066807,0.4508805319049652,132.34577469382964
540.827,0.727273,364.272,2011.51,121.977,500000,100000,1,0.727273,121.977,562.4084593787243,0.7395028885724496,352.1806032928513,2252.2315284676874,87.93633520059737,529926.5978100569,99268.90383401196,1.0936551095925389,0.7285568910267055,124.5594422958095
540.827,0.954545,363.649,2011.51,124.599,500000,100000,1,0.954545,124.599,516.4180075225433,0.9210057696665852,380.13962410724105,1834.854080127644,93.3483035012684,535468.0398061504,97196.15496885072,0.9609440648017736,0.909197511998257,119.95200846506869
540.827,1.22727,363.191,2011.51,126.521,500000,100000,1,1.22727,126.521,535.7506078509181,1.290254685448799,355.5749154482148,2375.9903608395807,127.3636236561891,469000.0544073226,95260.46843243686,1.0351600978847766,1.33886238049734,143.29967098887806
540.827,1.45455,362.937,2011.51,127.592,500000,100000,1,1.45455,127.592,505.0255753487393,1.5182232935125597,354.95677881675084,1890.640231661298,121.06955331538757,497689.1491691901,102438.50574792767,0.9315278047301596,1.4890945072956432,118.42676387098643
540.827,1.68182,362.749,2011.51,128.382,500000,100000,1,1.68182,128.382,536.4983697815545,1.647592286640279,331.74445654774416,1855.207891311921,136.56188622877738,504209.7276456507,112089.2064427047,0.9833495137209952,1.837549047375358,127.07261409360024
540.827,1.90909,362.604,2011.51,128.989,500000,100000,1,1.90909,128.989,571.7460284047686,1.988254609710512,337.95812052455045,1789.4566888905963,87.65515808795793,463377.61119736,107381.1163408502,1.0090579967429048,1.9489436755506293,123.94004911524516
540.827,2.13636,362.49,2011.51,129.47,500000,100000,1,2.13636,129.47,514.5895534811513,2.0505486168834217,380.5885073227283,2046.9158335084423,125.30026361035036,537960.6311913726,94342.03555343514,1.009051295292155,2.2226001467413354,112.52086769666982
540.827,2.40909,362.38,2011.51,129.93,500000,100000,1,2.40909,129.93,610.6903195953452,2.5424932672188123,387.9963585695265,2125.0367369348164,124.65900229865076,466046.0039129306,98841.44245153049,0.9733608011641892,2.49535420215861,126.43051738283442
540.827,2.63636,362.306,2011.51,130.242,500000,100000,1,2.63636,130.242,549.3739018891221,2.868131919306803,364.18069255162,1741.3277796322022,139.53471497224135,496918.7776859447,90794.36283268662,1.0150106624174595,2.54453185250054,126.6139459881229
540.827,2.86364,362.244,2011.51,130.505,500000,100000,1,2.86364,130.505,552.4212832678353,2.938826721388277,441.1843976558281,2424.47534118101,141.3808919413237,494070.1322669802,101456.97234079956,1.0901609906239382,2.957933914956148,145.78857161488196
540.827,3.09091,362.19,2011.51,130.731,500000,100000,1,3.09091,130.731,516.748415152164,2.9556326815848584,323.93046259138083,2613.863970901952,125.52726520075124,485404.20683752646,101139.03698048928,1.013640337426868,3.2243061070105217,113.91294767512
540.827,3.36364,362.135,2011.51,130.961,500000,100000,1,3.36364,130.961,529.0396358088115,3.867714803097909,362.09799334458273,2313.2805448149406,130.62756817414,471611.7728950488,103354.21174211912,0.9582198904106092,3.473137409963606,131.08035631330168
540.827,3.59091,362.096,2011.51,131.127,500000,100000,1,3.59091,131.127,584.8078827453153,3.4967317889278577,327.4526072655672,1707.3058813185764,128.52109109151317,482967.9425295812,98214.16935005634,0.9551237294020894,3.765073889763783,139.2734436695629
540.827,3.81818,362.061,2011.51,131.273,500000,100000,1,3.81818,131.273,474.8270684900618,3.48315936060292,336.3673337063475,2292.580902283896,100.2710090249543,497762.68759164674,104060.88229578536,0.956419122424956,4.0057654962623,117.55547155652596
540.827,4.04545,362.03,2011.51,131.403,500000,100000,1,4.04545,131.403,562.7212326528742,4.103474666646677,364.2723059900035,2081.46819299054,142.40324176740577,456423.9204023861,101343.42165672118,1.0286128254584164,4.3002649229284895,133.4132748161488
540.827,4.27273,362.002,2011.51,131.52,500000,100000,1,4.27273,131.52,574.4356815641487,4.086674224141103,436.0415420754946,2089.6616260247024,117.98125085235525,514337.2105054954,92956.81467998787,0.9736794003606126,4.285471995541114,129.14812697526804
540.827,4.54545,361.973,2011.51,131.644,500000,100000,1,4.54545,131.644,506.933325444983,4.582959198067523,391.2832817630454,2317.0440899063856,149.35758802309584,495253.14130078605,104008.77986875382,1.0692946857966787,4.452874396756336,126.96204232723788
540.827,4.77273,361.951,2011.51,131.737,500000,100000,1,4.77273,131.737,518.18309298292,4.591303641853161,317.2981310616772,1877.694744515581,124.37145078803547,513327.03000176896,97414.0560389874,1.0078822648603218,4.182711721278042,133.3171317308299
540.827,5.0,361.93,2011.51,131.822,500000,100000,1,5.0,131.822,539.8078893775169,5.221367645735024,346.7557247248017,1894.2476323193584,137.00049300387712,510704.1931877865,102109.30352940992,1.0970530482130016,5.10140069741427,133.15668602799587
542.847,0.5,365.272,2011.51,117.773,500000,100000,1,0.5,117.773,549.1946484243783,0.4617467267814167,370.9257239951057,1860.4396442442128,124.14994325965569,512216.44490835327,114759.56901761248,0.9995328456624378,0.4602640200723647,117.57080861767034
542.847,0.727273,364.139,2011.51,122.535,500000,100000,1,0.727273,122.535,478.65926777231226,0.6190535967264835,327.5285937066739,2113.239572059716,153.55170986057146,509118.50830472633,95312.0051744391,1.012082374506241,0.7489998476845211,135.6981839616316
542.847,0.954545,363.515,2011.51,125.16,500000,100000,1,0.954545,125.16,538.8711703668615,1.0066882335977103,438.82207076893246,1987.7418234323409,121.24815538959564,485026.28026356513,95645.99874592436,0.9644084143393132,0.9447875755839804,112.03035769165773
542.847,1.22727,363.058,2011.51,127.084,500000,100000,1,1.22727,127.084,541.088928654275,1.332666732912237,375.2652111882351,1826.2856168360004,116.9991559919978,494142.8558388245,103851.32930632473,0.9387751221646145,1.2528882776460728,100.81763482531127
542.847,1.45455,362.803,2011.51,128.156,500000,100000,1,1.45455,128.156,568.4616565576575,1.4441625756415712,370.0106712479762,2090.7902951283545,119.1777569943924,464132.2055974853,102543.0305301318,1.0461413794801968,1.5881774323600573,143.7696274246529
542.847,1.68182,362.614,2011.51,128.947,500000,100000,1,1.68182,128.947,565.3886710269936,1.6851413221462537,367.4632270038287,2077.3760294715844,135.3019219641523,493115.9776132956,101978.12762685744,0.9033005543396176,1.668738349689587,116.6020549849409
542.847,1.90909,362.47,2011.51,129.554,500000,100000,1,1.90909,129.554,540.7084976690804,1.9991529261183576,332.67812759318053,1733.8967014674795,165.83245173174234,486313.777372418,96364.3599126178,0.9870851192892556,1.927930484723385,154.63767011392812
542.847,2.13636,362.355,2011.51,130.036,500000,100000,1,2.13636,130.036,547.1255723572996,2.1563458120030083,352.28803521755384,1619.2429732167284,142.5247795154447,499259.7710080381,105362.62673340629,1.0676310771777755,1.9176153518405523,133.93836973229773
542.847,2.40909,362.246,2011.51,130.496,500000,100000,1,2.40909,130.496,536.426819552527,2.3536583991185305,330.15565511734985,2259.898087298828,148.39683333921724,515934.6038490078,95911.5025386336,0.916575058680068,2.434755840183326,137.38917123322994
542.847,2.63636,362.172,2011.51,130.808,500000,100000,1,2.63636,130.808,602.8208879068939,2.711279043516594,379.722750180974,2293.331906129639,132.49489723133505,489865.8667542684,97884.62045772062,0.9435830443851356,2.649527612335102,114.96106769786728
542.847,2.86364,362.109,2011.51,131.072,500000,100000,1,2.86364,131.072,518.8066460460069,2.753715005880105,389.6265037756679,2000.8910990676447,130.26649464446612,490912.1483777245,99902.06746973471,1.00541247262834,2.822850142306573,147.88006751816886
542.847,3.09091,362.055,2011.51,131.297,500000,100000,1,3.09091,131.297,543.4817296810863,2.9817663586338723,355.56028339488813,1779.4099269640449,137.10640565050065,486655.8027078933,95334.8331782005,1.0264249070960512,3.115722321871062,141.1240910771637
542.847,3.36364,362.0,2011.51,131.528,500000,100000,1,3.36364,131.528,512.8608191368861,3.3244307325927083,317.8427086140698,1826.3096025186865,133.60340640831802,524464.6610957469,97461.52334853982,1.030148399480272,3.5052481365261423,132.49614450742996
542.847,3.59091,361.961,2011.51,131.694,500000,100000,1,3.59091,131.694,510.0357295958617,3.717588069840578,369.200626842154,2239.489830898437,141.4729355616975,501821.4547906076,103342.48552419356,0.9244223842881012,3.668551688823523,146.91500640182173
542.847,3.81818,361.926,2011.51,131.841,500000,100000,1,3.81818,131.841,526.7107726082585,3.6594732611052376,360.8801682196465,1917.899911350068,134.09838165565705,537295.2608301139,105645.9532522715,0.9917036713276172,3.6242507457267137,151.92184021849764
542.847,4.04545,361.895,2011.51,131.971,500000,100000,1,4.04545,131.971,602.949118316351,4.019857259646716,413.5317644099824,2217.191486880636,124.99889821048085,528264.0508154558,109242.02201141587,0.9799889294101974,3.6418465278844616,133.8950063980068
542.847,4.27273,361.867,2011.51,132.087,500000,100000,1,4.27273,132.087,506.8875721179002,4.559645546481094,362.9066449725427,2083.9776645376696,184.9178580721196,548456.7245610126,95646.28522770852,1.043897010804163,4.286867792046623,135.95616650602517
542.847,4.54545,361.838,2011.51,132.212,500000,100000,1,4.54545,132.212,523.209872873964,4.444557715793546,368.80041699084376,2026.829408645708,146.67472190704427,489990.6435231642,108392.47410100124,0.9246742057851434,4.9922332596191925,123.08930468115956
542.847,4.77273,361.815,2011.51,132.305,500000,100000,1,4.77273,132.305,516.0433061207697,4.421151576021255,333.71947099853645,2113.07254762242,193.1426605976939,450661.9339658165,99368.2626497344,1.05156283157935,4.876766194891117,129.9929641900329
542.847,5.0,361.795,2011.51,132.39,500000,100000,1,5.0,132.39,571.7310936626864,4.978403753912126,396.3114745039748,2171.026499742646,140.85672767176413,480324.0712319307,104740.01890863232,0.9704949628926712,5.173840930966032,140.48403583757212
544.867,0.5,365.141,2011.51,118.325,500000,100000,1,0.5,118.325,613.1238214357547,0.4986412181399949,347.8159296538435,2266.383001716172,102.80291912240976,536300.8888782273,95942.37227949576,1.0654868471772885,0.5040894669170507,128.16125526335554
544.867,0.727273,364.007,2011.51,123.091,500000,100000,1,0.727273,123.091,536.5405484001568,0.6766361603879748,379.6725822625803,2050.766971740002,125.8813157255049,536182.1598703533,98050.33302555433,0.9964602280305312,0.7737289194332065,124.80023362933932
544.867,0.954545,363.382,2011.51,125.719,500000,100000,1,0.954545,125.719,544.9503678313498,0.9727419278946274,376.3750375802754,2250.817286310337,114.33200867580015,507693.1057404101,100364.24852670165,1.0014480704830413,0.9594754063582696,122.47213897095516
544.867,1.22727,362.924,2011.51,127.645,500000,100000,1,1.22727,127.645,519.6022526252736,1.255708603460085,340.0191995309392,1483.168850324294,120.42963872773896,512324.6870457321,94067.18775520926,1.0621737804326274,1.1809243669070295,130.29378698118327
544.867,1.45455,362.669,2011.51,128.718,500000,100000,1,1.45455,128.718,550.3701297497154,1.5142984643357829,356.70958901242426,1758.4598314129742,105.73540898196272,501289.9679155226,100880.9442870568,1.0737949826424638,1.3827843235492066,136.0680837624543
544.867,1.68182,362.481,2011.51,129.509,500000,100000,1,1.68182,129.509,536.04263774374,1.549544138640061,400.5979137063782,1803.438033058523,114.92252109516345,498950.6088668518,102158.5482624817,0.991907183422954,1.568424912616082,118.75103576495272
544.867,1.90909,362.336,2011.51,130.118,500000,100000,1,1.90909,130.118,505.56261613475294,1.8895423256278727,357.55200494743724,2348.8427783721163,122.13533606327876,465642.64702469774,100091.09615206908,1.040741243434251,1.823951629245561,124.97091500416424
544.867,2.13636,362.221,2011.51,130.6,500000,100000,1,2.13636,130.6,562.2630590824822,2.01132793619349,364.44318111270456,2086.0499885789823,136.36117061922675,479238.3176535562,99712.3053092384,1.0561640120709932,2.2145495994692177,144.19666384337933
544.867,2.40909,362.112,2011.51,131.06,500000,100000,1,2.40909,131.06,526.2366650565748,2.3380150184185147,346.75798294384185,1743.1266623449285,132.73912985339052,521602.8930629167,102121.64898718656,1.0209748835083414,2.3679521880593075,128.9293042511973
544.867,2.63636,362.037,2011.51,131.373,500000,100000,1,2.63636,131.373,576.982644540796,2.8432142340345874,354.4465317982952,2250.780900512541,95.78081841789428,481973.2218513463,88233.71652578033,1.0332248924690943,2.781990884116293,139.8846084079138
544.867,2.86364,361.974,2011.51,131.637,500000,100000,1,2.86364,131.637,559.2237384884097,2.821009614321888,495.6012087196574,2400.554533914769,124.59097760027694,520602.2325540712,99479.75422652072,0.9160997787611403,2.9463262504766607,130.39489032563856
544.867,3.09091,361.921,2011.51,131.862,500000,100000,1,3.09091,131.862,603.3938033640504,3.061584750707524,358.59317412900185,2098.430196469304,144.90546469330997,490214.2554749072,94866.95680397768,1.0137453559143272,3.041820465214082,134.99624039898322
544.867,3.36364,361.866,2011.51,132.093,500000,100000,1,3.36364,132.093,550.5470197265802,3.424788330344,358.23929393199063,1831.579664144624,140.49061060579592,540731.6595791925,103706.19659893752,1.0216923273976464,3.1581619061453603,116.1589632599932
544.867,3.59091,361.826,2011.51,132.259,500000,100000,1,3.59091,132.259,557.0131445214766,3.614776707681686,384.1495367305218,2086.142628668172,153.53269848307448,523410.6087586492,93179.1864418282,1.058200096127945,3.445880712028077,130.13155288277102
544.867,3.81818,361.791,2011.51,132.406,500000,100000,1,3.81818,132.406,577.9585922245336,3.87229823499666,422.93077868460574,2283.658477008941,168.90068339548677,479157.9897520536,97512.12833602024,1.0031029914128284,3.811060129216276,157.85352907354783
544.867,4.04545,361.76,2011.51,132.536,500000,100000,1,4.04545,132.536,483.4116872400199,4.320002857692272,381.45516845103504,2166.320694697124,142.23225264526826,513610.5040274986,102917.20426077933,1.1079716447272874,3.9545675165888174,144.70051834216488
544.867,4.27273,361.733,2011.51,132.653,500000,100000,1,4.27273,132.653,562.0232139998673,4.23053068032934,447.911089178688,1711.0012476905474,134.64728157305348,535124.6373294132,102435.4689382435,1.0704383738257046,3.980066690568314,148.65775430055973
544.867,4.54545,361.703,2011.51,132.778,500000,100000,1,4.54545,132.778,539.1629068850789,4.5755202019044345,364.4950590114766,2266.2889382448684,118.797655298244,503173.9352105794,102167.73967097052,1.004390772446743,4.705934012466246,137.68419376779775
544.867,4.77273,361.681,2011.51,132.871,500000,100000,1,4.77273,132.871,542.2516203721528,4.780760108330065,333.32939778422934,1873.6065431295,190.57620472440487,523751.6668198772,89444.09467958675,1.0199478241517408,5.001138255399877,128.42396016876145
544.867,5.0,361.661,2011.51,132.955,500000,100000,1,5.0,132.955,554.277239445487,4.717527978024313,357.0434915762219,2047.3725056521496,133.17354187535423,504077.81671946606,101254.51246368334,0.9486995972189564,5.26480418914424,139.5497033744297
546.887,0.5,365.01,2011.51,118.875,500000,100000,1,0.5,118.875,536.3818020693254,0.4988828399639952,371.95364123190376,1937.4201266132447,128.58849800449636,489295.0530357001,95330.7311423729,0.9665357184957664,0.4822378450760149,126.56317235128634
546.887,0.727273,363.875,2011.51,123.646,500000,100000,1,0.727273,123.646,577.9987665124771,0.7189424476621111,367.5549328398419,2113.855110889126,135.36297292763135,479180.9633268548,95442.99681788996,1.0015394596984468,0.6706445651945805,119.80547312145978
546.887,0.954545,363.25,2011.51,126.276,500000,100000,1,0.954545,126.276,534.3350772675104,0.9257674819160644,352.70065417119093,1904.403949527335,169.18234688200204,499670.245021537,100024.42824941626,0.972584858763666,0.9137879727728958,126.45371875964122
546.887,1.22727,362.791,2011.51,128.204,500000,100000,1,1.22727,128.204,505.94615337388666,1.2892698916656544,286.08801260221856,1878.3186393952503,120.445503559355,508541.6344669103,105705.50407253816,1.019123843698181,1.1437411190411977,141.74800887966836
546.887,1.45455,362.536,2011.51,129.278,500000,100000,1,1.45455,129.278,565.8315815957919,1.451863359861185,398.2614505172628,2272.429892718113,132.9489009893025,516512.3412293512,97201.3340613237,1.0702550852334354,1.3417461392698138,131.7145359383014
546.887,1.68182,362.347,2011.51,130.07,500000,100000,1,1.68182,130.07,537.6027685605703,1.5406137124992874,307.7932971876525,2241.672463669924,120.27848960723868,464995.4125810506,99741.00052754872,1.0689372776287709,1.695495121853988,146.67734916528084
546.887,1.90909,362.202,2011.51,130.679,500000,100000,1,1.90909,130.679,538.9972553772417,1.8475979248968688,328.5492107507615,2057.362921203721,89.29164517804023,480699.8183933561,99824.3353769877,0.998500783545294,2.0101117532242565,122.32100034060606
546.887,2.13636,362.087,2011.51,131.162,500000,100000,1,2.13636,131.162,581.7424013249832,2.1836540242755955,404.5019160864866,2313.8312204834165,123.5291356519074,485005.1131917398,100597.89905852028,1.0102394922460514,2.10836436278453,144.6824109626712
546.887,2.40909,361.978,2011.51,131.623,500000,100000,1,2.40909,131.623,578.1514778584836,2.3890983584232663,436.4115727067468,2305.6323070606727,130.1527187436508,509145.1620008009,96738.99738060254,0.963957076669037,2.367992487333733,147.16840564524708
546.887,2.63636,361.903,2011.51,131.936,500000,100000,1,2.63636,131.936,540.8557677312514,2.665673390108528,305.8081571053965,2011.4598781154589,129.31987644817454,479106.86694694863,97086.22025725752,0.9797104772646495,2.34427084348744,119.84894740801828
546.887,2.86364,361.841,2011.51,132.2,500000,100000,1,2.86364,132.2,562.2778899126879,2.766890271688818,275.67607786037587,2114.094875258386,148.67127239628667,487405.8897697884,107121.6200604898,0.9004222097031375,2.745394476914985,133.22391631125652
546.887,3.09091,361.787,2011.51,132.425,500000,100000,1,3.09091,132.425,591.9471420097108,3.1668780644330328,368.402226633778,2323.7522835658147,140.69913127621288,498241.9588081889,102240.4397928894,0.9986203521602948,3.3571604789946936,156.02577112485957
546.887,3.36364,361.732,2011.51,132.657,500000,100000,1,3.36364,132.657,592.3876232302705,3.335052560504673,315.3416529038189,1930.4235980932324,114.50197437574292,514347.9594941215,106117.18455182822,0.9315843745690656,3.3729940788308377,135.00276230424728
546.887,3.59091,361.692,2011.51,132.823,500000,100000,1,3.59091,132.823,557.4136564186521,3.821106792192869,382.519460907268,1538.277013958007,130.684473834214,519437.8289158226,94911.5599960921,0.9483280641635912,3.726913168679813,125.82287967947109
546.887,3.81818,361.657,2011.51,132.97,500000,100000,1,3.81818,132.97,579.5255375975535,3.751325380586148,351.3950845740139,2192.925083355069,92.2558732706208,509271.3690605301,98702.4998438165,1.0348958629345444,4.057931083429507,127.42559300074991
546.887,4.04545,361.626,2011.51,133.1,500000,100000,1,4.04545,133.1,558.4675475350144,3.9845216506845023,345.92461655134065,2057.3898332619096,112.53069753922566,469792.0375149853,106769.72055270236,0.8769859611898758,4.347962078373704,127.69129214930604
546.887,4.27273,361.598,2011.51,133.217,500000,100000,1,4.27273,133.217,569.6159273297802,4.357265430370461,319.8340023182348,2076.1756886254566,126.09613679437932,481350.97545029456,105709.77057400078,0.8901197802947882,4.118595918140816,136.14298472170725
546.887,4.54545,361.569,2011.51,133.342,500000,100000,1,4.54545,133.342,550.9087202465722,4.5085753687022825,347.69452920408736,2003.699763839064,132.13565225359602,464580.5726545879,102860.51156907626,0.8933206856182173,4.921976168659041,132.2331589789657
546.887,4.77273,361.547,2011.51,133.435,500000,100000,1,4.77273,133.435,545.941863328227,4.696576775987807,317.327719971682,1768.2096730824926,138.95567925942336,484057.47820509993,98063.83642330708,0.8937931331360365,4.538824326927823,155.1613769485935
546.887,5.0,361.526,2011.51,133.52,500000,100000,1,5.0,133.52,514.608075330644,4.737209098412452,348.22286850632275,2142.6297561398246,124.27894249616708,533037.595609092,98362.15078164345,1.043395293516841,4.951193783504494,154.01531641136228
548.908,0.5,364.879,2011.51,119.423,500000,100000,1,0.5,119.423,592.6017601513801,0.4601293536274795,329.3544146992491,1914.552820657044,117.40060104719394,510695.0181991815,91452.09807997086,1.0413099134037993,0.5186660425938636,117.57349759414316
548.908,0.727273,363.744,2011.51,124.199,500000,100000,1,0.727273,124.199,567.1207089417976,0.7751778877075923,332.02302157001026,1962.641817533612,158.99812416515795,466789.3672231537,102871.41457114316,0.9705921340901098,0.7029958949817462,134.22328532714215
548.908,0.954545,363.118,2011.51,126.831,500000,100000,1,0.954545,126.831,545.8383114895096,0.9790311278642112,415.8443166201537,2390.381342750081,97.5559816527025,509481.34278985736,88099.90849282633,0.9946091935582464,0.9766360075167936,129.0754852078668
548.908,1.22727,362.659,2011.51,128.761,500000,100000,1,1.22727,128.761,566.5913593996696,1.211735922017615,326.16054480531704,1895.8121780232689,125.36470617464262,467427.6027219889,103176.54076756266,0.9728325850187188,1.2294172675776651,123.71337901997164
548.908,1.45455,362.403,2011.51,129.836,500000,100000,1,1.45455,129.836,554.1776330853002,1.4203191188483084,305.9008815951091,1894.484942084828,78.95911987083501,535441.6203658655,102436.51367396297,1.035165248244404,1.5435880617967193,150.73750019758594
548.908,1.68182,362.214,2011.51,130.63,500000,100000,1,1.68182,130.63,635.574295971664,1.6047953701154232,299.6489504154495,2483.7420219627443,122.915574042054,477924.98968709353,103255.6192834449,1.1017206162894395,1.7813985016588991,141.37666005645264
548.908,1.90909,362.069,2011.51,131.239,500000,100000,1,1.90909,131.239,545.3181253849262,1.822761415735928,315.00419687209734,2073.259337970062,160.52470049297847,494615.24235332105,94476.03802000174,0.9562948877405772,1.8962565676815808,120.39972635482587
548.908,2.13636,361.954,2011.51,131.722,500000,100000,1,2.13636,131.722,554.5930246981626,2.174171642084052,303.580217246045,2315.6581194938285,135.00304585209125,536661.6811385001,100426.49712006396,1.0125447307758202,2.115619469499075,143.93030466096863
548.908,2.40909,361.844,2011.51,132.184,500000,100000,1,2.40909,132.184,552.5066223134393,2.528538268670216,361.6225874903951,2208.6398594834377,161.24315538514918,483349.20485736174,95279.60472876907,1.0733940967374909,2.2728360147518063,132.16010173261097
548.908,2.63636,361.77,2011.51,132.497,500000,100000,1,2.63636,132.497,541.4311347331919,2.6925893289955005,359.66427961580456,2057.916172549232,139.67040146457077,495450.6682169408,91387.86906321344,0.9948492533156096,2.694765753845667,135.49069361157518
548.908,2.86364,361.707,2011.51,132.761,500000,100000,1,2.86364,132.761,565.8989852171217,2.776277539128344,347.8295343726822,1582.1810642994833,103.21412832847244,498349.12821720255,98652.95742321786,0.9962892588462484,2.8326890051352795,119.48277825971834
548.908,3.09091,361.653,2011.51,132.987,500000,100000,1,3.09091,132.987,556.9791991874953,2.9148545290145966,358.2796966938866,2008.23930035932,136.18780035629152,438193.77319902886,101228.1550671166,0.9873931914211338,2.955934846391465,126.87131947335963
548.908,3.36364,361.598,2011.51,133.218,500000,100000,1,3.36364,133.218,564.7964115208347,3.188043539141275,345.03851110324666,2058.063134335563,143.68626921962996,540321.5489790397,108004.79407373648,1.0059699786517378,3.2842867501570896,138.33129052791855
548.908,3.59091,361.559,2011.51,133.385,500000,100000,1,3.59091,133.385,550.3477139661355,3.402402747539856,397.7824684214968,1950.6488951850235,121.26567494995972,497723.5268356977,92186.3936572574,1.0158562021224102,3.3621790561056475,126.84350213979891
548.908,3.81818,361.524,2011.51,133.532,500000,100000,1,3.81818,133.532,566.9376809973852,3.707480427162017,364.8844310046501,1946.0572035484088,102.4612420808581,500757.45046477794,106401.60589929111,1.0143015981118164,3.674943186733672,123.52971515823506
548.908,4.04545,361.493,2011.51,133.662,500000,100000,1,4.04545,133.662,580.6690395102971,4.000028690349854,346.66592275820824,2403.573027022724,157.98425823757916,492080.4091050221,105184.9903871688,1.0272287725448963,4.125932975612608,151.35375963158177
548.908,4.27273,361.465,2011.51,133.779,500000,100000,1,4.27273,133.779,516.9433485347379,4.193898091068965,383.4105270886024,1787.2095819552085,159.98187529696904,496797.0343912223,104385.3757818657,1.036677391198608,4.6361139143332,146.4422122833503
548.908,4.54545,361.435,2011.51,133.904,500000,100000,1,4.54545,133.904,529.4180167707053,4.343822340636303,308.3028410550993,1527.3337909298536,147.7771215895151,519683.5215355504,100255.8366569806,0.9943315604806384,4.620900628129641,115.25120811818286
548.908,4.77273,361.413,2011.51,133.997,500000,100000,1,4.77273,133.997,517.10966998756,5.003616301174644,332.17188290338584,1976.6577481722863,148.3835457677966,533908.5444453389,105333.46759410962,0.9994294421502672,5.082592906775384,133.78568962063756
548.908,5.0,361.393,2011.51,134.082,500000,100000,1,5.0,134.082,581.5052689130335,5.335698828855426,382.1240851333009,2289.2900949901014,137.11003609632658,521319.69170005136,107398.2518122502,1.0404425323972937,4.891944441741838,135.33770242094388
550.928,0.5,364.749,2011.51,119.97,500000,100000,1,0.5,119.97,528.4526295809839,0.4929176760145572,320.6877284868448,2110.481742443453,114.68292403573436,506528.438173787,107823.86396727532,1.0454462528196955,0.4805058562712094,105.56736464911134
550.928,0.727273,363.613,2011.51,124.75,500000,100000,1,0.727273,124.75,495.44780742253687,0.680568640365538,327.1459307677377,2269.7076383462577,119.97709955063912,540099.75009819,94957.1602115622,0.9913889590273326,0.6590336154868838,128.6320934783409
550.928,0.954545,362.986,2011.51,127.385,500000,100000,1,0.954545,127.385,554.90166522619,0.9755216045456848,287.5282883536063,1821.8577968946925,118.91780140651302,489721.54080215946,104586.48320388692,1.0414563380215631,0.9143141643761228,130.10872647254715
550.928,1.22727,362.526,2011.51,129.317,500000,100000,1,1.22727,129.317,543.5354057114421,1.3231608088207232,391.1807862463509,2229.6864030954434,147.6883079386599,497781.4337406066,101549.50812670782,0.9911977190873668,1.1924455690950786,131.65527883276482
550.928,1.45455,362.27,2011.51,130.393,500000,100000,1,1.45455,130.393,587.9151534815243,1.4143122263528587,374.312750006138,1989.6119340246296,133.20107841598133,480182.50749926455,98996.81535093146,0.9542052075896442,1.609939136893936,128.08887224203866
550.928,1.68182,362.081,2011.51,131.187,500000,100000,1,1.68182,131.187,521.1389544488032,1.7569179659330578,336.7067580975452,2230.152991436952,154.06683366805478,534422.3475877068,102305.31558747316,1.0854006905631142,1.72194093521649,134.4184433901571
550.928,1.90909,361.936,2011.51,131.797,500000,100000,1,1.90909,131.797,534.2325723241444,1.831957663952925,320.3051014079717,1982.342600582135,165.94563490492058,531654.6233873217,99784.70721645888,0.9963773175251656,1.850090272529504,117.0415380904381
550.928,2.13636,361.821,2011.51,132.281,500000,100000,1,2.13636,132.281,535.8887143709213,1.9359898243202016,320.34776331291,2094.427217107789,152.6682149502463,475426.6152350197,99682.24249969712,0.9706752445878828,2.101583803383642,143.584907754278
550.928,2.40909,361.711,2011.51,132.743,500000,100000,1,2.40909,132.743,548.9935920582031,2.5848306843465707,358.6729812331866,1742.3835962009305,145.5605061754095,505042.6450356743,99189.53487730208,1.05757473383506,2.4589873453994464,125.38757630907952
550.928,2.63636,361.637,2011.51,133.056,500000,100000,1,2.63636,133.056,554.2738150588664,2.677187923637923,406.024470662165,1909.094383814681,174.35420327062457,487999.0574451025,93361.21514778692,0.966747767153348,2.5844452087789405,115.09690603715812
550.928,2.86364,361.574,2011.51,133.321,500000,100000,1,2.86364,133.321,505.0597925378903,2.691204638421128,419.0925646268352,1932.347121357899,124.48104053470465,510781.1593762813,97221.20678987644,0.961355776543354,2.839136348977895,135.35833422595883
550.928,3.09091,361.52,2011.51,133.547,500000,100000,1,3.09091,133.547,554.5805885126998,3.187491586000613,340.6522880092718,1955.356808886616,189.12214586787184,519702.4009594803,103234.24707354096,1.0766720896790112,2.756120560770424,137.49869249637618
550.928,3.36364,361.465,2011.51,133.778,500000,100000,1,3.36364,133.778,505.27965994651146,3.475209087921251,313.1580609620468,2061.3367445935705,155.85025760732103,539325.8242769457,89920.8196645561,1.1043830402286097,3.2136724381272264,128.3698085248737
550.928,3.59091,361.425,2011.51,133.945,500000,100000,1,3.59091,133.945,552.1552517736892,3.7364486797514505,357.3813735193921,1896.7991640465,127.83434129613406,517536.437824584,99825.7580260517,1.0521755313546208,3.258599633376147,129.9007233123901
550.928,3.81818,361.39,2011.51,134.092,500000,100000,1,3.81818,134.092,542.6455037974741,3.70553873226684,342.49712806936435,2154.2498108624814,106.44757462436966,478729.0553196587,100144.44548796322,0.9309640358097644,3.9622793063965016,135.0294832131096
550.928,4.04545,361.359,2011.51,134.223,500000,100000,1,4.04545,134.223,566.5341646465462,4.185869803184138,368.2550052380332,1831.210089625397,138.4027881617427,518577.49085758,95351.86810563016,0.9541856030493868,4.096000449064308,108.94677335488976
550.928,4.27273,361.331,2011.51,134.339,500000,100000,1,4.27273,134.339,540.2694866921792,3.987240732349625,364.50890958758646,1832.565770503448,152.56005153626708,485098.6639586719,102284.15683112414,0.8987196368336989,4.759715959180615,125.58978805015958
550.928,4.54545,361.302,2011.51,134.465,500000,100000,1,4.54545,134.465,543.6716271775441,4.987881026287977,357.1264023713592,1892.0586794965657,147.64744429060596,496824.0471543126,97043.23399268884,1.1009995828677166,4.5216255100203,144.7438092506761
550.928,4.77273,361.279,2011.51,134.558,500000,100000,1,4.77273,134.558,519.9880198505665,4.6435573776427175,294.7372040337379,2477.819392824092,121.74798845550544,439523.9737330328,107576.8117847636,1.1033534953248338,4.834920094449783,134.05808166664403
550.928,5.0,361.259,2011.51,134.643,500000,100000,1,5.0,134.643,568.098836351309,4.929577919802718,375.0196744332532,1901.5960552620647,112.56492285885668,467612.2301486372,99004.06650810664,0.899562455860469,4.855803972236815,151.80403148251133
552.948,0.5,364.62,2011.51,120.515,500000,100000,1,0.5,120.515,549.7251053560663,0.4931291905485693,370.7908129616531,2076.559062909141,132.07729773134176,496132.1725119688,109502.93528710055,0.9862119181850052,0.4881020425291381,118.691382631868
552.948,0.727273,363.482,2011.51,125.3,500000,100000,1,0.727273,125.3,531.7808420971236,0.7051225884624146,323.3875854442134,2030.643185799157,116.539148619735,523071.0680848989,92279.56460463408,0.9557538409562192,0.7236398308908581,103.37175513940798
552.948,0.954545,362.855,2011.51,127.937,500000,100000,1,0.954545,127.937,528.6281394445646,0.996117596467265,327.5095283287245,2264.795322070063,135.36012908864723,512681.9282703941,104875.76050058218,1.0671832594760815,0.946344642484738,100.17275371580034
552.948,1.22727,362.395,2011.51,129.871,500000,100000,1,1.22727,129.871,601.6898036455625,1.26359178625884,382.2943451834102,2381.522679689632,94.04424815829424,507401.4052122887,98381.56648796528,1.0097838347456487,1.227727532422469,116.49355504384752
552.948,1.45455,362.138,2011.51,130.948,500000,100000,1,1.45455,130.948,563.8070240406196,1.4611035062419038,357.85249453244177,1891.8831897278667,111.21984278361936,500617.3047831583,102463.75791011068,0.8634704604755103,1.3552862994101649,126.44186480197226
552.948,1.68182,361.949,2011.51,131.743,500000,100000,1,1.68182,131.743,515.5883337204352,1.5415032828961226,369.9557583002727,1884.7846878249536,135.9954342900444,474914.31337935606,93549.5263155736,1.0178339604282898,1.791550765564862,123.8664604035391
552.948,1.90909,361.804,2011.51,132.354,500000,100000,1,1.90909,132.354,557.8350125734013,1.910410682042332,366.01824867212855,1858.7816478349068,114.00697314883688,476204.07011726894,89747.25689845176,0.9701638377958568,1.946666067230812,132.65626314138862
552.948,2.13636,361.689,2011.51,132.838,500000,100000,1,2.13636,132.838,525.6177431079283,2.230168162088811,344.2588104480636,2059.3344988051044,116.88857810640258,519264.7523431968,95033.94021806533,1.079483139811683,2.184010710264829,114.6131987757482
552.948,2.40909,361.579,2011.51,133.3,500000,100000,1,2.40909,133.3,548.9294663815191,2.3623824519226333,359.1007362204842,1573.2856105187002,111.04276815243745,462324.3367963368,103706.36518341284,1.00358391082731,2.495191710321393,151.52533971427232
552.948,2.63636,361.504,2011.51,133.614,500000,100000,1,2.63636,133.614,558.0579869293513,2.6314540163066584,325.3839683802337,2287.736359130476,157.9122296828326,512233.4735823079,98472.60044706226,1.008832130432844,2.721474637923639,118.96745287763773
552.948,2.86364,361.441,2011.51,133.878,500000,100000,1,2.86364,133.878,527.0018245407339,2.766281008686243,371.9170043918671,2257.555788543709,114.95898614004776,475844.3687400688,98288.78101889312,1.0506712148507238,2.703156482556552,130.99813653345814
552.948,3.09091,361.387,2011.51,134.105,500000,100000,1,3.09091,134.105,543.0664031972053,3.0268483839133533,325.22336009257,1961.4661949366232,154.73073424241682,507569.0472602313,109057.68479120286,0.9971072911187888,3.075079433074116,149.59297123498314
552.948,3.36364,361.332,2011.51,134.337,500000,100000,1,3.36364,134.337,546.6313281922801,3.081155542724704,347.3212825220445,1648.7457263913682,142.10852685788095,514142.2471253227,103620.4793610393,0.9842677547678274,3.3405427043879192,106.56978276495856
552.948,3.59091,361.292,2011.51,134.503,500000,100000,1,3.59091,134.503,567.7032859997264,3.432933228251124,342.1370321906072,1799.1951702366578,167.26666114211227,493946.4188467184,101766.56972236204,0.9907339638317916,3.7130563177636815,116.16512269617476
552.948,3.81818,361.257,2011.51,134.651,500000,100000,1,3.81818,134.651,589.6816187985394,3.719740822187759,348.098527241157,2214.6209945038468,177.777005915256,447080.89358592615,97302.58739165394,1.021473209894251,3.520425653802706,136.91771460408083
552.948,4.04545,361.226,2011.51,134.781,500000,100000,1,4.04545,134.781,570.2437874951702,3.8762817208265865,329.60360753133165,2249.572615537487,140.37541512488,523453.6198288496,102826.25480298093,1.0070795326732245,3.957107728862914,127.291445822676
552.948,4.27273,361.198,2011.51,134.898,500000,100000,1,4.27273,134.898,575.7964285658594,4.117963225190697,317.0714703400271,1650.6861633076192,111.23327154167048,475980.8776504633,100490.00801809505,0.984143915635143,4.243378350337109,135.65467309442704
552.948,4.54545,361.169,2011.51,135.023,500000,100000,1,4.54545,135.023,540.6463891523625,4.227641891794739,295.62543001048215,1869.05447870609,123.00703397916648,501389.9248732758,94669.8701440552,0.959234807459038,4.815560128306057,141.76601862246284
552.948,4.77273,361.146,2011.51,135.117,500000,100000,1,4.77273,135.117,552.4138991144748,4.6944311478082215,312.5569233151158,2071.2151327652064,146.81916363656376,489086.7852072063,95559.64715861344,1.0481639118404202,4.845598669627525,140.84271917964998
552.948,5.0,361.126,2011.51,135.202,500000,100000,1,5.0,135.202,575.0985927016868,4.977313310665219,315.8340597495031,1967.51617231582,100.34981628308952,503506.2079370932,93620.43877552424,1.027641893414453,5.092902177728286,129.06520102659562
554.968,0.5,364.49,2011.51,121.059,500000,100000,1,0.5,121.059,576.2066851859208,0.5066276773628061,386.1697994555198,2086.7365630859163,164.89896532645554,492707.0561486648,102367.59982721784,0.945264344387958,0.5342043430923216,137.4757162205756
554.968,0.727273,363.352,2011.51,125.848,500000,100000,1,0.727273,125.848,522.8989639281755,0.7805057758231678,392.998699440183,2162.027358000828,152.0085536894458,458501.16987461306,91980.38727297176,1.0028922622699667,0.7704320976800952,138.4084399907049
554.968,0.954545,362.724,2011.51,128.488,500000,100000,1,0.954545,128.488,564.4511244935276,0.8826882202143183,330.37413105549706,1936.934310404428,97.014118268735,487598.8402383634,109116.66421770676,0.972229507023748,0.892338292072401,139.39090905568787
554.968,1.22727,362.263,2011.51,130.424,500000,100000,1,1.22727,130.424,507.7783148257737,1.2471827209858015,388.5305762024649,2004.4540109966,137.41703377012635,501742.86651860544,100011.43494698148,0.884240597091898,1.28158800343774,128.86267277209882
554.968,1.45455,362.007,2011.51,131.502,500000,100000,1,1.45455,131.502,599.5892932014477,1.4669717772858455,343.59594015526426,1853.7467911731703,129.64328978771948,529767.7276063318,96298.00698948378,1.0489176727159386,1.4977764227338208,127.79884898766792
554.968,1.68182,361.817,2011.51,132.297,500000,100000,1,1.68182,132.297,542.8554109681623,1.6960080502515922,353.00522735976426,1842.668730006529,144.77359565939682,535153.8722573913,95323.81903660654,0.9521436193257046,1.748175998257685,125.2570768866497
554.968,1.90909,361.672,2011.51,132.909,500000,100000,1,1.90909,132.909,548.3207082038698,2.1535773986327973,399.1494699095202,1855.7037527879768,155.73816352803422,541183.8757059484,99543.38536858468,0.9393671067517768,1.889220414127816,133.4584680566348
554.968,2.13636,361.557,2011.51,133.393,500000,100000,1,2.13636,133.393,555.8843439373152,2.249698369314272,362.74754814995424,2110.4291786766285,120.03915044667283,518682.3717273668,104631.9199463042,1.0133603314500228,2.361450726378279,117.64405022874593
554.968,2.40909,361.446,2011.51,133.856,500000,100000,1,2.40909,133.856,566.1589187362626,2.310726110031195,421.0484610220396,2102.388162291394,139.53010398671773,476915.0392958172,97426.13146608828,0.8853223521690621,2.6157623577790545,157.30381996132314
554.968,2.63636,361.372,2011.51,134.17,500000,100000,1,2.63636,134.17,553.2795231791507,2.7676645411182013,366.0141527573128,2247.948127867123,135.79910108116337,503187.306922565,102355.15804144196,0.9415904665660146,2.5143457032927388,155.05389983330505
554.968,2.86364,361.309,2011.51,134.435,500000,100000,1,2.86364,134.435,553.0004896384455,2.8528509153919743,310.9512135837414,1874.9098509722487,68.58938336315596,521024.1230066622,100582.09430130008,1.0909707949352585,2.76726705844717,131.32193141538966
554.968,3.09091,361.255,2011.51,134.661,500000,100000,1,3.09091,134.661,551.7782955725917,3.1503714636162576,335.636724864345,1939.815324523492,126.13243903887135,514273.3955239428,98915.54893757132,0.9945388270940044,3.0535513691667737,126.63248985933882
554.968,3.36364,361.2,2011.51,134.893,500000,100000,1,3.36364,134.893,533.1001448761793,3.232421519591916,367.8136222748096,1960.0042105864484,136.14731945199824,562490.0388600265,96864.5528193724,1.0451954785386677,3.421184069953925,139.23889236524076
554.968,3.59091,361.16,2011.51,135.06,500000,100000,1,3.59091,135.06,596.359562903576,3.623168228782218,394.2833798994749,2387.905652377371,153.40158923151895,497085.30958916666,104599.1026981149,0.9539252907343908,3.384995838128346,147.97406507225912
554.968,3.81818,361.125,2011.51,135.207,500000,100000,1,3.81818,135.207,596.3169320182352,3.7373534267165858,340.05008323847994,2048.464786394896,132.69018604900728,486603.8866923375,99091.2690449502,1.0699584763586365,3.895487054254062,145.81896644354535
554.968,4.04545,361.094,2011.51,135.338,500000,100000,1,4.04545,135.338,525.3970102278236,3.958790709430904,364.7130729046193,1817.163860325721,171.0253125495553,494642.7700068792,99136.100417853,0.8877410097406792,4.345308565590496,138.81674996147834
554.968,4.27273,361.066,2011.51,135.455,500000,100000,1,4.27273,135.455,563.3569767680241,4.250297846424824,380.0669193143415,1878.749427575158,162.1946381695123,508227.8806999519,98991.45425859744,0.9200178113547428,4.527971435354738,140.57397752850187
554.968,4.54545,361.036,2011.51,135.581,500000,100000,1,4.54545,135.581,538.9423482282892,3.994481262174451,338.05030922553794,1721.6497250548096,133.47373272785362,517984.28418676544,102760.02293533475,1.0126354829149624,4.484965339671684,111.69226588607133
554.968,4.77273,361.014,2011.51,135.674,500000,100000,1,4.77273,135.674,588.7224686811193,5.152842641659506,320.24619206824417,1996.3428430607075,127.67064267874346,506039.34897548,94593.34846638098,1.0511209798990049,4.502499423575072,134.59911465769494
554.968,5.0,360.993,2011.51,135.759,500000,100000,1,5.0,135.759,541.0973785861405,5.021298982492697,352.21209351932947,2311.0273912688467,133.08885623140293,495670.9340436282,92266.23243326116,1.0548436962391408,4.7326505669174965,125.21677029436724
556.988,0.5,364.362,2011.51,121.601,500000,100000,1,0.5,121.601,547.4887664956156,0.5204421578263638,338.18087651787147,2048.946505591588,129.25614163420397,463916.9324864712,108396.58825472296,0.9554096089853804,0.523611878009401,114.50224373877674
556.988,0.727273,363.222,2011.51,126.394,500000,100000,1,0.727273,126.394,547.4303207270164,0.7360818844847722,328.415648319231,2545.913564223065,127.78403568556884,498441.87562386936,100964.5612646611,1.0447156888055953,0.7201241651434969,145.18055073988683
556.988,0.954545,362.593,2011.51,129.037,500000,100000,1,0.954545,129.037,608.4567296838773,0.9501836237382404,314.33230965544965,2353.533571430183,160.8761312872931,472989.63761613786,104423.03357966042,1.082982275616436,0.9153189653571387,130.90861289665233
556.988,1.22727,362.132,2011.51,130.974,500000,100000,1,1.22727,130.974,601.9084742641143,1.2219501433064637,425.3049831547698,2126.650992043995,135.09241367486408,455479.0825349732,103453.86025290252,0.9669412969050594,1.2846578572953058,120.66359128094018
556.988,1.45455,361.875,2011.51,132.054,500000,100000,1,1.45455,132.054,517.3796224737346,1.424067447026763,382.1002127029054,2210.6844228450564,116.61590227333132,501331.2935067493,104997.1592738789,1.1015899690172524,1.4382435943791034,123.4443196109442
556.988,1.68182,361.686,2011.51,132.85,500000,100000,1,1.68182,132.85,572.8884950273011,1.693522815115558,364.221381206404,1857.876997966349,137.97831724319056,475910.7787495195,110567.16710999348,0.9902042202366768,1.750846134433111,121.65216370619896
556.988,1.90909,361.54,2011.51,133.462,500000,100000,1,1.90909,133.462,613.0642789733896,1.742849339820104,319.7716329370372,2040.9546120622367,138.34010199168324,474576.5642417455,104403.12123948938,1.0069574890340474,1.950360253794126,116.88621850358128
556.988,2.13636,361.425,2011.51,133.946,500000,100000,1,2.13636,133.946,551.6107800881603,2.084431874884141,327.25564054288856,2102.4339581715485,130.5194308035676,472701.1149676069,96876.30952337974,0.9079376525284132,2.1571441512998226,126.71123936130172
556.988,2.40909,361.315,2011.51,134.41,500000,100000,1,2.40909,134.41,563.9195477039798,2.264899337921137,392.647916160445,1813.5339520611617,150.5406559165377,474897.0964309805,91921.6753741664,1.0221921037266588,2.427401051017982,144.05409998610727
556.988,2.63636,361.24,2011.51,134.724,500000,100000,1,2.63636,134.724,543.6211751106457,2.6724150659814216,378.989595824764,1924.289319500963,142.65464664524717,482304.5013088254,99840.74550878008,1.0002474654833189,2.6799331522098857,134.41317524889345
556.988,2.86364,361.177,2011.51,134.989,500000,100000,1,2.86364,134.989,584.7097158049037,2.786532705325158,360.00529742770505,2163.683668938523,121.5434355010682,532049.5115365289,105435.35066108464,1.0123394196391855,3.128611455719085,146.91411877528026
556.988,3.09091,361.123,2011.51,135.216,500000,100000,1,3.09091,135.216,572.9670697505021,3.0102171293046487,397.57507427614496,1871.371098498052,140.32780339523896,515178.5964456366,107212.18822570416,0.975485774053116,3.027544076624877,136.84500808368895
556.988,3.36364,361.067,2011.51,135.448,500000,100000,1,3.36364,135.448,586.7310973202756,3.24939559546439,353.6298763003885,2135.997429018464,192.90094816981892,519298.5882995757,92109.26459033978,0.8944769282337176,3.2360405234115794,143.67907152687036
556.988,3.59091,361.028,2011.51,135.615,500000,100000,1,3.59091,135.615,564.5806797936872,3.64027258455262,364.4931165344923,2200.575752868822,148.15337101638892,490013.5730152848,109911.00588229993,0.9606395459257338,3.511301564393664,140.2399905460154
556.988,3.81818,360.993,2011.51,135.763,500000,100000,1,3.81818,135.763,524.9270283244206,3.963254200977979,330.8898411981688,1974.706902303997,99.1979457979848,550829.6479177718,100653.78083122216,1.0363276996664246,4.05741329340355,137.39567706013295
556.988,4.04545,360.961,2011.51,135.894,500000,100000,1,4.04545,135.894,528.3970962769654,4.366208586315153,375.45028590440137,1682.0299458200468,141.94182404386,537359.6750555199,109060.64546894106,0.9947545231645396,3.993447692589212,125.75526315916568
556.988,4.27273,360.934,2011.51,136.011,500000,100000,1,4.27273,136.011,566.2887290393921,4.565560693633698,434.8470238701466,1707.9248701748786,155.0374247602599,543794.4347084753,104582.69284841596,0.9707473777579072,4.303529364054844,123.60128428653026
556.988,4.54545,360.904,2011.51,136.136,500000,100000,1,4.54545,136.136,601.8336933306597,4.995143024749367,363.9434103817127,1668.8989563572327,156.29808136687782,479672.1435189251,101578.86577229109,0.9722160275736464,4.663521950954395,121.92705405987816
556.988,4.77273,360.881,2011.51,136.23,500000,100000,1,4.77273,136.23,528.90374543802,4.541424604584295,300.0655312527511,1828.2488634610309,148.16083765275803,514199.4311300566,91768.05437390038,0.9650978038137684,4.736204111324984,161.35777105108988
556.988,5.0,360.861,2011.51,136.315,500000,100000,1,5.0,136.315,544.2267635690241,5.181023550626524,312.4856236717761,2036.8910641474783,130.4820840354753,468323.3293596586,95393.68478523358,0.9577799123286684,4.961439812798719,150.95980208448074
559.009,0.5,364.233,2011.51,122.142,500000,100000,1,0.5,122.142,605.5239168176347,0.4882292405874054,329.0726972410514,1833.1157588702545,133.185270199045,430863.7902611831,102996.39460645543,1.0517838733380185,0.4968345152319242,136.58746594097934
559.009,0.727273,363.092,2011.51,126.939,500000,100000,1,0.727273,126.939,511.3597507997413,0.7144619088922364,340.6065777141321,1734.6387064601793,132.34969688426295,518645.4598412281,102468.66575887536,0.9734170052444668,0.7783906963011455,114.15375959555162
559.009,0.954545,362.463,2011.51,129.584,500000,100000,1,0.954545,129.584,518.4465718938782,0.9629170107368596,407.69188608983546,2143.6503225787674,142.2277697715085,505083.44643155055,102167.0675606216,0.9980367672439528,0.9780129463293792,139.83535653632725
559.009,1.22727,362.001,2011.51,131.524,500000,100000,1,1.22727,131.524,592.7322164116233,1.355214718539223,335.15966829549893,2119.69726980794,122.7129067336594,538850.7492580095,98565.48226107637,1.012542557531739,1.2003873773387337,127.43773022854444
559.009,1.45455,361.744,2011.51,132.604,500000,100000,1,1.45455,132.604,553.7376896576546,1.467365509549333,371.0106953696279,2398.9127082393056,135.12947791195563,512263.4581472248,97281.17055011072,0.9116001567685064,1.4554872786493342,143.6916623392671
559.009,1.68182,361.555,2011.51,133.401,500000,100000,1,1.68182,133.401,545.2701124391108,1.6664047034374183,408.01585976716825,2181.270137667841,150.93001269223117,443483.4427049782,103471.22653882785,0.9850123025590918,1.6635194964422542,149.169775520714
559.009,1.90909,361.409,2011.51,134.013,500000,100000,1,1.90909,134.013,577.274031611093,1.8576294614380544,351.46976560057755,2003.5485258380083,138.41601878383008,517889.0260283043,96190.70058618057,0.9903572074110104,2.0645208871175007,132.36915011936907
559.009,2.13636,361.293,2011.51,134.499,500000,100000,1,2.13636,134.499,574.0013200419382,2.065159796492148,387.64765842139576,2275.190168851136,115.27139523892464,492384.46687685006,89863.2838817705,0.9168300471612147,2.162999226023979,132.95079743615076
559.009,2.40909,361.183,2011.51,134.962,500000,100000,1,2.40909,134.962,558.6315782371662,2.237794627472586,338.53512229897126,2268.6017979243125,116.43023131009964,480624.7604608545,102328.79713278,1.0439763302479104,2.4057355810946213,134.8782735651872
559.009,2.63636,361.123,2011.51,135.215,500000,100000,1,2.63636,135.215,531.3075567764705,2.727839482773429,376.0674158896527,1936.6817869429765,134.40899944792326,546850.411110446,92224.9982976228,0.8917724208527648,2.8232060893133184,109.08431257241992
559.009,2.86364,361.06,2011.51,135.48,500000,100000,1,2.86364,135.48,546.8466761820246,2.790044984876392,360.75046714747134,2276.539750112839,110.84619657065204,499862.3182488116,94301.4468007492,0.9683061414450445,3.1958417745487497,134.891619134477
559.009,3.09091,361.006,2011.51,135.707,500000,100000,1,3.09091,135.707,528.378917696311,3.007791045665025,381.8233958269924,1704.546784535445,137.6150819386098,484075.9795785972,99177.21434119904,0.9852980480768356,3.179739712234344,116.79486326812102
559.009,3.36364,360.951,2011.51,135.939,500000,100000,1,3.36364,135.939,537.585918343103,3.2640351560824383,326.16722442707623,2035.4898780801184,152.85638548904882,531776.3789913759,106473.9233545621,0.9180460705410832,3.4428444247247807,141.2431403996974
559.009,3.59091,360.911,2011.51,136.106,500000,100000,1,3.59091,136.106,608.9631612686845,3.507939158221573,369.94059332990224,2194.9463895905387,152.93291511507658,479142.5070298741,101634.08405796724,1.0333274485755768,3.248732273281308,125.98648570482578
559.009,3.81818,360.876,2011.51,136.253,500000,100000,1,3.81818,136.253,587.8871216443889,4.0912128483115175,336.4780936221166,1749.288180110845,73.60784702627696,499909.5968672043,93554.57714349762,0.980511379944772,3.7547755300479952,134.24561768120066
559.009,4.04545,360.845,2011.51,136.384,500000,100000,1,4.04545,136.384,546.0753024570108,3.8872351318238354,365.49628892567193,1957.3489291337785,123.02583730159654,439199.0424663388,100020.16055102696,0.9518437683853638,4.251526824848908,138.5523999577197
559.009,4.27273,360.817,2011.51,136.501,500000,100000,1,4.27273,136.501,578.6310634601474,4.206112359818565,397.4550947870759,2432.6781203094747,118.08244222183248,492677.9451540679,100887.5639978825,1.0911280381103992,4.43695264580492,138.49137467586922
559.009,4.54545,360.787,2011.51,136.626,500000,100000,1,4.54545,136.626,583.9324325061561,4.679845620416224,347.6776566088285,2167.756949753778,175.98429702530655,494026.1678808052,106906.37192472728,1.0456020669596169,4.711250961640387,115.17248130368736
559.009,4.77273,360.765,2011.51,136.72,500000,100000,1,4.77273,136.72,613.5978973672031,4.59272060839352,364.7315584431805,2159.970584193897,127.48141566696108,457443.161760252,98821.48815097316,0.9329734606542976,5.1304826636388565,145.71805900255853
559.009,5.0,360.745,2011.51,136.805,500000,100000,1,5.0,136.805,529.2966578074158,4.832271405578807,387.2791134824917,2254.3572511415523,158.79801064936422,498914.5044313113,101352.30256922964,0.969694955505489,5.3759012695857145,125.80883185724764
561.029,0.5,364.105,2011.51,122.681,500000,100000,1,0.5,122.681,572.845599780981,0.5353977660123169,374.2783684629451,2137.2881998298094,106.11963342449468,500482.152239968,99756.211299343,0.9919730795809254,0.459749643754515,138.22889150466656
561.029,0.727273,362.963,2011.51,127.483,500000,100000,1,0.727273,127.483,587.3235151525664,0.7415474713615576,407.16872346476026,1845.989944562927,133.25382688610048,489502.3882954305,88620.24478700665,1.0242705663570508,0.7392340313977085,137.81820948379573
561.029,0.954545,362.333,2011.51,130.13,500000,100000,1,0.954545,130.13,614.9863424218339,0.9044130551124888,396.8206539948352,2224.515196777594,147.00103751036502,509230.8211917465,95457.1001550706,1.0296649142945054,0.9394545327724032,155.22755563980112
561.029,1.22727,361.871,2011.51,132.071,500000,100000,1,1.22727,132.071,553.0402441184493,1.1944944266448871,369.9995164025868,1690.550541870815,98.17925497732574,515679.29793704697,95434.50048177392,1.0392173202650623,1.2760231868890828,148.83485727353982
561.029,1.45455,361.614,2011.51,133.153,500000,100000,1,1.45455,133.153,549.6370156254759,1.4455869218922042,413.7071834163565,2128.7915569861543,137.42713144537296,492341.3132831104,103234.25835503556,0.9940092631611944,1.4020967305938024,121.19863521936706
561.029,1.68182,361.438,2011.51,133.889,500000,100000,1,1.68182,133.889,538.6597045309139,1.7253358229681193,341.5368034981892,1943.1608120818005,139.64802840237886,486978.5491147551,100567.20421705114,1.0176014895532357,1.792378329450579,147.970296852614
561.029,1.90909,361.293,2011.51,134.501,500000,100000,1,1.90909,134.501,552.3411626481485,1.84699283903885,332.5683245316467,2173.37450096131,146.204538693865,456916.6817886273,101534.97605633827,0.9800186130769872,2.0207509012613207,125.85642832947696
561.029,2.13636,361.178,2011.51,134.986,500000,100000,1,2.13636,134.986,600.0614135871663,1.992622717020024,395.10294967727054,1882.996885917961,152.40063524756144,544940.3070766802,93619.3436830676,1.0789884645012948,2.135790705873531,153.32061753973815
561.029,2.40909,361.067,2011.51,135.449,500000,100000,1,2.40909,135.449,600.2101482782849,2.3998157666830484,333.0188991657028,1877.383800108756,171.0067658686927,522193.7557031016,99963.01329053352,1.0150989386289055,2.660120646439975,145.81986503136946
561.029,2.63636,360.992,2011.51,135.763,500000,100000,1,2.63636,135.763,582.0610410907329,2.496696379202783,316.1852521898204,1827.126541151264,143.71324063957462,484099.8151950243,89405.21923892995,0.9792137507721828,2.470232497908441,133.72984071261817
561.029,2.86364,360.929,2011.51,136.029,500000,100000,1,2.86364,136.029,532.7757201671363,2.691729429118801,403.2610458496012,1698.5805899688155,129.5726408546735,462841.10013875895,94717.67058783786,1.0039057500704736,2.885801317666096,105.26418920278287
561.029,3.09091,360.875,2011.51,136.256,500000,100000,1,3.09091,136.256,581.9987527701926,3.023337152701163,389.2234875974599,1882.5839865390417,143.06895097219382,515214.4983086805,103669.61934891336,1.1127741231229358,3.221494376317477,143.58522020416578
561.029,3.36364,360.82,2011.51,136.488,500000,100000,1,3.36364,136.488,564.9371176554287,3.1943971070033435,372.1832489984116,1760.1125580996409,108.68866931044592,517732.4625319126,101719.62272158328,0.9874966306851728,3.230751664492471,128.38297594858585
561.029,3.59091,360.78,2011.51,136.655,500000,100000,1,3.59091,136.655,588.3847892350432,3.9044103610608905,365.9785830434994,2092.297212381828,136.64586960363488,520112.2025949432,94986.26337315918,1.0304349614229642,3.7333167885156326,141.41105587036472
561.029,3.81818,360.745,2011.51,136.802,500000,100000,1,3.81818,136.802,570.3151212304319,3.662902267892479,303.5092862741221,2143.7235367838234,145.19384630307357,488087.7170705495,95239.88122630851,1.0109777107642104,3.908475819149279,131.31921424733451
561.029,4.04545,360.714,2011.51,136.933,500000,100000,1,4.04545,136.933,549.8148574867806,3.982106035863232,401.6134619097113,2323.624043883201,122.85986688345643,511088.7442260317,96938.22781087089,0.9504177658124172,3.9183555813143305,132.42582386586835
561.029,4.27273,360.686,2011.51,137.05,500000,100000,1,4.27273,137.05,532.8284530088448,4.475910459401522,404.95872881111177,2028.790483812524,111.6939067952485,472763.4735743225,106748.68411811374,1.0680531711690553,4.020077532696939,139.68671734353867
561.029,4.54545,360.656,2011.51,137.176,500000,100000,1,4.54545,137.176,583.7046574894702,4.745498468047735,423.208159575091,2043.1815320749365,154.13570584699417,501375.602718719,107044.10409495133,0.993221314344412,4.524704095659775,124.17514274856757
561.029,4.77273,360.634,2011.51,137.269,500000,100000,1,4.77273,137.269,565.7970323030496,4.574599146269694,400.2929223493389,1769.999488591965,161.46603298167557,469526.89139450935,107409.22014482948,0.9870945390492092,4.721994991244265,128.39029543767515
561.029,5.0,360.614,2011.51,137.355,500000,100000,1,5.0,137.355,578.9792058074038,4.980457515966052,246.6928635083396,1923.6228387441136,149.0777021144153,519161.44811862224,110034.36603530942,1.0469860477107096,4.974531038884486,134.29787401777492
563.049,0.5,363.99,2011.51,123.163,500000,100000,1,0.5,123.163,583.1846621661687,0.5181886843447655,408.9106174010842,2025.683017120669,109.17691006482605,491900.0235228685,101361.91058591296,0.99860340711506,0.494095702849955,124.6460634070286
563.049,0.727273,362.834,2011.51,128.025,500000,100000,1,0.727273,128.025,613.8759074979905,0.657109982320657,334.8345915595384,2342.0483405286373,124.0830477002822,511666.4781561867,99316.03448670176,0.962077676884714,0.7389956646906899,109.29003671268984
563.049,0.954545,362.203,2011.51,130.674,500000,100000,1,0.954545,130.674,562.0653111554134,1.0028780140196536,315.1948060090264,1983.945119941856,109.46345239895686,483680.0197822185,101281.13284566707,0.9111492981371108,0.97168621961411,121.26661104930504
563.049,1.22727,361.756,2011.51,132.557,500000,100000,1,1.22727,132.557,611.866529419785,1.18234524320441,366.3880773175237,2115.047110786815,112.41056086109876,442721.803974529,102486.26881581644,1.047674158054102,1.214944914406619,151.12534711374573
563.049,1.45455,361.498,2011.51,133.637,500000,100000,1,1.45455,133.637,570.9383284580379,1.4726028205901855,321.13893422417215,2049.3821325634085,120.95652318095053,501743.029901989,106268.87338413848,0.9104441304138992,1.512967981136254,151.70062278925053
563.049,1.68182,361.309,2011.51,134.434,500000,100000,1,1.68182,134.434,535.5176258290461,1.732955116842015,341.3365351752424,2271.914096895912,145.7695036584602,493227.955142881,95530.76646378044,0.954886642327041,1.743515023401931,136.30324599766124
563.049,1.90909,361.163,2011.51,135.047,500000,100000,1,1.90909,135.047,539.6804818893988,1.9090968600341705,425.9214286950886,1923.18543262792,155.2891571461371,518200.9210666697,101750.77748568189,0.9335445390425736,1.893762629679941,137.28777605972937
563.049,2.13636,361.048,2011.51,135.532,500000,100000,1,2.13636,135.532,566.2717815220927,2.39976542569204,393.4609776050775,1773.9676315960965,142.826349032867,477472.0103233146,100832.63693613232,0.9498423302434073,2.2937442976774527,122.36961204374084
563.049,2.40909,360.937,2011.51,135.996,500000,100000,1,2.40909,135.996,535.6802517674614,2.4987357464822324,310.4433056781992,2048.095546084841,130.2619860694511,508692.6539603323,100757.2177886506,1.0070239199701283,2.455133740227408,136.91926640655797
563.049,2.63636,360.862,2011.51,136.31,500000,100000,1,2.63636,136.31,547.4893392532578,2.505803977808688,336.26381324135883,1834.8743629718635,138.24801067539573,550207.9969359961,102341.64226712548,0.9398020077495188,2.6800893865718383,148.49766553339853
563.049,2.86364,360.799,2011.51,136.576,500000,100000,1,2.86364,136.576,545.4319556749933,2.9549803739046365,388.9385137147985,1998.0437436185744,116.2929324613874,502753.87265759753,97707.33537762456,0.9658742849026406,2.699717549745778,136.9579630519873
563.049,3.09091,360.745,2011.51,136.803,500000,100000,1,3.09091,136.803,564.5234217529644,3.157211077830117,338.84914125040336,1984.540757953459,93.0542860140666,520880.5236402285,99957.73553639656,0.9665959490096632,3.084672801991785,149.2531922576181
563.049,3.36364,360.69,2011.51,137.035,500000,100000,1,3.36364,137.035,570.3385259341023,3.468124092435338,393.53685118936914,2349.4560557754976,143.0135841873475,510536.7347161768,103797.9538595565,1.0186671199889,3.426645868756512,146.08247395178273
563.049,3.59091,360.65,2011.51,137.202,500000,100000,1,3.59091,137.202,543.7698613211812,3.80698583764621,382.7771822337195,2051.9139048634825,101.78296884593657,473719.3742400574,97853.81099552308,1.0391521862234252,3.651146973408653,123.90225670679278
563.049,3.81818,360.615,2011.51,137.35,500000,100000,1,3.81818,137.35,548.756166435215,3.8974210777541423,400.5653829794215,2282.395209358997,130.9997732936285,479142.5755759309,108113.41058140477,0.9697056918501766,3.757382470330656,143.31151997460532
563.049,4.04545,360.584,2011.51,137.481,500000,100000,1,4.04545,137.481,566.4451640743149,3.994452418367275,371.80488717276427,2112.7625079971167,132.545856117793,518094.7184980848,92910.91059701113,0.9671100457585734,4.126718472005632,148.2872381976863
563.049,4.27273,360.556,2011.51,137.598,500000,100000,1,4.27273,137.598,570.7909884525453,4.147641222842061,316.99973953815515,1752.690134244433,169.4085575079591,456800.5244100011,95041.36028164346,1.042685216143575,4.21319273082879,143.420927996015
563.049,4.54545,360.526,2011.51,137.724,500000,100000,1,4.54545,137.724,570.6178083216146,4.5449174089077005,394.0511845596537,2257.955381805584,134.14675613795677,511967.86979492,110685.3043733969,0.9910100050225736,4.070354020150529,133.71700966928233
563.049,4.77273,360.504,2011.51,137.817,500000,100000,1,4.77273,137.817,536.9752350329521,4.538969961794212,345.0235496598224,2112.633004982156,138.13154343001682,470826.9060499951,108288.24478577414,1.0460634601776906,4.531488489366424,110.0566394209586
563.049,5.0,360.483,2011.51,137.903,500000,100000,1,5.0,137.903,609.9268376674447,5.392421420244439,426.02263801395287,1438.4940567912822,151.10200733696735,487578.0851715231,99847.58283169572,0.955056996899022,4.78954252628927,147.50873130282247
565.069,0.5,363.863,2011.51,123.696,500000,100000,1,0.5,123.696,557.5037003049835,0.5083155196195259,371.729769311122,2106.8265961521,112.26215423574448,505185.04519346514,99856.05049963693,1.0148259703637508,0.505041790425406,142.82100456195272
565.069,0.727273,362.719,2011.51,128.506,500000,100000,1,0.727273,128.506,593.0599993695512,0.7120726623495693,375.459600256396,1886.0526723305832,131.6245534106109,458738.9731065886,99107.58677492628,1.0210108308624235,0.7556241731163308,142.90733747196165
565.069,0.954545,362.089,2011.51,131.157,500000,100000,1,0.954545,131.157,497.51278130967785,0.9211684333063604,369.9193859283217,2370.9227519236333,137.37356308395553,528409.6631775559,93392.66391709496,0.9320412132274954,0.915827368088968,135.39664374680896
565.069,1.22727,361.627,2011.51,133.098,500000,100000,1,1.22727,133.098,617.2776177697195,1.261666038772152,364.384056196978,1861.3712939379325,182.79373818329253,473970.4840435988,99808.82140413132,1.0411705945437932,1.1618384517121916,119.71969435576963
565.069,1.45455,361.369,2011.51,134.18,500000,100000,1,1.45455,134.18,621.0806297403252,1.4438394336195524,333.99209384550386,2205.6738189818866,95.95761168083648,492755.2843897012,90143.96883323936,1.0376502039602231,1.4512572937628858,135.2357153012317
565.069,1.68182,361.179,2011.51,134.978,500000,100000,1,1.68182,134.978,531.4773115681355,1.7885285379535716,394.02545967729344,2017.0414018121128,121.62482649749498,511135.95186889207,98113.52565878251,0.9289746745952574,1.74175126425704,123.9479698634644
565.069,1.90909,361.034,2011.51,135.591,500000,100000,1,1.90909,135.591,599.8865346310022,1.7503122531605313,361.0950624489044,1824.3714130727044,124.6963870803705,492654.08061117545,100912.0967657114,0.9172020580854932,1.8364233455800485,127.68369586607383
565.069,2.13636,360.918,2011.51,136.076,500000,100000,1,2.13636,136.076,542.5169245319187,2.051308931653546,463.8304344520952,1890.0590902602048,111.49493640323853,493986.3591648867,107424.93604881525,1.013387680878034,2.090838127932696,155.52800208849183
565.069,2.40909,360.808,2011.51,136.54,500000,100000,1,2.40909,136.54,587.1958491693854,2.511336211841315,350.6702158160184,1862.296866448898,175.12147377989825,505675.4202058189,103749.73038165527,1.0116405011614615,2.3228392359995644,131.07820790044093
565.069,2.63636,360.733,2011.51,136.855,500000,100000,1,2.63636,136.855,586.1467504544023,2.7110982043433425,398.1505494936586,2215.885529703941,145.56931308066876,420066.1681217201,103321.652679621,1.0082463910107529,2.726745484079084,148.45124049705018
565.069,2.86364,360.669,2011.51,137.121,500000,100000,1,2.86364,137.121,580.7730028787925,2.8817175683669265,391.50013836688,2116.3148923854005,137.52686229964817,490299.7747852173,103109.60442298996,1.1339633433437,2.6430391824573096,141.88354065911136
565.069,3.09091,360.615,2011.51,137.348,500000,100000,1,3.09091,137.348,585.80563314294,3.19430785424748,377.3536496645547,1797.4623737798502,113.44724972598031,482882.7422279676,111890.40972203658,0.9656493005568766,2.942329718950403,127.5183995082248
565.069,3.36364,360.56,2011.51,137.581,500000,100000,1,3.36364,137.581,604.3594793059923,3.431566707549667,390.133031879288,2170.044071713725,148.87771736716846,508957.7020383176,100185.43994862304,1.0442019553677189,3.4168779173325707,121.4617244229008
565.069,3.59091,360.52,2011.51,137.748,500000,100000,1,3.59091,137.748,625.9933165025822,3.591587578962133,338.556275089538,1945.512463508496,111.20161596369245,504381.3474111217,101107.801608435,1.0348499246868466,3.371535820351701,160.89099023128747
565.069,3.81818,360.485,2011.51,137.896,500000,100000,1,3.81818,137.896,487.5048163252949,3.907171682535661,405.8883654847784,1607.437570364462,143.8483946330168,468419.2310220841,96975.42768029642,0.9891824350157836,3.8047896143312174,130.0436081716254
565.069,4.04545,360.454,2011.51,138.027,500000,100000,1,4.04545,138.027,534.4982646112069,4.23404387106608,403.2802266448062,2470.346981822452,142.67533912779953,464279.6905821987,99864.89781492928,1.0357889687248416,3.8604253806891498,145.40328159186942
565.069,4.27273,360.426,2011.51,138.144,500000,100000,1,4.27273,138.144,572.67782896149,4.474138742568502,344.77172492392526,1559.3034038789065,162.02314039094017,466613.261263018,97003.94171617406,0.926944400386745,4.237187628790425,128.3924018167091
565.069,4.54545,360.396,2011.51,138.27,500000,100000,1,4.54545,138.27,587.6294176254947,4.496725291457308,336.6071346093461,2064.57902006116,127.61250015823931,497010.1461584675,100279.682510183,1.0770858860293897,4.441286661640508,121.88558264257088
565.069,4.77273,360.374,2011.51,138.364,500000,100000,1,4.77273,138.364,567.9824371583547,4.587881845445367,236.853105028004,2051.859599025069,168.69899881186308,491376.1465731893,91930.57698919107,0.9742368588568496,4.672282784043959,147.90210257359897
565.069,5.0,360.353,2011.51,138.449,500000,100000,1,5.0,138.449,555.9098852654313,5.1367421182818,328.7756617528865,1926.195243447804,149.2624275769204,495597.1101574528,106334.10878968722,1.0617993494319518,4.828457611821543,137.62948579518996
567.089,0.5,363.737,2011.51,124.228,500000,100000,1,0.5,124.228,504.78006762134805,0.4933879912807844,336.737977695429,1953.7588398826908,125.49720318190404,512480.9995725704,99765.05925049758,1.0966503321742709,0.4835456671991121,116.741576454144
567.089,0.727273,362.592,2011.51,129.042,500000,100000,1,0.727273,129.042,610.3192888520406,0.7278708521739902,380.552912962165,2018.3488723709008,121.64740586477316,541567.7068028008,107296.851247632,1.0190239592580446,0.7024794617473585,155.17531070450508
567.089,0.954545,361.961,2011.51,131.695,500000,100000,1,0.954545,131.695,570.71630546337,0.9377637443685342,435.4229680771701,2061.8039787436337,131.18011222272386,522444.6637256128,100211.79283348646,0.9501140325941992,0.943127810782776,137.16796821746968
567.089,1.22727,361.498,2011.51,133.639,500000,100000,1,1.22727,133.639,595.8798910138053,1.2447884301441083,375.2321830604096,1317.9327197580938,83.0748822511355,520590.42030253744,102356.65283550532,1.056894295903518,1.2439981305656382,152.57533863849648
567.089,1.45455,361.241,2011.51,134.721,500000,100000,1,1.45455,134.721,552.6312374081691,1.5990886976839942,332.47607273879566,1751.011124650818,143.5004735328039,531240.1623864357,98047.21816730213,1.0824816434431055,1.5275444695286138,133.4635263457207
567.089,1.68182,361.05,2011.51,135.52,500000,100000,1,1.68182,135.52,572.3335124346619,1.547488477326486,419.2610127415821,2211.4951823311385,127.7868005842219,477637.556956564,104132.98746725352,0.9639260358932242,1.738220061125733,116.764478407294
567.089,1.90909,360.904,2011.51,136.133,500000,100000,1,1.90909,136.133,564.3297958429894,2.094922917004767,403.8017249017519,1987.0273125581064,92.5578176229174,492506.7347473703,100260.58990131706,0.9583518554722216,1.7354144176597892,136.77884926488682
567.089,2.13636,360.789,2011.51,136.619,500000,100000,1,2.13636,136.619,564.9272845953341,2.133160304610056,421.4298974911224,2228.0070683319964,136.19590192552087,504192.0900526016,92340.74903505624,0.9734951713699804,2.274759611173082,158.97167784825564
567.089,2.40909,360.678,2011.51,137.084,500000,100000,1,2.40909,137.084,574.5882327118695,2.2226617992916933,346.17548894138173,2244.9191477062245,137.5516654881963,529974.5788142382,102166.85482888525,0.9959439058557792,2.373623987793152,119.2287966167392
567.089,2.63636,360.603,2011.51,137.399,500000,100000,1,2.63636,137.399,566.2719211110855,2.446165903846352,327.681267122018,1927.7337738845783,184.68890899344296,429963.9623698441,117680.24037246782,1.0555052864428318,2.57305093044716,118.42082837687325
567.089,2.86364,360.54,2011.51,137.665,500000,100000,1,2.86364,137.665,572.55749148851,2.9321240067638112,363.832484559354,1924.4256023420005,135.82940176077972,535084.4726494468,102569.96798730118,1.056565904701564,2.775891075101837,139.06607485772813
567.089,3.09091,360.486,2011.51,137.892,500000,100000,1,3.09091,137.892,514.8623975723896,2.9420055559430165,388.4386022238453,2321.6273298407827,154.47431144127205,500253.61490410194,95795.7926795554,1.054300452158842,3.01222924955012,131.91588080654438
567.089,3.36364,360.43,2011.51,138.125,500000,100000,1,3.36364,138.125,573.5262784704554,3.240193572050462,366.22396630718873,2284.6604782831178,97.79549393654582,470988.0303257232,103018.26377953029,1.0068737415438511,3.463762497719132,134.9319981761007
567.089,3.59091,360.391,2011.51,138.292,500000,100000,1,3.59091,138.292,540.8632372044787,3.456256346115385,354.60838718185687,2080.454500102781,119.97411364942327,501652.6868293646,94450.9896804619,0.9800261196550276,3.5122582632446115,150.8562332488813
567.089,3.81818,360.355,2011.51,138.44,500000,100000,1,3.81818,138.44,521.6883877573572,3.682214414546792,387.3047205124752,1903.9363050761283,137.82594864333106,468978.611451291,95662.03325355268,0.9696375845091024,3.712162425439728,168.93827722199032
567.089,4.04545,360.324,2011.51,138.571,500000,100000,1,4.04545,138.571,575.1391419193878,4.051763853088937,303.65659872924164,1985.0179512776465,126.70827930235536,509559.46292154334,103446.68533117892,0.990872058303682,4.024678235457242,119.33884446250852
567.089,4.27273,360.296,2011.51,138.689,500000,100000,1,4.27273,138.689,545.0971082049356,4.593767482179077,361.0395262944648,2393.6466027651177,133.64100031550552,544548.7628048426,102737.74559946197,0.9058075090966468,4.191778984873216,142.49831472688908
567.089,4.54545,360.266,2011.51,138.814,500000,100000,1,4.54545,138.814,575.4049186779966,4.588531743397458,377.0406156156756,2196.549882671187,95.31670483470629,513316.841432365,97666.11089902176,0.9155810841911716,4.173709668744785,141.47980771356515
567.089,4.77273,360.244,2011.51,138.908,500000,100000,1,4.77273,138.908,560.545185589511,4.615366675628804,423.0645110178703,2141.6385899051825,118.00872012598678,486742.118464034,105947.07235974248,1.0082482506148582,4.786699786680801,139.6398192946546
567.089,5.0,360.224,2011.51,138.994,500000,100000,1,5.0,138.994,524.8611637881431,4.97014420981604,341.56437220599054,2076.4613936216087,151.11576261604304,507013.6650554354,100995.6579581646,1.0164636473210855,5.446806508216314,139.9321153834976
569.11,0.5,363.611,2011.51,124.759,500000,100000,1,0.5,124.759,562.1100796494194,0.5008806326586953,373.9887084953668,2178.5050151764744,87.20101295898326,506664.6977732758,100092.2571228092,1.0057124349000903,0.5187667929650331,107.36953039652352
569.11,0.727273,362.464,2011.51,129.577,500000,100000,1,0.727273,129.577,546.0905279448499,0.7051410539744846,315.47616116698657,1814.7155419752107,165.17407010126675,548398.898497501,98751.00868458475,1.036860894299195,0.7683036584760004,149.45681901061133
569.11,0.954545,361.833,2011.51,132.232,500000,100000,1,0.954545,132.232,539.319318139833,0.9208816184170164,328.28118772016967,2051.9325803912016,141.71299236018493,529819.8029359877,102117.66734316158,0.904637900942717,0.9331449644834796,138.70823353823556
569.11,1.22727,361.37,2011.51,134.177,500000,100000,1,1.22727,134.177,576.4767737033629,1.2086742932203145,415.039066605758,2093.351085823163,123.26939625793058,512428.1282163888,93233.3319486366,1.0107721655650614,1.159868141199934,139.2610969159957
569.11,1.45455,361.112,2011.51,135.261,500000,100000,1,1.45455,135.261,575.8747751834288,1.4663766277640793,358.2166069858066,1867.2362904821568,135.53871020495626,532888.2862406893,98789.28479324628,0.8794114205860569,1.4104305414525071,141.20616608218555
569.11,1.68182,360.922,2011.51,136.06,500000,100000,1,1.68182,136.06,569.1721351690633,1.754815583928668,361.85612973746,2003.9618026916253,135.15882729802334,502376.6001859888,97712.0399454676,1.005319113212085,1.6654322413289566,149.25673206031138
569.11,1.90909,360.776,2011.51,136.674,500000,100000,1,1.90909,136.674,602.02110918694,1.9110652001500616,341.7026894685161,2073.890312712375,119.26430151597532,494971.056246034,100747.7486953496,0.9891676509228454,1.877142583196686,150.05146793150166
569.11,2.13636,360.66,2011.51,137.16,500000,100000,1,2.13636,137.16,581.0190410380936,2.3885447118287173,404.4217317963195,1818.9708245111128,109.49422493413142,558548.0437070171,91109.68283241308,1.0327120019378595,2.003181682718392,162.627330555092
569.11,2.40909,360.549,2011.51,137.625,500000,100000,1,2.40909,137.625,527.556364054904,2.2899149350871824,350.123067835022,1840.615350836302,142.18999101324349,514000.2590368412,87308.47205759154,0.9660598763975564,2.6103739298826105,153.16506222607384
569.11,2.63636,360.474,2011.51,137.941,500000,100000,1,2.63636,137.941,536.1870873558427,2.757474990919011,363.85059717118014,2047.1978562659424,129.2834198912932,492247.9356797765,96125.09413335692,0.9541898383617876,2.521816728744889,119.1548266478415
569.11,2.86364,360.411,2011.51,138.207,500000,100000,1,2.86364,138.207,538.5018276646348,2.8711388479375044,325.46267836208284,1773.787678132272,140.64111080939747,535224.540825686,94713.03152320308,1.1257627019176542,2.6796868953920714,148.2075589279573
569.11,3.09091,360.357,2011.51,138.434,500000,100000,1,3.09091,138.434,555.0044394372379,3.2710058273947618,368.06838369874,2201.7523170066124,110.54402733949566,469135.51126131485,98726.25134049666,1.0062947853116009,3.082549741238131,125.40440544364412
569.11,3.36364,360.301,2011.51,138.667,500000,100000,1,3.36364,138.667,578.3654216518719,3.428408239059079,383.7578150172863,1746.915126218742,148.07454404403364,467627.9633688354,102055.84425389596,0.986036155833198,3.5181167711068264,134.51560337640797
569.11,3.59091,360.261,2011.51,138.835,500000,100000,1,3.59091,138.835,589.1214393053842,3.763041679377594,452.7171427625652,2256.34782562434,136.20402528041933,473928.8906032471,107082.0444791264,1.0363881317244572,3.89690855610321,171.89185125263845
569.11,3.81818,360.226,2011.51,138.983,500000,100000,1,3.81818,138.983,563.0645805734487,3.7771227217576566,360.6556673296952,1918.2593183935976,102.07637401942608,507507.5566502806,99692.19667081036,0.9310319359724551,3.942276611300618,138.84502986226775
569.11,4.04545,360.195,2011.51,139.114,500000,100000,1,4.04545,139.114,592.9270018006786,3.963915514820732,359.6418940125512,1969.388363369348,138.52003217194098,492078.0794826177,101421.45919618098,0.95123252594398,4.035392043179081,143.25790941967512
569.11,4.27273,360.167,2011.51,139.232,500000,100000,1,4.27273,139.232,578.3081603448613,4.108432826690553,379.5818139759246,1912.1480237008152,137.50848977344904,483107.5008955468,96406.53499510036,1.0397013720603296,4.421333072876823,118.08076206646876
569.11,4.54545,360.137,2011.51,139.357,500000,100000,1,4.54545,139.357,552.0114549674919,4.562766442103705,273.8283859067003,1954.722130966897,100.11216408331492,531913.2045862823,98644.34085044234,0.9993271042286496,4.526757758466209,127.8955835166784
569.11,4.77273,360.115,2011.51,139.451,500000,100000,1,4.77273,139.451,552.2979684958843,4.733817626920434,419.5604546160597,2280.7511602562963,100.5814364740494,530472.3460948179,99974.79911434582,1.005752498300179,4.987763319373607,136.71155341326678
569.11,5.0,360.094,2011.51,139.537,500000,100000,1,5.0,139.537,535.4447101208103,4.992151015733494,352.7462658293301,1903.813009706432,147.48374351756323,521277.2471348384,100921.84166607972,0.9958246701461724,4.864641674119509,130.5109501050165
571.13,0.5,363.485,2011.51,125.288,500000,100000,1,0.5,125.288,597.7963574322107,0.5477194068344434,394.5414048481284,1786.2140293060406,117.66395813244044,499633.8308967387,101156.53767674656,1.0212221559904564,0.4954656691551444,126.5477217831804
571.13,0.727273,362.338,2011.51,130.11,500000,100000,1,0.727273,130.11,533.6768947338644,0.7155418038625614,282.7255678169029,2147.063201721607,104.22212474850568,556827.9626227898,99168.1385113504,0.9558244794799132,0.707600545542068,138.31317477548248
571.13,0.954545,361.705,2011.51,132.768,500000,100000,1,0.954545,132.768,555.0467012298119,1.0491648966193745,305.9782995312453,1877.460215686745,119.96904155258426,533321.9788356583,93797.13215376792,1.0260738982120747,0.9482419659851716,132.52696763485764
571.13,1.22727,361.242,2011.51,134.715,500000,100000,1,1.22727,134.715,574.3942579067364,1.240173796836585,329.4744932788637,2249.487158058996,134.24177386620326,508956.3892936502,91492.45094629272,1.056466769434249,1.2231580576687806,125.81726718707245
571.13,1.45455,360.984,2011.51,135.799,500000,100000,1,1.45455,135.799,582.4064332692586,1.4373553325671464,330.8588148791235,1628.2087460556625,156.36533979835377,528300.6449337761,99044.4210898111,0.9859736300627392,1.517506227731897,134.8953031183282
571.13,1.68182,360.794,2011.51,136.599,500000,100000,1,1.68182,136.599,522.9256477924926,1.5808088128464468,387.247548572229,2280.751202365423,116.35760592926414,504754.8697058281,90672.00923333588,1.0906430884905138,1.7177544250943997,142.4817267898582
571.13,1.90909,360.647,2011.51,137.213,500000,100000,1,1.90909,137.213,547.8654291433185,1.936426114905628,358.7362366580874,2050.9550956239505,153.24929885734358,541596.8138447653,109637.71694939662,0.994213698228858,1.7099119184584397,125.9303073128574
571.13,2.13636,360.532,2011.51,137.7,500000,100000,1,2.13636,137.7,600.3939619373732,2.1266480216519223,384.9590462488043,2192.159829392778,123.82227761816652,493074.93243652745,90568.89887012854,1.0175936435758812,2.076138514166252,133.22256644503324
571.13,2.40909,360.421,2011.51,138.165,500000,100000,1,2.40909,138.165,555.5041176807772,2.5236822934027425,279.3936425122592,2029.2472543738456,106.24697281777566,504965.4109212014,93747.53907455596,1.0209527721043603,2.339144320618671,149.23576140502084
571.13,2.63636,360.346,2011.51,138.481,500000,100000,1,2.63636,138.481,578.2962828229635,2.865976744309195,362.5934592713827,2365.4608388648994,138.42244126231793,492709.6662507494,106397.60146104368,1.0328095978201857,2.8003092675082293,159.9030335178932
571.13,2.86364,360.282,2011.51,138.747,500000,100000,1,2.86364,138.747,590.7418637443291,2.3861433919071726,356.5601866504826,2103.3953965916644,135.9501595311489,531369.872726359,105252.17892491394,0.9914227488725964,2.941668196483935,114.48929370744952
571.13,3.09091,360.228,2011.51,138.975,500000,100000,1,3.09091,138.975,560.1416865779504,3.093288078849631,323.41329151488594,2073.2162544081148,120.80771157286516,502271.8473256766,104033.46034135848,1.0163518982995432,3.026270957654442,141.64408467412755
571.13,3.36364,360.173,2011.51,139.208,500000,100000,1,3.36364,139.208,540.4834419386043,3.1390387760173084,400.9189070958541,2093.669362349004,155.87826458074505,504070.3145516177,93583.6546305131,1.0247890525122965,3.6381437783083626,147.95323883046444
571.13,3.59091,360.133,2011.51,139.376,500000,100000,1,3.59091,139.376,581.9728938381618,3.762123682214177,384.0009391001398,2039.5050071079247,138.32325925662818,468444.4164968932,99891.19632672964,0.9635146303676324,3.836119050829296,153.65171514578506
571.13,3.81818,360.097,2011.51,139.524,500000,100000,1,3.81818,139.524,610.8473382185064,3.7942463140702016,399.58097193027913,2020.0048958357288,89.20751426046039,450598.01621768414,88752.71847926409,1.1477665733633076,3.4693021511347166,147.9575632046511
571.13,4.04545,360.066,2011.51,139.655,500000,100000,1,4.04545,139.655,539.4478324309,4.005275501194066,341.93671035524574,2259.972660810053,150.38056146351266,489125.6633896042,105598.01044171708,0.911757880095878,4.012880219267356,129.55100267733334
571.13,4.27273,360.038,2011.51,139.773,500000,100000,1,4.27273,139.773,583.9146384313092,4.587778461600303,358.74684420553854,1973.9526001327813,100.46212073338047,490185.16617731226,90562.03132147876,0.9695587357819296,4.443206817230816,159.1364331790335
571.13,4.54545,360.008,2011.51,139.899,500000,100000,1,4.54545,139.899,539.1681304580262,4.467798876828528,351.9587116978343,1950.5005351627733,87.5188865775603,515304.24630688806,106604.73164412152,1.0082455544334232,4.028656664490651,151.9390889635982
571.13,4.77273,359.986,2011.51,139.993,500000,100000,1,4.77273,139.993,567.2342608655972,5.056021892569268,350.63098030125053,1784.9379703629186,155.98642993598435,537477.8773949341,104276.54676474923,0.942599197696896,5.082147478677709,137.02973519279314
571.13,5.0,359.965,2011.51,140.078,500000,100000,1,5.0,140.078,598.1621057218381,5.148957966127637,351.8560213573376,2078.683566460366,150.3692411775479,477835.1044231153,100731.39126685153,1.0180314614415291,4.823666402051692,162.5739553016548
573.15,0.5,363.359,2011.51,125.816,500000,100000,1,0.5,125.816,599.9348672754993,0.5030310932955094,361.4115375080572,2061.17227549421,127.19911445163255,490465.3784155229,97009.95981804428,0.951787883676954,0.4758571866330225,106.57581556840282
573.15,0.727273,362.211,2011.51,130.642,500000,100000,1,0.727273,130.642,537.0912813839069,0.670005065343636,339.2825430405909,2306.464909033473,132.43053163449463,531662.034058382,86052.16100951775,0.9239007349273414,0.6773098393002304,133.54977439248802
573.15,0.954545,361.578,2011.51,133.302,500000,100000,1,0.954545,133.302,579.4070427407962,0.9271464698993598,347.00521467133586,1935.352524925789,173.4803996171164,505111.6087974125,104978.52626062556,1.0393666114035751,0.9672890125463508,137.94413405515854
573.15,1.22727,361.115,2011.51,135.25,500000,100000,1,1.22727,135.25,610.8634826305829,1.306403978077844,365.57462331230914,1871.952477953943,128.49935884911943,511842.2187987433,95176.97210043088,1.1196751147873978,1.206251446030186,110.20924505367807
573.15,1.45455,360.856,2011.51,136.335,500000,100000,1,1.45455,136.335,579.6533021794556,1.4979198507205762,324.14558184196693,2215.063327885766,122.10999013353324,521242.7026511617,99900.4383964236,1.0019032943449635,1.4410952676477515,143.7865585190591
573.15,1.68182,360.666,2011.51,137.136,500000,100000,1,1.68182,137.136,549.2389382056525,1.6259343417329148,379.1420298345474,1892.675762660079,154.83451773353875,529383.5994504017,100754.74907853488,1.0464902035260772,1.780663720792171,128.84347798108178
573.15,1.90909,360.519,2011.51,137.751,500000,100000,1,1.90909,137.751,548.9046180816736,1.832410172757177,344.8427462434815,1590.4945005342938,139.82681323756472,496282.63442082633,99031.55600912914,0.9886795614481372,1.7893962285227083,141.11202862874853
573.15,2.13636,360.403,2011.51,138.238,500000,100000,1,2.13636,138.238,582.092920539959,1.9763165336915591,372.4088188688141,1768.404003931,139.49033326990897,479749.9348139546,102770.1083040858,1.1110524391600287,2.001262205488941,133.1472123132501
573.15,2.40909,360.293,2011.51,138.704,500000,100000,1,2.40909,138.704,631.1004542732541,2.5247336526317343,293.7253533389471,1931.776987557835,125.71090684218176,564871.4552720704,96696.28947128596,1.0693509288121916,2.262500645857441,142.28969290729884
573.15,2.63636,360.217,2011.51,139.02,500000,100000,1,2.63636,139.02,555.5532013853978,2.666863522412686,376.959559771304,1972.185455606468,153.30904492741516,526042.3100247099,99646.74808820398,1.0263451282775102,2.5684529557368494,158.1278627565907
573.15,2.86364,360.154,2011.51,139.286,500000,100000,1,2.86364,139.286,547.6492734767542,2.8100650777806746,400.6817613372721,2191.090118604319,143.89661077621892,517141.64718982985,96184.82341699868,0.993522050914164,2.682062179860603,139.99708040518706
573.15,3.09091,360.1,2011.51,139.514,500000,100000,1,3.09091,139.514,543.5010089725723,2.686701041841725,357.6086618434207,2062.926079603162,140.4867992796353,509449.3921033122,95578.15317019873,1.031121837735801,2.944917614464871,143.74963918525293
573.15,3.36364,360.044,2011.51,139.748,500000,100000,1,3.36364,139.748,566.4296003115566,3.2411145565393187,359.60552046295066,2001.016324136824,122.48912176181484,507271.1435657325,112490.24305408652,0.9860619915182148,3.3791587801763856,158.35665743953172
573.15,3.59091,360.004,2011.51,139.915,500000,100000,1,3.59091,139.915,574.9664095745154,3.8250147354683226,384.2194930917378,2135.594605653137,169.68105589356549,492395.9917668136,92736.28568855111,0.9865570761240304,3.737900980629492,149.2122723209324
573.15,3.81818,359.969,2011.51,140.063,500000,100000,1,3.81818,140.063,590.4528674637139,3.626180340620517,410.58313525693984,1896.0059876335952,112.46626965977732,496872.9356342362,97226.9388239992,1.010506336776105,3.831706928661669,150.68428395028718
573.15,4.04545,359.938,2011.51,140.195,500000,100000,1,4.04545,140.195,544.1289634677674,4.1898190072189525,320.8399763839517,1840.2526586231209,172.3091147623636,459075.4178969224,109540.98901875615,1.034580880380658,4.581876138229737,121.79197745984332
573.15,4.27273,359.91,2011.51,140.313,500000,100000,1,4.27273,140.313,580.1393046594881,4.288988253895892,351.511828758735,1962.9719709896583,143.3295203275772,537798.2938550042,98144.84515221408,1.092457645671416,4.560662716384538,159.62203316917288
573.15,4.54545,359.88,2011.51,140.439,500000,100000,1,4.54545,140.439,551.0604083806767,4.451644617846033,417.5674809170169,2166.957761071124,152.6117861579091,506869.2216661203,101076.92005461433,0.9798258685642762,4.286332096106898,132.14194236367922
573.15,4.77273,359.857,2011.51,140.533,500000,100000,1,4.77273,140.533,607.3732015469734,5.000052864750899,314.471538075963,1815.0176741780824,88.14983266045238,513343.5667666917,93350.98428773171,1.0427670680302783,4.293270187441338,159.01902542803586
573.15,5.0,359.837,2011.51,140.618,500000,100000,1,5.0,140.618,591.6165621072704,4.595020049202891,351.6008992926473,2083.114604065432,172.59054784559126,499840.0603509827,92569.80944115372,0.9503255983710608,4.950894518495819,142.30630106128095
